fold,idx,y_true,y_pred,y_proba
0,8,0,0,0.1991917896630232
0,11,1,1,0.6477164809628819
0,20,1,1,0.9943815007943315
0,22,1,0,0.42168325395601136
0,24,0,0,0.0015993812458794721
0,26,0,0,5.98590039397583e-05
0,27,0,0,0.10648610137075233
0,45,0,0,0.006723080955053061
0,47,1,1,0.870851465365605
0,48,0,0,0.0030419555093292618
0,50,0,0,0.0008248924235715013
0,53,0,1,0.9606270736426871
0,55,0,0,0.004324206613024977
0,56,0,0,0.4150903600199539
0,62,1,1,0.645542552782414
0,63,0,0,0.24195702482019707
0,64,0,0,0.4374439469138993
0,65,0,0,0.14357147015677457
0,69,0,0,0.0033275419673691876
0,75,0,0,0.04126237814022674
0,79,0,0,0.003171446233553762
0,88,0,0,0.08615604758823411
0,90,0,0,0.003531296321999533
0,104,0,0,0.07432292389811744
0,132,0,0,0.10796493104971248
0,150,0,1,0.9310043321210885
0,152,0,0,0.0004563874842942027
0,156,1,0,0.023251821417058963
0,159,0,0,0.0062846903158949195
0,160,0,0,0.005790899358457393
0,166,1,1,0.6171755126532754
0,169,0,0,0.011099413766840805
0,170,0,0,0.00010288987806309861
0,172,0,0,0.012968691849523407
0,173,1,1,0.9293231998682598
0,174,1,1,0.7437047125078458
0,179,0,1,0.5144865437083604
0,180,0,0,0.010231425124814545
0,181,0,0,0.20173314100105963
0,184,0,0,0.07637233476008126
0,189,0,0,0.0035073504932425998
0,205,0,0,0.0013069634542666852
0,213,0,0,0.006025006619933506
0,215,1,1,0.8676207857100067
0,223,0,0,0.014682987347258604
0,226,0,0,0.05042483437797657
0,229,0,0,0.039807941739367254
0,244,0,0,0.0011795856820642292
0,246,0,0,0.04802686856941601
0,249,0,0,0.264021655438139
0,253,0,0,0.0034811708422495783
0,263,0,1,0.9454129513472702
0,264,0,0,0.0017502520660723148
0,265,1,1,0.9495275928808542
0,272,0,0,0.00028628203613650244
0,277,0,1,0.5401403998981574
0,283,1,0,0.48002081299210736
0,285,0,1,0.8932018558370739
0,289,0,0,0.00647910221153245
0,290,0,0,0.018778798471100838
0,291,0,0,0.0039027922471043456
0,298,1,1,0.9447895692942969
0,304,0,0,0.0005793403220978549
0,315,0,0,0.0015990976477730401
0,317,0,0,0.000100616083217258
0,320,0,0,0.0008300513354729956
0,322,0,0,0.12602976922861545
0,324,1,1,0.854547509866359
0,326,1,1,0.7303884401201666
0,331,0,0,0.006075022844693021
0,334,1,0,0.19578465750819515
0,339,0,0,0.1796144534489458
0,340,0,0,0.0022429645215187085
0,343,0,0,0.001107704966421288
0,348,0,0,0.001036112699124604
0,350,0,0,0.0034970113364889157
0,354,0,0,0.0011622595374604985
0,355,0,0,0.02939271032291875
0,356,0,0,5.489045350255073e-05
0,358,0,1,0.8544735422482594
0,378,1,1,0.9012914650113263
0,379,0,0,0.00220435186233348
0,385,1,1,0.9783560507208335
0,388,0,0,0.00019375483800604116
0,389,1,1,0.9007033305133928
0,390,0,0,0.012856849682125906
0,394,0,0,0.18770174820060304
0,396,0,0,0.0026177806325639904
0,399,1,1,0.8293105874744847
0,402,1,1,0.7723409773291662
0,404,1,1,0.5557750987224862
0,406,0,0,0.006701906226349177
0,414,0,0,0.0036066668091041744
0,419,0,0,0.06057040947021338
0,420,0,1,0.5476131401620481
0,427,0,0,0.05613873427528266
0,432,0,0,0.34746375159940357
0,434,0,0,0.14886000124081875
0,436,0,0,0.026800978603731672
0,437,0,0,0.06471123496442827
0,446,0,0,0.007491224096696268
0,448,0,0,0.0010432262404443833
0,465,0,0,0.003545351244034038
0,479,0,0,0.00016972314320398541
0,483,0,0,0.0638530015256463
0,484,1,1,0.515976070552838
0,505,0,0,0.042040862827800916
0,506,0,0,0.1392477970697226
0,525,0,1,0.5902739559283681
0,528,0,0,0.08700327828403114
0,538,1,0,0.16900201325870653
0,544,1,1,0.8725882934662976
0,547,0,0,0.0002742807353966357
0,549,1,1,0.8835633993528167
0,568,0,0,7.475609877223219e-05
0,577,0,0,0.00676103551813126
0,579,0,0,0.010817501242902539
0,581,1,1,0.875356169312412
0,596,0,0,0.0017169369913529276
0,598,0,0,0.0069489659531659686
0,599,0,0,0.0007622483401842632
0,603,0,0,0.012737594172466702
0,607,1,0,0.00339839602655003
0,613,1,1,0.8505591432710043
0,617,0,0,0.0012737746942978665
0,620,1,1,0.9961821240439193
0,630,0,1,0.5881676032686227
0,632,1,0,0.23484085252558654
0,633,0,0,0.0044280071351546725
0,638,0,0,0.04249938503637978
0,642,1,0,0.02367667647085614
0,643,0,0,0.0283775680716485
0,652,0,0,0.004612649151383003
0,657,1,1,0.8080475068973968
0,660,0,0,0.2611421246986944
0,675,1,1,0.9580769512135692
0,676,0,0,0.0008965864783440153
0,677,1,1,0.9152632832731935
0,690,0,0,0.02742166830092387
0,696,1,1,0.8438298707914591
0,698,0,0,0.006863340903153026
0,708,0,0,0.0016251397999457306
0,712,0,0,7.969144345253838e-05
0,718,0,0,0.0003839841435483886
0,720,0,0,0.4076907668952553
0,728,0,0,0.009716433760237122
0,733,1,1,0.8294123024670318
0,734,0,0,0.06333183973039862
0,736,0,0,0.021920267362794836
0,752,0,0,0.05283835740059494
0,753,0,0,0.14661982125146544
0,765,1,1,0.8653851130572682
0,773,1,1,0.8383091955407826
0,774,0,0,0.05851905563474333
0,782,1,1,0.9634250794189502
0,783,0,0,0.19662087817673987
0,793,0,0,0.001818895839209002
0,797,1,1,0.9924742568055659
0,803,1,1,0.9967034264806967
0,805,0,0,0.25530593655177947
0,816,0,0,0.0017655593027313724
0,817,0,1,0.8886819830386974
0,818,0,0,0.18093655495340122
0,819,0,1,0.7925225548955273
0,823,1,1,0.7726646887547017
0,824,1,0,0.39427638268642723
0,829,0,0,0.036770975502048726
0,834,0,0,0.0015884819126080203
0,836,0,1,0.9102366752378792
0,846,0,0,0.4005780508923923
0,849,0,0,0.16631655948292506
0,859,0,0,0.026233224704132842
0,861,0,0,0.0005568632161040772
0,866,0,0,0.09546425931321938
0,877,0,0,0.006090625996424409
0,880,0,0,4.585510301657352e-05
0,897,0,0,0.2634039301870091
0,899,0,0,0.40352258932837315
0,907,0,0,0.00013925302488875153
0,914,0,0,0.006378586642983487
0,915,0,0,0.10012303763112831
0,930,0,0,0.413436605189758
0,934,1,1,0.8395520317191009
0,936,0,0,0.007163194704814212
0,938,0,0,0.0012158680340701737
0,940,0,0,0.007245748132918167
0,945,0,1,0.7652790721935409
0,948,0,0,0.045353486524650245
0,958,1,1,0.9988132500468468
0,959,0,0,0.0525335780746575
0,973,1,1,0.8987369724849746
0,978,0,1,0.9240312400304749
0,980,0,1,0.7137353194168014
0,990,0,0,0.0001773260265771091
0,992,1,0,0.15470050092363366
0,998,0,0,8.164458564750917e-05
0,999,1,1,0.8738544958977805
0,1001,0,0,0.025170574406337704
0,1014,0,0,0.018328894696385885
0,1019,0,0,0.006540928873225872
0,1026,0,0,0.0002445636806007015
0,1029,0,0,0.3624787330953124
0,1041,0,0,0.0001500776394815299
0,1042,0,0,0.00036274430991532655
0,1044,1,0,0.05986326656445711
0,1045,0,0,0.004462447670060153
0,1052,1,1,0.8430604479974658
0,1062,0,0,0.004025942451830351
0,1065,0,0,0.16378125259543802
0,1073,0,0,0.0032940592887408817
0,1079,0,0,0.008506978198574273
0,1081,0,0,0.16062292814262485
0,1089,1,0,0.3245000157536791
0,1105,0,0,0.00039065999886742244
0,1106,0,0,1.6644547910559458e-05
0,1110,0,0,0.020460126572388583
0,1111,0,0,0.31217391468594313
0,1113,0,0,0.00034764089394701583
0,1115,1,1,0.9993281705090109
0,1117,0,0,0.0006594792571701535
0,1121,0,0,0.005504228038182179
0,1124,0,0,0.2517340094849934
0,1125,0,0,0.36809347037790097
0,1135,1,1,0.8648100397001189
0,1161,1,1,0.7504021254857057
0,1162,1,0,0.29240933903921407
0,1166,0,0,0.00446804874352259
0,1167,0,0,0.27483474687333775
0,1168,0,0,0.46300593297304865
0,1169,0,0,0.14862179933524786
0,1170,0,0,0.0015164851877095414
0,1172,0,0,0.024205157847390704
0,1184,0,1,0.7350504274669064
0,1201,0,0,0.2580060239603928
0,1211,0,0,0.023091731165175388
0,1215,0,0,0.15563489461332033
0,1220,1,0,0.4580055108678987
0,1237,1,0,0.046644850577088885
0,1244,0,0,0.0006542653257160058
0,1255,0,0,0.0003622086525746442
0,1261,0,0,0.006746282194749439
0,1263,0,0,0.15801319999402788
0,1266,0,0,0.0013501314898507204
0,1269,0,0,0.00045494723690992753
0,1271,0,0,0.00430552448407862
0,1280,0,0,0.0010730317617333185
0,1282,0,0,0.44515909677270654
0,1284,1,1,0.9450911216990895
0,1290,0,0,0.004618747073536632
0,1301,0,1,0.6623203133203183
0,1305,0,0,0.0021935888133226104
0,1308,0,0,0.021605923598139776
0,1313,1,1,0.8201146664225676
0,1314,0,0,0.0043420223071031425
0,1315,1,0,0.3549265567161392
0,1320,0,1,0.9769671598209941
0,1325,1,1,0.5001155773600972
0,1334,0,0,0.053928294935312815
0,1337,0,0,0.05274518989512817
0,1339,1,0,0.3148222589268472
0,1341,0,0,0.0003197716697564768
0,1342,1,1,0.99580444161817
0,1343,0,0,0.0007781271234144382
0,1349,0,0,0.0002448896578054306
0,1350,0,0,0.0003772187464621109
0,1365,0,0,0.03533518630294245
0,1367,1,1,0.9464724810718099
0,1371,1,1,0.9186924801039219
0,1380,0,0,0.0005601168535904114
0,1382,0,0,0.001081675774259155
0,1385,0,0,0.19662205678056058
0,1388,0,0,0.005765986761087866
0,1393,0,1,0.7528238897671409
0,1395,1,0,0.2559472216565732
0,1407,0,0,0.30366696201754645
0,1411,0,0,0.1188174761269266
0,1412,0,0,0.1463099691462768
0,1415,0,0,0.005428223040940804
0,1423,0,0,0.0002611910463181871
0,1425,0,0,0.123583288199627
0,1428,0,1,0.7906679652239137
0,1430,1,1,0.9960607297166553
0,1435,0,0,0.0004501799508229546
0,1436,1,1,0.8509277454788335
0,1444,0,0,1.3268575903418608e-05
0,1450,0,0,0.20524684671253446
0,1453,0,0,0.01850279156515093
0,1454,0,0,0.00037506251519575624
0,1456,1,1,0.8038695017803508
0,1463,0,0,0.00044915956818859153
0,1465,0,0,0.06654189107726437
0,1468,1,1,0.9940497515209505
0,1472,0,1,0.601709061319123
0,1485,0,0,0.00027753538749308014
0,1489,1,1,0.9924155935871951
0,1490,0,0,0.0021450478306797435
0,1495,0,0,0.007390855509644533
0,1501,1,0,0.05705759566354607
0,1508,0,1,0.9134165216026083
0,1511,0,1,0.7092458233085464
0,1526,0,0,0.004955104378006935
0,1533,1,0,0.42716065834563843
0,1535,0,0,0.00613175015061958
0,1539,1,1,0.9989521442454823
0,1557,0,0,0.026476257593646295
0,1560,0,0,0.060164544159408355
0,1565,0,0,0.006278284959703561
0,1567,1,1,0.8437756308462263
0,1572,0,0,0.12510918691016348
0,1603,0,0,0.036199204528220404
0,1617,0,1,0.6100259774098221
0,1622,0,0,0.008453408725535932
0,1623,0,0,0.06408214948392654
0,1637,0,0,0.10197360693658189
0,1649,0,0,0.0034752491612767503
0,1651,1,1,0.6532917411738868
0,1661,0,1,0.7148493095485626
0,1665,1,0,0.024407806844923476
0,1675,0,0,0.001075726222993395
0,1679,0,0,4.198804401040235e-05
0,1684,0,0,0.018639722742815987
0,1686,1,0,0.3258149734793845
0,1687,1,1,0.7169513844209663
0,1688,0,0,0.3863578219147024
0,1692,0,0,0.03254014083336947
0,1695,0,0,0.014912923225037266
0,1696,0,1,0.6469730859222446
0,1713,0,0,0.06103852707380524
0,1716,0,0,0.03311661346263634
0,1718,0,0,0.04760688299061388
0,1747,1,1,0.9103534656602055
0,1750,0,0,0.0020977748745867244
0,1753,0,0,1.8708665367912308e-05
0,1761,0,0,0.0719841602836017
0,1762,0,0,0.03967311795089314
0,1772,0,0,0.013706985436726273
0,1782,1,1,0.9322773190123971
0,1787,0,1,0.6851607354006294
0,1788,0,0,0.011527109006547687
0,1799,0,0,0.0003490292199430919
0,1803,0,0,0.045758383251340164
0,1807,1,1,0.991045656603511
0,1821,1,0,0.009498110579336616
0,1825,0,0,0.45775528550992634
0,1835,0,0,0.014270383411767791
0,1844,0,0,0.058815257816792726
0,1845,0,0,0.0027877914960572833
0,1849,1,1,0.6100982570585997
0,1859,0,0,0.10365745669105403
0,1860,1,1,0.980528275067912
0,1863,1,1,0.9163759347269255
0,1865,0,0,0.04598512414015151
0,1870,0,0,0.4534548534539349
0,1872,0,0,0.0007641378385077854
0,1880,1,0,0.2271909322711847
0,1884,1,0,0.0010864022195174459
0,1887,0,0,0.001614832065028437
0,1888,0,0,0.10925883626385019
0,1891,0,0,0.1927685873084047
0,1897,0,0,0.00047334299700531676
0,1913,0,0,0.0001308540096130779
0,1915,0,0,0.027776641024673688
0,1923,0,0,0.1032092047530469
0,1924,0,0,0.030562979953816453
0,1925,1,1,0.5615570320640554
0,1929,0,0,0.00023328018342440475
0,1931,0,0,0.038596698507322
0,1936,1,0,0.34418972330629616
0,1949,0,0,3.921470912586083e-05
0,1959,0,0,0.19799469196443686
0,1962,0,0,0.0004609271220187314
0,1963,0,0,0.03205107314623139
0,1965,0,0,0.0005263166697983301
0,1970,1,0,0.30057475159227504
0,1976,0,0,0.007943862434319847
0,1979,0,0,0.48005224113726436
0,1983,1,1,0.918525272848662
0,1989,0,0,0.008610314097723596
0,1993,0,0,0.02818473519050249
0,1996,0,0,0.03910226662936723
0,1997,0,0,0.003300130747131675
0,1999,0,0,0.0012372396690064778
0,2005,0,0,0.06369664382109426
0,2014,1,1,0.5920458792783501
0,2024,0,1,0.6150620349932461
0,2032,0,1,0.6681574036742632
0,2036,0,0,0.4363376755553517
0,2043,0,1,0.5761413227200364
0,2052,0,0,0.03171667862887305
0,2055,0,1,0.6162493951544205
0,2058,1,0,0.00494056433470769
0,2059,0,0,0.001896759178331237
0,2064,0,0,0.0006226038688848623
0,2065,0,0,0.009579883712313853
0,2066,0,0,8.610440319563582e-05
0,2069,0,0,0.0011341849172189253
0,2074,1,1,0.8624273512813535
0,2084,0,0,0.04612658188105615
0,2085,0,0,0.48763709746777395
0,2090,1,1,0.5623128367100586
0,2108,0,0,0.002302254864548882
0,2110,0,0,0.24277979079275389
0,2117,0,0,0.13854572819260041
0,2126,1,1,0.9849542971204562
0,2129,0,0,0.030369963582424407
0,2137,0,0,0.008760988620827609
0,2144,0,0,0.0191842661503721
0,2146,0,0,0.17048154689456924
0,2148,0,0,0.013021688717299043
0,2155,0,0,0.009192312271141503
0,2156,0,0,0.0007740655072628669
0,2162,0,0,0.2000353043553058
0,2168,0,0,0.08671174062263495
0,2170,0,0,0.009229143880930973
0,2178,0,0,0.007342095280920637
0,2179,0,0,0.02215799161315921
0,2182,0,0,4.2693960792489425e-05
0,2183,0,0,0.22792021409875932
0,2184,0,0,0.02462002591253544
0,2186,1,0,0.3163598310404141
0,2191,0,0,0.16094925824839804
0,2200,0,0,0.08473199469769971
0,2223,0,0,9.859773280426424e-05
0,2226,0,0,0.0008023244506909338
0,2233,0,0,0.18681770484735552
0,2236,0,0,0.1626371021750477
0,2238,0,0,0.03746261669637567
0,2244,1,1,0.6112899725367571
0,2245,0,1,0.7781160545195855
0,2254,0,0,0.030295569193560176
0,2255,0,1,0.9511844746684196
0,2257,0,0,0.005957957221146042
0,2260,1,1,0.9818629071204407
0,2262,1,1,0.7043552832982652
0,2273,0,0,0.02191612746495435
0,2285,1,1,0.9854548749721892
0,2288,0,0,0.028633818189844056
0,2289,1,1,0.6752191499940056
0,2294,1,1,0.995360318943077
0,2297,0,0,0.008961468406491745
0,2299,0,0,2.4878908758814386e-05
0,2304,1,1,0.7743320505292336
0,2306,0,0,0.00038406169699769615
0,2308,0,0,0.3685172529664338
0,2318,0,0,0.03010477781626523
0,2319,1,1,0.6315245111947264
0,2329,0,0,6.844511407963841e-05
0,2346,0,0,0.00028419993259091043
0,2349,0,0,0.07741952725457299
0,2355,1,1,0.7246850873890571
0,2364,1,1,0.8904200612618829
0,2385,1,0,0.4796958957622939
0,2386,1,1,0.5779115932808153
0,2399,0,0,0.0007651549765417345
0,2402,0,0,0.008702545429758108
0,2403,0,0,0.03580652334850146
0,2410,0,0,0.004189229512388233
0,2414,0,0,0.0019887862641291506
0,2420,0,0,0.199918914997291
0,2421,0,0,0.0008076607831548609
0,2424,0,0,0.033508117675564435
0,2426,0,0,0.005136207876637025
0,2430,0,0,0.0016957892724010785
0,2431,0,0,0.0040765955055944054
0,2437,1,1,0.9914074560840631
0,2439,0,0,0.0024517696776055918
0,2453,0,0,0.15467949673388912
0,2456,0,0,0.00011737630919768911
0,2464,0,0,0.048788115403668016
0,2470,0,0,0.024740117442985227
0,2475,1,1,0.9156594589893919
0,2478,0,0,0.0009173793789065886
0,2484,1,1,0.9448093786752303
0,2490,0,0,0.3699259117114335
0,2491,0,0,0.0009442058501143069
0,2499,1,1,0.9626171097201894
0,2507,0,0,0.004088297895573672
0,2516,0,0,0.00047680411406210145
0,2517,0,0,0.08060604018809071
0,2529,1,1,0.9284203059378742
0,2539,0,0,0.15441707719752035
0,2540,1,1,0.7599991487724977
0,2543,0,0,0.0009742493995891
0,2551,0,0,0.03002271292759222
0,2564,0,0,0.008833643173900485
0,2574,0,0,0.18514988574866698
0,2583,0,0,0.004232723073135074
0,2591,1,1,0.9269050644998198
0,2592,0,0,0.31495559205076246
0,2594,0,0,0.14199011342984771
0,2596,1,1,0.9996554855880339
0,2598,1,0,0.07717856195532317
0,2609,0,0,4.429415585489759e-06
0,2611,0,0,0.0026417294780631713
0,2613,0,1,0.8992285375755729
0,2633,0,0,0.0018921012795619484
0,2640,0,0,0.013572491009747483
0,2642,0,0,0.000304240138864672
0,2643,0,0,0.4582364470845347
0,2655,1,1,0.9293996952821484
0,2657,0,0,0.4990177012931023
0,2659,0,0,0.11707498430336355
0,2663,1,1,0.7276004535233496
0,2664,0,1,0.7203417784648819
0,2667,1,1,0.9848452579064423
0,2671,0,0,1.0586893093621641e-05
0,2680,1,0,0.01756036929107137
0,2685,0,0,0.07292579685774128
0,2687,1,1,0.9426113524687164
0,2691,1,1,0.9980738152471594
0,2701,0,0,0.0017879045837405798
0,2702,0,0,0.0009549400087283684
0,2706,0,0,0.0013099326247902625
0,2707,1,1,0.8616207333690414
0,2713,0,0,0.000336262100963872
0,2716,0,0,0.00015471768944214196
0,2718,0,0,0.058700531474798506
0,2719,0,0,0.0037883963668033796
0,2720,0,0,0.01184950908058218
0,2723,0,0,0.08620145669816841
0,2724,0,0,0.22771335896877948
0,2733,0,0,0.17138976781868284
0,2740,0,0,0.0001552178595702814
0,2742,0,0,0.0007835343787088391
0,2750,1,1,0.9629617929755365
0,2755,0,0,0.0736273906554692
0,2758,0,0,0.07688831097888808
0,2767,1,1,0.9668604194873514
0,2769,0,1,0.5048379482450159
0,2771,0,0,0.018903036595660408
0,2777,0,0,0.002062310144524166
0,2782,1,1,0.970370612698372
0,2786,1,0,0.020155772187099553
0,2788,0,0,0.026418070274084292
0,2789,0,0,0.34328235096610155
0,2793,0,0,0.00046672268850160564
0,2794,0,1,0.9449405253258663
0,2800,1,1,0.8374929109842015
0,2801,1,0,0.03920787467519978
0,2806,0,0,0.040026628712225974
0,2809,0,0,2.0448604102465196e-05
0,2813,0,0,0.00015969896803864867
0,2816,0,1,0.8717777265672375
0,2817,0,0,0.30759555079335843
0,2819,1,1,0.655652995680402
0,2822,1,1,0.9911630481107003
0,2827,0,0,0.03828393205839362
0,2830,0,0,0.32458553659663536
0,2831,0,0,0.002698033788046776
0,2840,0,0,0.0002955989966951969
0,2842,0,0,0.003000755457938858
0,2853,0,0,0.4588075444898536
0,2854,0,0,0.04534175293432133
0,2856,0,0,0.2536403069867525
0,2858,1,1,0.648659507277622
0,2859,0,0,3.058084738402738e-05
0,2863,0,0,0.04252019993597865
0,2865,0,0,0.11690030376202273
0,2871,0,0,0.06437419849664255
0,2873,1,1,0.6663158292118958
0,2875,0,0,0.1328253233579366
0,2890,1,0,0.0452996190608666
0,2891,0,0,0.0001271695695634037
0,2893,0,0,0.0023384376589740807
0,2905,0,0,0.21722779278285181
0,2909,1,1,0.9903534337292833
0,2910,0,0,0.48955555823596814
0,2913,0,0,0.10416126782331551
0,2918,1,1,0.7169114004311538
0,2923,0,0,9.26584405552517e-05
0,2925,0,0,0.3195216449625125
0,2935,0,0,0.00010436085747472013
0,2938,0,0,0.002880365789278982
0,2941,0,0,0.07167706448513986
0,2942,0,0,0.22869169280687296
0,2947,0,0,0.11430061965769077
0,2956,0,0,0.0014884516698127897
0,2958,0,0,0.012732354934718719
0,2969,0,0,0.0059897183220096895
0,2972,0,0,0.00027945296746134706
0,2976,1,1,0.9258691850962936
0,2979,0,1,0.6475494301312306
0,2980,1,1,0.9338107464810936
0,2986,1,0,0.158942426758128
0,2988,0,0,0.23929032107756007
0,2991,0,0,0.0002582043388708761
0,2993,1,1,0.730551871690783
0,3000,1,1,0.5115476942849706
0,3002,0,0,0.03626092022521306
0,3009,0,0,0.0009808900266192718
0,3012,0,0,3.2092206902999464e-05
0,3023,0,0,0.0003668764739617435
0,3025,0,0,0.007779418283032887
0,3032,0,0,0.0009251525176451395
0,3036,0,0,0.04550856102160485
0,3043,0,0,0.38895186251367037
0,3050,0,0,0.00403152013592072
0,3054,0,0,0.014457659244413565
0,3057,0,0,0.16621593296650097
0,3058,0,0,0.010562456443546645
0,3066,0,0,1.7943368594398993e-06
0,3068,0,0,0.16963248730283878
0,3069,0,0,0.04489417521140181
0,3071,0,0,0.0001390730917634321
0,3072,0,0,0.00015785346490275183
0,3082,0,0,9.690838784313683e-05
0,3083,0,1,0.9172862363356798
0,3086,1,1,0.8713956944913472
0,3092,0,0,0.4080476723703768
0,3093,0,0,0.002301700130356233
0,3094,0,0,0.02002799692098965
0,3096,0,0,0.00029825855495472077
0,3102,0,0,0.018715051705542007
0,3106,0,0,0.002412902558661543
0,3111,0,0,0.0003453442644663068
0,3112,0,0,0.28263438430008175
0,3116,0,1,0.7481588520798974
0,3119,1,0,0.07422483818693161
0,3120,1,1,0.8517232866511623
0,3122,0,0,0.002509672606702681
0,3126,0,1,0.8820861100566894
0,3130,1,1,0.9893823177161409
0,3137,0,1,0.8558247164913466
0,3144,0,0,0.1796090042717198
0,3152,0,1,0.9804813932497595
0,3158,0,0,0.0033782895513984283
0,3176,0,0,0.002190766182449457
0,3177,0,0,0.23883680572440513
0,3187,0,0,0.010711486338351428
0,3189,0,0,0.3251049748335448
0,3197,0,0,0.0009151283299147208
0,3200,0,0,0.07940352765683392
0,3202,0,0,0.0003965871983485696
0,3208,0,0,0.020011993058441594
0,3217,0,0,0.13223203139859063
0,3220,0,1,0.6425863831639362
0,3222,0,0,0.0061041861486377065
0,3227,0,0,0.28022822405615155
0,3235,0,0,0.14441677300451725
0,3239,1,1,0.9845271394198017
0,3242,0,0,0.04858710173545016
0,3243,1,1,0.5736033726800742
0,3247,0,0,0.006060553014024701
0,3259,0,0,0.006359108109832474
0,3260,1,1,0.5772110502691341
0,3266,0,0,0.0025035317580922116
0,3268,0,0,0.20457521935497183
0,3269,1,1,0.9821978707881004
0,3280,0,0,0.0012109766842998634
0,3281,0,0,0.0010604487685062698
0,3289,0,0,0.0012245110561576876
0,3292,0,0,0.1357971274090174
0,3299,0,0,0.4235491101646525
0,3306,0,0,0.001133436834337785
0,3321,0,0,0.01771626740458479
0,3322,0,0,0.20379703565655843
0,3325,0,0,0.0011027212565322341
0,3327,0,0,0.005019007194277016
0,3337,0,1,0.97460783857389
0,3340,0,0,0.11495067557141202
0,3342,0,0,0.0006246191833046113
0,3343,0,0,0.10408373681436736
0,3344,1,1,0.946299575754001
0,3355,0,0,0.0024014225813416517
0,3360,0,0,0.28550819767584523
0,3367,1,0,0.08661609717408468
0,3376,0,1,0.6732772381175217
0,3388,0,0,0.2602540201955691
0,3390,0,0,0.04733813370540841
0,3391,0,0,0.021736229241065885
0,3400,0,0,0.0032124720233960894
0,3408,0,0,0.0318885387700127
0,3417,0,0,0.00016425829561495583
0,3432,0,0,0.15406298837993393
0,3436,0,0,0.14977847854268028
0,3449,0,0,0.014235511085176577
0,3455,0,0,0.0005816727367464147
0,3456,0,1,0.8488154416937801
0,3460,0,0,0.00012001733905309367
0,3461,0,0,0.1517640173304958
0,3462,0,0,0.002217298752094777
0,3466,1,1,0.8978586732815498
0,3476,1,1,0.9628424712496336
0,3478,1,1,0.8998344327713114
0,3479,0,0,0.07023508064533857
0,3481,1,1,0.9386059545485299
0,3485,0,0,0.26224363943393414
0,3488,0,1,0.6313628452563603
0,3494,0,0,0.007540499345996235
0,3496,0,1,0.6740664193796071
0,3503,0,0,0.014510399635105175
0,3510,0,0,0.0002471413433011547
0,3521,0,1,0.6961946840358431
0,3526,0,0,0.010475274970419803
0,3534,0,0,0.01335161508054396
0,3538,0,0,0.002537960044418573
0,3539,0,0,0.0006274423252243949
0,3540,0,0,0.0727930924930282
0,3544,0,0,0.0005328648551227972
0,3547,1,0,0.013494642392647973
0,3549,0,0,0.012671897431682757
0,3551,0,0,0.00013072904625906586
0,3560,0,0,0.21441755553965042
0,3561,0,1,0.620912995916908
0,3565,0,0,0.09078248545088233
0,3566,1,1,0.7263276374589337
0,3568,0,1,0.5712650670176863
0,3570,0,0,0.48831626902193415
0,3571,1,1,0.9873554979681669
0,3572,0,0,0.0051025961304480075
0,3597,0,1,0.7991876320997787
0,3602,0,0,0.03264254094701541
0,3607,0,0,0.03360457586846752
0,3608,0,0,0.01686296320079032
0,3613,0,0,0.10999629705402447
0,3620,0,0,0.0001002838794937383
0,3623,1,1,0.9893234692403515
0,3627,0,0,0.0035752752705019873
0,3637,0,0,0.007531033023581411
0,3642,1,1,0.9965890351690684
0,3646,0,0,0.006901990845835273
0,3647,0,0,0.123955959252136
0,3655,0,0,0.001048189744162165
0,3670,1,1,0.9824969712594984
0,3671,1,1,0.9929809726353546
0,3675,0,0,0.2633219725567164
0,3678,0,0,0.008712195757774665
0,3680,0,0,0.09346128383227569
0,3681,1,0,0.12101493062301522
0,3691,0,0,0.3380013355701155
0,3693,0,0,0.0005165731381014467
0,3702,0,0,0.0032808859745292653
0,3709,1,1,0.9624951309469407
0,3721,0,0,0.0010908346609287973
0,3727,0,0,0.006120434234887463
0,3731,1,1,0.9460150606364344
0,3743,0,0,0.001908692166205424
0,3749,0,0,0.00026240623563688015
0,3762,0,1,0.6909455500217845
0,3772,0,0,0.017589484169687353
0,3773,1,1,0.9777840175973641
0,3774,0,0,0.27476752145440453
0,3776,0,0,0.0034138137733711396
0,3780,1,1,0.5031441160354766
0,3785,0,0,0.0770774077065293
0,3787,0,1,0.6429409906856101
0,3796,1,1,0.8859528994628066
0,3811,0,0,4.955249762061947e-06
0,3827,0,0,0.0008838128684754851
0,3835,0,0,0.0019050180653947659
0,3838,0,1,0.7988108999574752
0,3840,0,0,0.38210948122571897
0,3842,0,0,0.22188962140207036
0,3843,1,1,0.9678409396383071
0,3857,0,0,0.0005730439468089282
0,3858,0,0,0.24046150440132377
0,3885,0,0,0.0010778938290679546
0,3887,0,0,0.0021970203697371095
0,3889,0,1,0.800080343140015
0,3891,0,0,0.005058859526590943
0,3894,0,1,0.6771155653290843
0,3903,1,1,0.9933076929179633
0,3912,1,0,0.4254426736571245
0,3916,0,0,0.011542652478405678
0,3922,0,0,0.06212541222568517
0,3943,0,0,0.0004619320220790108
0,3946,0,0,0.01920903857115544
0,3948,0,0,0.011097075425851905
0,3952,0,0,0.0018867217788891555
0,3956,0,0,0.04136567934947424
0,3957,0,0,0.45825757259349903
0,3961,0,1,0.7511688701306131
0,3965,0,0,0.005679320007396362
0,3971,1,1,0.9087356789740598
0,3975,0,0,0.0018743042532072443
0,3986,0,1,0.5086411740782841
0,3991,1,0,0.0777210606262045
0,3995,1,1,0.9894447649809365
0,3997,0,0,0.11520514409778035
0,3999,0,0,0.4208977247949336
0,4002,1,1,0.6752318772974197
0,4013,0,0,0.00983944065028119
0,4021,0,1,0.9052778594178901
0,4022,0,0,0.07833442245287514
0,4027,0,0,0.006039531817296443
0,4028,0,0,0.022253341065786587
0,4029,0,0,0.003239182799455853
0,4031,0,0,0.02375379346919278
0,4035,1,1,0.8918499689922091
0,4038,0,0,0.000873388683564926
0,4045,1,0,0.16114099289061026
0,4052,0,0,0.00046298205691498235
0,4057,0,0,0.1417902395144165
0,4062,0,0,4.5799100570488284e-05
0,4071,0,0,0.0005276927877186627
0,4073,0,0,0.46632010278711294
0,4085,0,0,0.007930846079611023
0,4088,1,1,0.986521006599319
0,4089,1,0,0.4970436843984245
0,4095,0,0,0.020972235833790487
0,4097,0,0,0.28399259236448726
0,4107,0,0,0.054077589918714954
0,4111,0,0,0.24917630807804445
0,4117,0,1,0.5179040063626918
0,4136,0,0,0.020406930086910965
0,4137,0,0,0.04096997001937707
0,4145,0,0,0.46476100252065394
0,4148,0,0,0.0015049048337059797
0,4154,0,0,0.1987181912334519
0,4157,0,0,0.05088278487578516
0,4160,0,0,0.21547956947569616
0,4163,0,0,0.0032834389402502918
0,4171,0,0,0.2646972511757621
0,4180,0,1,0.971070525453974
0,4182,0,0,0.0011987874969795107
0,4191,0,1,0.9877928783242071
0,4193,0,0,0.0006168704564145514
0,4197,0,0,0.00011628478501751235
0,4198,0,0,0.05983902668548357
0,4205,0,0,0.09849209884496259
0,4208,1,1,0.8512040970421647
0,4215,0,0,0.3647595247308384
0,4226,0,0,0.0023258960376493962
0,4234,0,0,0.08525807589296622
0,4242,0,0,0.012348058829567354
0,4243,0,0,0.020287472356924727
0,4249,0,0,0.022352441621857625
0,4258,0,0,0.012792177225136873
0,4265,0,0,0.03684246911127755
0,4274,0,1,0.767125436967687
0,4275,0,0,0.0018357035872107756
0,4280,0,0,0.00018983334402529847
0,4285,0,0,0.007630498201228921
0,4287,0,1,0.7788372749780271
0,4289,0,0,0.015797401053902007
0,4292,0,0,0.00012348343444749282
0,4297,0,0,0.01732601215033964
0,4299,0,0,0.129030474160902
0,4304,0,0,0.07730632774629015
0,4316,0,0,0.019407033342887688
0,4325,0,0,0.00015096843646551875
0,4330,0,0,0.006631435072931436
0,4333,1,0,0.05541878502368974
0,4338,1,1,0.6765668156745619
0,4344,0,0,0.06101395792633853
0,4350,0,0,0.024440356950607676
0,4352,0,0,0.07985700042584429
0,4353,0,0,0.01675356127787893
0,4358,0,0,0.00998795553368814
0,4359,1,1,0.9878288012580166
0,4362,0,0,0.003299487314597538
0,4366,0,0,0.013439369912266193
0,4373,0,0,0.0012150917520527562
0,4378,0,0,0.010994742337284508
0,4384,1,1,0.9559717524118347
0,4385,1,1,0.9877904039536233
0,4386,0,0,0.013608982725819292
0,4397,0,0,0.003741542020804905
0,4398,0,0,0.00042375686921858
0,4399,0,0,0.000624950046759007
0,4407,1,0,0.3569409505979095
0,4408,0,0,0.09670329112739356
0,4414,1,1,0.9713774048340095
0,4419,0,0,0.015082057179210228
0,4421,0,0,0.10503890591885115
0,4423,0,0,0.010731118480302443
0,4432,0,0,0.2891237868007854
0,4435,1,0,0.07869396567779952
0,4442,0,0,0.00299679536213987
0,4443,1,1,0.9979759684069766
0,4448,0,0,0.0004353137626348132
0,4451,0,0,0.030415055666465098
0,4476,0,0,0.0013309480614469497
0,4477,0,0,0.12078789106080394
0,4480,0,0,0.0013836432686945971
0,4486,0,0,0.13730883920798204
0,4493,0,1,0.932525074720527
0,4507,0,0,0.22994024300642193
0,4515,0,0,0.000834234521474266
0,4517,0,0,0.0017351303146650597
0,4519,0,0,0.2690268404254247
0,4524,0,0,0.003192631002634649
0,4527,1,1,0.9661109804307072
0,4532,0,1,0.6914950327163448
0,4534,0,0,0.00026638313566298055
0,4537,0,0,0.016415335960175005
0,4541,0,0,0.0058160279938415885
0,4548,0,0,0.07216900513629994
0,4549,0,0,0.0030008708040762814
0,4553,0,0,0.0003971039687131012
0,4559,0,0,0.0005681653212021568
0,4562,0,0,0.14254013970662718
0,4565,0,0,0.0014474977204223629
0,4572,1,1,0.9446883002893218
0,4581,0,0,0.0003685359823018337
0,4582,1,0,0.20235419995558934
0,4584,0,0,0.461904170705403
0,4600,0,0,0.00018307924242172668
0,4618,0,0,0.003036850171424232
0,4620,0,0,0.00023463048277147503
0,4622,0,0,0.0033905677360698016
0,4623,0,0,0.0009416942927350506
0,4628,1,1,0.9132211507613442
0,4631,0,0,0.0009900468035942578
0,4635,0,0,0.013371288137746568
0,4636,0,1,0.6874336506869406
0,4641,0,0,0.021922662808611628
0,4642,0,1,0.5085857420896649
0,4643,0,0,0.05475617463389213
0,4646,0,0,0.003496369757219972
0,4651,0,0,8.577034415108727e-05
0,4653,0,0,0.08733169227564759
0,4657,1,0,0.13885972568926422
0,4662,0,1,0.7044409707100986
0,4666,0,1,0.9940197452690784
0,4677,1,1,0.9941896323721983
0,4678,0,0,0.22787216270310423
0,4685,0,1,0.825579328884926
0,4686,0,0,0.0020456135826343166
0,4689,0,0,0.2887072297228944
0,4690,0,0,0.0009252704077130016
0,4695,0,1,0.6223342105327392
0,4699,1,1,0.9802240446282261
0,4703,0,0,7.941729176338894e-05
0,4709,1,0,0.2202447140718774
0,4711,0,0,0.0825105919223453
0,4712,1,0,0.3385883857778335
0,4714,1,1,0.5543061484102387
0,4733,0,0,0.01321176052073767
0,4739,0,0,0.1610408020419343
0,4742,0,0,0.00020866575956348198
0,4750,0,0,0.38681178196717064
0,4752,0,0,0.0001642205290395436
0,4756,1,0,0.1437838098762535
0,4758,0,0,0.011674406436517983
0,4773,0,0,0.17935823402259177
0,4779,1,1,0.6265763985758209
0,4781,0,0,0.0006990987534793348
0,4793,0,0,0.006178427453346696
0,4805,0,0,0.00010897675750568107
0,4807,0,0,0.048977698120022305
0,4812,0,1,0.6554222658707838
0,4824,0,1,0.5500401458127417
0,4825,0,0,0.22960459080660087
0,4826,0,0,0.15337416320777914
0,4827,0,0,0.0013624159944836004
0,4829,1,1,0.933117316327498
0,4843,0,0,0.007268997863394497
0,4845,1,1,0.9010285540811067
0,4850,0,0,0.01630561728131078
0,4855,1,1,0.9805095941661155
0,4856,0,0,0.2567668808017055
0,4858,1,1,0.989180593220875
0,4862,1,1,0.7791111753652635
0,4869,1,0,0.4860624946845884
0,4872,0,0,0.24152537602633845
0,4878,0,0,0.006632575553910866
0,4882,1,1,0.8386555420642997
0,4888,1,0,0.2501918044312872
0,4894,0,0,0.05662077392727629
0,4898,0,0,0.0021830345957776407
0,4900,0,0,0.0025116290351235217
0,4908,0,0,0.0001527889928749152
0,4910,0,0,0.00415157939489906
0,4916,0,0,0.006909145079194523
0,4926,0,0,0.0008876258832256064
0,4927,0,0,0.17406387979142082
0,4931,1,0,0.20417416471232502
0,4932,1,1,0.9519647103432256
0,4934,1,1,0.9511781262559117
0,4943,0,0,0.26997220128259625
0,4951,0,0,0.020341429975985308
0,4956,0,0,0.007002295921670429
0,4961,0,0,0.003985141670414251
0,4965,0,0,0.0002498629961969103
0,4968,0,0,0.003025371913407688
0,4970,0,0,0.007822822114318208
0,4972,0,0,0.17049641552682693
0,4973,1,1,0.9410935854666572
0,4974,0,0,0.03857024707616448
0,4980,1,1,0.9983629547896479
0,4985,1,1,0.9761664729996435
0,4987,0,1,0.5515783042637241
0,4988,0,0,0.0010762870913723598
0,4995,0,0,0.4210346059134536
0,4998,0,0,0.0013886625245915817
0,5004,0,0,0.00040039852971738427
0,5018,0,0,0.17755779590777024
0,5021,1,1,0.9034996769353472
0,5027,1,1,0.8021085443772581
0,5030,0,0,0.06172117273649801
0,5031,0,0,0.015574969220886522
0,5035,0,0,0.1164272981569217
0,5036,0,0,0.28316879141251167
0,5040,0,0,0.0036114467145948346
0,5046,0,0,0.053905568636948425
0,5050,0,0,0.0018118729750440223
0,5056,0,0,0.0008872157827463026
0,5064,0,1,0.7941320580280798
0,5066,0,0,0.010589583796413055
0,5072,1,1,0.8097988026835992
0,5080,0,0,0.0008572265682128676
0,5081,0,0,0.023102539805907242
0,5089,1,1,0.9653097756025893
0,5091,0,0,0.3647073434889727
0,5105,0,0,0.0037112884980037516
0,5106,0,1,0.8801640222383231
0,5126,0,0,0.004109899587408718
0,5141,0,0,0.00028244876482292876
0,5142,0,0,0.49608812055689244
0,5160,0,0,0.05734606459393178
0,5161,1,1,0.9147355776760352
0,5164,1,1,0.8237863401419009
0,5171,0,1,0.5331961479051256
0,5176,0,0,0.0009697176053020643
0,5178,1,0,0.3158685332656767
0,5179,0,0,0.05926347576663243
0,5183,0,0,0.26188301675869546
0,5196,1,1,0.898295104681571
0,5197,0,0,1.177095788826106e-05
0,5207,1,1,0.9112387059388289
0,5210,0,0,0.0032797481247099345
0,5212,0,0,0.00041353994012709004
0,5226,1,0,0.17790392584072207
0,5237,0,0,0.025691165460609688
0,5238,1,1,0.9490097943578558
0,5239,0,0,0.0006347798516224303
0,5252,0,0,0.04370100135818773
0,5254,0,0,0.007332919292248971
0,5257,0,0,0.015188932999220596
0,5260,0,0,0.0018800575811160122
0,5265,1,1,0.7753612755982368
0,5275,0,0,0.0020070381419992262
0,5289,0,0,0.003931832866758998
0,5292,1,1,0.8554382051303837
0,5293,0,0,0.025433016031863653
0,5297,0,0,0.14283141188317472
0,5298,0,0,0.00904583953727655
0,5299,1,0,0.26898860227705274
0,5300,0,0,0.0002806172962421199
0,5301,0,1,0.658196321684015
0,5302,1,0,0.18828109484722974
0,5306,0,0,0.008505539627658912
0,5310,1,0,0.2662324581366563
0,5313,0,0,0.00042466506075169633
0,5314,0,0,0.053990591497553156
0,5315,0,0,0.001327877091639944
0,5321,0,0,0.004800602172871755
0,5323,0,0,0.0009764947547686798
0,5324,0,1,0.7816648847385349
0,5327,0,1,0.6927377783259628
0,5339,1,1,0.7189262578159542
0,5342,0,0,0.2170837116658028
0,5347,1,1,0.9419088192138093
0,5349,0,0,0.13368096088594197
0,5350,0,0,0.001909303964524526
0,5351,0,0,0.38436565419614327
0,5379,0,0,0.08996871668108208
0,5386,0,0,0.00015385321174206167
0,5392,0,0,0.1146602050328378
0,5394,1,1,0.9433717302679419
0,5397,1,1,0.9994826030310394
0,5399,0,0,0.003080316942339048
0,5406,0,0,0.005498634649662052
0,5407,0,0,0.09780569114462873
0,5415,1,1,0.6958294575925092
0,5421,1,1,0.9098151010360321
0,5429,0,0,0.0011236384567829894
0,5436,0,0,0.034151253728756194
0,5440,0,0,0.04011341295290014
0,5453,0,0,0.3477184760990374
0,5454,1,1,0.988072974539156
0,5455,0,0,0.0008556973646280919
0,5456,1,1,0.9481790277465781
0,5458,0,0,0.19289483839221436
0,5466,0,0,8.280288030099377e-05
0,5469,0,0,0.002729099362702998
0,5471,0,0,0.05280363108950503
0,5482,0,0,0.3705181667327077
0,5484,0,0,0.08921783390099401
0,5488,0,0,0.0006235637678736651
0,5489,0,0,0.47801854074821304
0,5502,0,0,6.220638653858504e-05
0,5509,0,0,0.00029470884839804303
0,5514,0,1,0.6278631787663518
0,5516,0,0,0.0070231990521031915
0,5517,0,0,0.1390144786521534
0,5518,0,0,0.12418179652946601
0,5521,1,0,0.012573202860623998
0,5527,0,0,0.057082439357436725
0,5540,0,0,0.013373149200189713
0,5542,0,0,0.0004495708604207356
0,5545,0,0,0.00719101401571105
0,5550,0,0,0.0001602116392493791
0,5554,0,0,0.17983017131822018
0,5556,0,0,0.07075411463898142
0,5558,0,0,1.686056671081067e-05
0,5568,1,1,0.9969749053907825
0,5569,0,0,0.003913222212862447
0,5570,0,0,0.020750553141199113
0,5576,0,0,0.14149090001142695
0,5577,0,0,0.12372073898867737
0,5578,0,0,0.0007139639026997215
0,5594,0,0,0.007412827538569669
0,5600,0,0,0.16224568388186597
0,5606,0,1,0.6844347255167145
0,5609,0,0,0.008257203818913778
0,5611,0,1,0.9908281591211845
0,5617,0,0,0.02335813464805236
0,5623,0,0,0.0015407263348838631
0,5627,0,0,0.00773987046437017
0,5632,0,0,0.01719094303668464
0,5642,1,1,0.9741885687436452
0,5643,0,0,0.007239499324617784
0,5645,0,1,0.7258525901320121
0,5652,0,0,0.00010510384252164167
0,5654,0,0,0.015649842766561
0,5663,0,0,0.0009387747648818
0,5666,0,0,0.026362723243153637
0,5667,0,1,0.7721883473078225
0,5670,0,0,0.029352464017648905
0,5671,0,0,0.0881421322246815
0,5688,1,1,0.9833047699550062
0,5691,1,1,0.9009774094255288
0,5692,0,0,0.08395422968433033
0,5693,0,0,0.017008783875678807
0,5701,0,0,0.3188762643176159
0,5703,0,0,0.005697987623577461
0,5712,0,0,0.007712723740809656
0,5714,0,1,0.5949598138711553
0,5726,0,0,0.4649455700031401
0,5729,0,0,0.031719926122074915
0,5740,0,0,0.08351983030237305
0,5741,0,0,0.05337397349010913
0,5745,0,0,0.00018710602137025155
0,5757,0,0,1.724607042088615e-05
0,5766,0,0,0.004021035312408689
0,5769,1,1,0.6962048187565131
0,5770,0,0,0.310529177664531
0,5771,0,0,0.005296492686428525
0,5785,0,1,0.692424057551026
0,5795,0,0,0.006534133621894669
0,5797,0,0,9.722159969351815e-05
0,5798,0,0,0.0018427877771440887
0,5800,0,0,0.003601062379753282
0,5802,0,0,0.366933641487312
0,5807,0,0,0.010275767409471757
0,5811,0,0,0.003017006147069698
0,5815,1,0,0.3827680911043503
0,5829,0,0,0.018559516660351435
0,5830,0,0,0.39696902044458376
0,5833,0,0,0.06273775162672993
0,5842,0,0,0.006406125691066116
0,5843,0,0,0.0944102177538808
0,5846,0,0,0.044328285426315873
0,5849,0,0,0.009495396029665175
0,5857,1,1,0.8586404891233097
0,5877,0,0,0.0006347207630549645
0,5882,0,0,0.08200402214887956
0,5884,1,0,0.023413347165112473
0,5890,0,0,0.013092875185084228
0,5894,0,0,1.791708533706117e-05
0,5897,0,0,0.005075010230182009
0,5899,1,1,0.9923451552486742
0,5911,1,1,0.9438237873307862
0,5915,0,0,0.00024547363068313507
0,5917,0,0,0.13890518346384065
0,5918,0,0,0.46416144602732795
0,5937,0,0,0.0001329629092519792
0,5938,1,1,0.69721957518264
0,5939,0,0,0.3958085524343026
0,5944,0,0,0.06590613120883847
0,5947,0,0,0.0019369842219449363
0,5957,0,0,0.0031040415837404207
0,5958,1,1,0.9537556668246593
0,5959,0,0,0.3227594607170984
0,5962,1,1,0.5528719643284725
0,5966,1,1,0.9982519863967007
0,5969,1,1,0.9684820343869645
0,5977,0,1,0.6598018800034782
0,5983,0,0,0.0018010932298108192
0,5987,0,0,0.000124114290067344
0,5990,0,0,0.0003732566813161523
0,6000,0,1,0.8102814571544998
0,6001,1,0,0.03171476722227799
0,6002,0,0,0.004346153916694391
0,6006,0,0,0.00938440135232751
0,6017,1,0,0.08637947035340245
0,6024,0,0,0.0010441711975937061
0,6025,0,0,0.08504139161925461
0,6029,0,0,0.006643879593478883
0,6036,0,0,0.0009253014224921814
0,6038,0,0,0.007995247327651488
0,6040,1,1,0.9793138074580897
0,6050,0,0,0.0005797505196933814
0,6051,0,0,0.2432921089689517
0,6052,0,0,0.022794132484813785
0,6062,0,0,0.0005925516626201788
0,6070,0,0,0.02110816262386532
0,6077,0,1,0.627865041980784
0,6082,1,0,0.04537323968015407
0,6120,0,0,0.0007428907710144142
0,6128,0,0,0.046556497945205035
0,6133,0,1,0.715789324247378
0,6141,0,1,0.6593766796409155
0,6142,0,0,0.008769396472473467
0,6144,0,0,0.0034067789432638824
0,6150,0,0,0.0013084969927138405
0,6153,0,0,0.022447648422026272
0,6155,0,0,0.0005157620101377865
0,6163,0,0,0.4734023218911921
0,6168,0,0,0.08371732875163623
0,6184,0,1,0.9703423882087253
0,6185,1,1,0.9974634515848577
0,6188,0,0,0.43785326262989954
0,6190,0,0,0.08312288526607882
0,6194,0,0,0.17128725769621814
0,6198,0,1,0.7573055380745326
0,6202,1,1,0.9558160913261835
0,6203,0,1,0.8268179598950481
0,6205,0,0,0.000316984788604657
0,6206,1,1,0.9786865584657388
0,6213,0,0,0.031079332724089977
0,6218,0,0,0.24397929561934478
0,6222,1,1,0.7929776580509328
0,6223,1,0,0.046638434173876635
0,6227,1,1,0.9980637661201945
0,6250,0,0,0.006950183875670068
0,6253,0,0,0.005673791478207828
0,6257,1,0,0.4156831012921826
0,6259,0,0,0.0031006952103299684
0,6260,0,0,0.2101991381800006
0,6264,0,0,9.881627981068053e-06
0,6272,0,0,0.002823301214020846
0,6276,0,0,0.01622488987792822
0,6296,0,0,0.0002641174798161437
0,6300,1,1,0.9714811574371325
0,6303,0,0,0.001070813416899199
0,6304,0,0,0.24898529682479736
0,6308,0,0,0.35675682374290774
0,6311,0,1,0.8447928295252024
0,6314,0,0,0.27780132265395535
0,6318,0,0,0.010642673549069918
0,6325,1,0,0.05891624954417169
0,6336,0,0,0.0008622606301451882
0,6337,0,0,0.0049279133632751295
0,6338,0,0,0.031440712467327755
0,6346,0,0,0.04888321679493473
0,6351,1,1,0.9614238932290291
0,6353,0,0,0.000121775308255174
0,6357,1,0,0.34290354735514483
0,6360,0,0,0.0014330826978387664
0,6365,0,1,0.9793349633559062
0,6372,1,1,0.9874247540244697
0,6378,1,0,0.05964563993322245
0,6387,1,0,0.06876399537756074
0,6391,0,0,0.013930737553190693
0,6402,1,1,0.9691254954441592
0,6404,0,1,0.8314487646747742
0,6406,1,1,0.9835789205731903
0,6410,0,0,0.002747355684497019
0,6415,0,0,0.007962450902077626
0,6421,0,1,0.6261303580766251
0,6427,0,0,0.0001789155704180487
0,6434,1,1,0.8682254824823874
0,6435,1,1,0.8951771484832011
0,6436,0,0,0.0002889396377350478
0,6441,0,0,0.00393231611423721
0,6443,0,0,0.02252193121502707
0,6456,0,0,0.017263071440901834
0,6460,0,0,9.236131775027548e-05
0,6461,0,0,0.08369168415702913
0,6463,1,1,0.9896623960031584
0,6468,1,0,0.07397506704771824
0,6477,1,1,0.9372977503171622
0,6487,0,0,0.008078714691755064
0,6491,0,0,0.2783723996470165
0,6493,0,0,0.0020416442697895015
0,6500,0,0,0.4134891657133533
0,6502,0,1,0.8159963093239517
0,6503,0,0,0.0017525112649662718
0,6513,0,0,0.0037836299232244766
0,6517,0,0,0.11157479715636383
0,6532,1,1,0.7502862802442237
0,6540,0,1,0.7130792671516417
0,6545,0,0,0.0014807056408113655
0,6549,0,0,0.39736580955984785
0,6570,0,0,0.0005504770086023645
0,6573,1,1,0.9640498138502235
0,6578,0,0,0.46360458871865257
0,6588,1,0,0.2670317388882505
0,6597,0,0,0.0010394294816719407
0,6612,1,1,0.9950201026028476
0,6616,0,0,0.0006085719736326589
0,6619,1,1,0.977519048672734
0,6627,0,0,0.45078380259948
0,6633,0,0,0.005049304051687991
0,6635,1,0,0.440946275316113
0,6640,1,1,0.9622971545268368
0,6641,0,0,0.002434559529183049
0,6663,0,0,0.0007884689952094802
0,6674,0,0,0.00021683246737470014
0,6687,0,0,0.04897789539475381
0,6692,0,0,0.0006188666434760161
0,6693,1,0,0.34604186452561053
0,6696,1,1,0.7437074394446077
0,6697,0,0,0.09339698311553755
0,6698,1,1,0.6188763357135801
0,6707,0,0,0.0028173002418135453
0,6709,0,0,0.010802994422534597
0,6714,1,1,0.8013203337039199
0,6715,0,0,0.015528014860898881
0,6718,0,0,0.45619690736771457
0,6720,0,1,0.5685217641005278
0,6732,0,0,0.01798450845575536
0,6735,0,0,2.569583994761879e-05
0,6744,1,0,0.0361859203785727
0,6747,0,0,0.44683710255262754
0,6748,0,0,0.0003702520095191048
0,6754,1,1,0.9972568230300837
0,6755,1,1,0.7948622717208119
0,6757,1,1,0.9890626753898267
0,6766,0,0,0.01743350291378412
0,6773,0,0,0.011337178576471865
0,6779,0,0,0.12056228109083776
0,6780,0,0,0.0005239010792479473
0,6782,0,0,0.012581413175255888
0,6787,0,0,0.047639163081337824
0,6792,0,0,0.06314456106112336
0,6798,1,1,0.9655910206323811
0,6799,0,0,0.014524069594480134
0,6802,0,0,0.4993597360842988
0,6805,1,1,0.964796072431437
0,6806,0,0,0.0546247005345171
0,6812,1,1,0.8079666705574581
0,6813,1,1,0.8705782659122779
0,6814,0,1,0.9382831576626642
0,6831,0,1,0.6513792612561422
0,6836,0,0,0.002957610337057094
0,6840,0,0,0.010926026783929147
0,6842,1,1,0.775401433565789
0,6843,0,0,0.0005644948181286008
0,6845,0,0,0.24201748897183595
0,6851,0,0,0.1269246542386089
0,6866,1,1,0.9233495795338945
0,6872,0,1,0.9603418440858318
0,6881,0,0,0.010133981521710841
0,6884,0,0,0.012004496953834959
0,6887,0,0,0.44215995788649215
0,6893,0,0,0.1352020773526935
0,6895,0,0,0.0021630249378464523
0,6899,0,0,0.029715695258732498
0,6905,0,0,0.0007158056214766939
0,6910,1,1,0.8612357582673501
0,6916,1,1,0.995739347339694
0,6921,0,0,0.3291654076208459
0,6926,0,0,0.16891698598774904
0,6928,0,0,0.002206355666380529
0,6932,0,0,0.06162993896445836
0,6933,1,1,0.9768420024610937
0,6935,0,0,0.20572965277098168
0,6936,0,0,0.005326335219942086
0,6948,1,1,0.7079629558126377
0,6950,0,1,0.5232730384463862
0,6955,0,0,0.0072887667769967225
0,6965,0,0,0.00010281568409550126
0,6966,0,1,0.6537159986497089
0,6970,0,0,0.2950793395877486
0,6971,0,0,0.14130497064052377
0,6973,0,0,0.21111808033682924
0,6978,0,0,0.00017171285643707848
0,6980,0,0,0.0023374587964521162
0,6983,0,0,2.843182668266625e-05
0,6985,0,0,0.46834151139970953
0,6988,1,1,0.6881980211017172
0,6989,0,0,0.21604475404756895
0,6997,1,1,0.8592317024495087
0,7000,1,0,0.04575985394747705
0,7001,0,0,2.346312022541606e-05
0,7007,0,0,0.030764689880241253
0,7008,0,0,0.02370024945593211
0,7024,1,1,0.8348843235731556
0,7032,0,1,0.6277652196945476
0,7035,1,1,0.889534915285281
0,7042,1,0,0.39526318050101933
0,7045,0,0,0.30150770705945285
0,7059,0,1,0.8879862692516302
0,7069,0,0,0.002304055339819165
0,7072,0,0,0.004280073881324978
0,7073,0,0,0.002346121994042765
0,7074,0,0,0.004053435221084662
0,7081,0,0,0.00011294496732116857
0,7093,0,0,4.2068018908365384e-05
0,7104,0,0,0.09825896530123833
0,7107,0,0,0.002145748118074793
0,7127,0,0,0.09871534253715084
0,7130,0,0,0.44928714017357274
0,7132,0,0,0.014582507613254136
0,7138,0,0,0.06786588709023057
0,7146,0,0,0.09271774561504409
0,7147,0,0,0.0008003892142915248
0,7149,0,0,3.037974023710457e-06
0,7155,0,0,0.021904512579873123
0,7179,0,0,0.000471590182599319
0,7180,1,1,0.6889195498539582
0,7191,1,1,0.9819470527786112
0,7198,0,0,0.011007068036337648
0,7199,0,0,0.040534271165279405
0,7201,1,1,0.8704424878187872
0,7202,0,0,0.0177903206507862
0,7206,0,0,0.37354597467552114
0,7220,0,0,0.005292632486342964
0,7221,0,0,0.00025991215240552825
0,7222,0,0,0.014631585543366434
0,7230,0,0,0.01419514920509836
0,7231,0,0,0.16374652375101306
0,7233,0,0,0.025564942418908974
0,7236,0,0,0.32944509981426434
0,7241,0,0,0.04950097761825612
0,7242,0,0,0.006513412462108042
0,7246,0,0,0.0014975963947645877
0,7249,0,0,0.0023747435762556494
0,7251,0,1,0.6543641365690487
0,7252,0,0,0.0495555212833619
0,7255,0,0,0.025152213377324453
0,7256,1,1,0.6556373462129965
0,7258,0,0,0.00662097978750189
0,7265,0,0,0.050833058375675234
0,7266,0,0,0.2962916590137812
0,7268,0,0,0.2755326473360818
0,7274,0,0,0.0032425690102362644
0,7276,0,0,0.0022270202117520995
0,7278,0,0,0.0342368430009267
0,7279,0,0,0.0015415355777674352
0,7281,0,1,0.8939566835066203
0,7283,0,0,0.0002449186459408062
0,7285,0,0,0.00012211593745257198
0,7290,0,0,0.21563904847603776
0,7296,0,0,0.0005177992053916086
0,7298,0,0,0.0010480254331662127
0,7303,0,0,6.548528122978507e-05
0,7306,0,0,0.011494210833919584
0,7314,0,0,0.021961987872738554
0,7319,0,0,0.11888681690910466
0,7322,0,0,0.04760614807373539
0,7325,0,0,0.0014711104003862152
0,7327,0,0,0.11556381566122866
0,7334,0,0,0.0005337646486487431
0,7339,1,1,0.9960005870267156
0,7343,0,0,0.20479422913209128
0,7348,0,0,0.000626572125492366
0,7351,1,0,0.2765225744885574
0,7354,0,0,0.00440261555476483
0,7366,1,0,0.18021893407949244
0,7369,0,0,0.0022912900795058417
0,7370,0,0,0.02058534096800748
0,7371,0,0,0.0031964237583515147
0,7376,1,1,0.6772621537717408
0,7381,0,0,0.42088323477328515
0,7395,1,1,0.9845923909833821
0,7398,0,0,0.01753648242638007
0,7402,0,0,0.18663961367297968
0,7408,0,0,0.009331966628563544
0,7426,0,0,0.4319756476022958
0,7431,1,1,0.9990969748322611
0,7432,0,1,0.5508117993227836
0,7434,1,1,0.9787336390806494
0,7445,1,1,0.9314153203406519
0,7448,0,1,0.7330704298784392
0,7458,0,0,0.0039192202840876095
0,7460,0,0,0.0875341871114769
0,7471,0,0,0.11549098561348803
0,7479,0,0,0.0016266355190586769
0,7491,0,0,8.170989465030509e-05
0,7495,1,1,0.8481011803660328
0,7498,0,0,0.16462476037593254
0,7501,1,0,0.06232125122992048
0,7509,1,1,0.8328436911316378
0,7518,0,1,0.673979228103116
0,7528,0,0,0.005466937244921489
0,7532,0,0,0.24029617003630174
0,7533,0,0,0.13292338767830503
0,7536,0,0,0.07504288528130924
0,7537,0,1,0.8362081410526861
0,7539,0,0,0.010680283785895153
0,7545,0,0,0.2349907127478263
0,7552,0,0,0.0005802132806578587
0,7556,0,0,0.000651254627103386
0,7557,1,1,0.7827198293857325
0,7564,1,1,0.9790989477071657
0,7565,0,0,0.0005798479479284928
0,7576,0,0,0.036845409087486104
0,7577,1,1,0.5385448854393737
0,7580,0,1,0.9345156022703504
0,7582,0,0,0.00327358695315267
0,7588,0,0,0.38677294783274885
0,7597,0,0,0.0414367739504916
0,7599,0,0,0.0034711651025079956
0,7600,1,1,0.5777237081882056
0,7606,0,0,0.04929194427638905
0,7614,0,0,0.0029053317862392275
0,7623,0,0,0.34335054950687366
0,7624,0,1,0.6661980159079837
0,7639,0,1,0.9510859313498433
0,7644,0,0,0.0027954261028630993
0,7653,0,0,0.06476111171725178
0,7663,0,0,0.028494804909878567
0,7668,0,0,0.0002729733280988433
0,7672,0,0,0.0004604602854501838
0,7676,0,0,0.005161697651895991
0,7678,1,1,0.765257116226427
0,7680,0,0,0.10699078767998702
0,7681,0,0,0.15092424829651713
0,7689,0,0,0.0008015375205475441
0,7699,1,1,0.8626841733771796
0,7700,0,0,0.2792640056567824
0,7703,0,0,0.014592185639845887
0,7710,0,0,0.00011493564427873866
0,7718,0,0,6.837201080583318e-06
0,7721,0,0,0.050449244283576444
0,7723,0,1,0.7456001352976694
0,7725,0,0,0.0069607340678083714
0,7730,0,0,0.001117150941027938
0,7735,1,0,0.36536541148432994
0,7736,0,0,0.0992038632019045
0,7740,0,0,0.06557414941629855
0,7741,0,0,0.0758015353769089
0,7758,0,0,0.12960617634054344
0,7767,1,1,0.88517951394738
0,7775,0,1,0.5714174290696177
0,7780,1,1,0.9444804564205035
0,7789,0,0,0.0006666656197405716
0,7790,0,0,0.009540058587097987
0,7792,0,0,0.018376327534383712
0,7800,0,0,0.01685069333506418
0,7814,0,1,0.5455206178807608
0,7815,0,0,0.00018379850822564288
0,7822,0,0,0.023562555841834
0,7825,0,0,0.00048037220725157513
0,7827,0,0,0.025350668153778164
0,7829,0,1,0.583581402402219
0,7833,0,0,0.002964163785586649
0,7834,0,0,0.0003436826729868721
0,7838,0,0,0.0004490519646704081
0,7840,0,0,0.0009977949614374936
0,7842,0,0,0.4910370571536447
0,7858,0,1,0.6606591413372528
0,7864,0,0,0.001823914521996861
0,7865,0,0,0.0030991507620931756
0,7870,0,0,0.054038932298494796
0,7880,1,1,0.9439205636868508
0,7884,0,0,0.04421280959777593
0,7895,0,0,0.11950287616000567
0,7902,0,0,0.0010679937051124749
0,7904,0,0,0.020199494927854025
0,7911,0,0,0.0028772174962415037
0,7929,0,0,0.028533388900042908
0,7933,0,0,0.00018444616234451522
0,7935,0,0,0.24535501822335987
0,7937,0,1,0.9218003874354825
0,7942,1,1,0.8723597993579983
0,7945,0,0,0.0010689865613822478
0,7947,0,0,0.0005612679052613709
0,7950,0,1,0.5250570985148311
0,7956,0,1,0.5053703128264979
0,7958,1,1,0.8970168187351139
0,7963,1,1,0.7428932641693528
0,7973,0,0,0.014827700140214332
0,7979,1,0,0.30870383460957235
0,7982,0,0,0.06262797180298135
0,7991,0,0,0.03673886302559285
0,8001,0,0,0.012124853534987557
0,8012,0,0,0.001828928263383527
0,8014,1,1,0.7684889057960517
0,8021,0,0,0.027931705524925327
0,8047,1,1,0.9939214694310403
0,8048,0,0,0.24335974701124793
0,8050,0,1,0.7106734127374758
0,8052,0,0,0.4020247899408554
0,8054,1,1,0.5441948046534464
0,8063,0,0,0.0025693027023304576
0,8065,0,0,0.028847833862417183
0,8066,0,0,0.21221596225063488
0,8067,0,0,0.006165484980699067
0,8076,0,0,0.05197762159060775
0,8078,1,1,0.9127642701836401
0,8079,0,0,0.03365460529780797
0,8084,0,0,0.2498281560215694
0,8085,0,1,0.9303497993434459
0,8101,1,0,0.38042366887083384
0,8102,0,0,0.21900198153198672
0,8103,0,0,0.0785471670309613
0,8109,0,1,0.7598297321005972
0,8114,1,0,0.2841571461561043
0,8118,0,0,0.00010663701519555916
0,8119,1,1,0.9700011626489955
0,8124,1,1,0.574137692383158
0,8130,0,0,0.038637855456700426
0,8131,0,0,0.2569953418180973
0,8132,0,1,0.6068417787445829
0,8145,0,0,0.000992217488644392
0,8149,0,0,0.019810056466674
0,8150,1,0,0.08353206927956408
0,8152,1,0,0.15051979622711337
0,8156,0,1,0.8079570848062051
0,8158,0,0,0.3637854827743697
0,8163,0,0,0.035495394165284876
0,8171,0,0,0.02778466305739947
0,8173,1,0,0.406013787704034
0,8176,0,0,0.08966524038669241
0,8178,0,0,0.30125619810969706
0,8179,0,0,0.43769919725309653
0,8180,0,0,0.2346632206182736
0,8186,0,0,7.979439811250186e-05
0,8191,0,0,0.2790388711582876
0,8193,0,0,0.043739207574183404
0,8197,0,0,0.0006086331257137101
0,8202,0,0,0.0010762823984287384
0,8207,0,0,0.0011468756737622761
0,8210,0,0,0.032200106536783346
0,8220,0,0,0.0023092266346524115
0,8221,0,0,3.495758658321554e-05
0,8230,0,0,0.006464487042907341
0,8234,1,0,0.142984185338867
0,8249,0,0,0.2195556237418706
0,8250,0,0,0.013113392453180512
0,8255,0,0,0.18895734628553418
0,8260,0,0,0.0340802315249841
0,8266,0,0,0.17510909507746034
0,8267,0,0,0.0010157528397263577
0,8270,0,0,0.0009946841315610828
0,8271,0,0,0.0011264328280395231
0,8275,0,0,0.00044679291731636794
0,8280,0,0,0.000631930241603829
0,8290,0,0,0.015425568333427977
0,8298,0,0,0.2895054624300402
0,8300,1,1,0.8522527197105174
0,8303,0,0,0.0006083515223351616
0,8309,0,0,0.06889667018803144
0,8317,1,1,0.9911717530484977
0,8319,0,0,0.3688261061641502
0,8326,0,0,0.011692464322644197
0,8329,0,0,0.07678236341023119
0,8335,0,0,0.0005832615499893433
0,8336,1,1,0.9854598755056236
0,8342,0,0,0.00419471570203505
0,8362,0,0,0.005813488746236916
0,8378,0,0,0.4365073869953244
0,8379,0,0,2.1550349451461195e-05
0,8388,0,0,0.003151198627631063
0,8395,0,0,0.3636492432304811
0,8407,0,0,0.0009656810662500658
0,8417,0,1,0.6838969611066684
0,8423,0,0,0.03929420217309205
0,8426,1,1,0.9496882741239876
0,8431,0,0,0.3595366668420534
0,8432,0,0,0.0017329774398537204
0,8434,0,0,0.0006572795885958138
0,8435,0,0,0.026040648725785546
0,8442,1,1,0.6409573078311614
0,8445,1,1,0.9804218800988309
0,8448,0,0,0.17705927398031554
0,8456,0,0,0.0047032615222710634
0,8465,0,0,0.16573951939517387
0,8466,0,0,0.0035517275223825133
0,8467,0,0,0.038368361015835815
0,8468,0,1,0.879061408575816
0,8474,1,0,0.0385005353367864
0,8475,0,0,0.0032170655779169225
0,8479,0,0,0.009492001528847832
0,8483,0,0,0.0007731765250741958
0,8488,0,1,0.6140484432380413
0,8492,0,0,0.007481184690837049
0,8495,0,0,0.3036994694353918
0,8496,0,0,0.017661430393639568
0,8497,0,1,0.89159313546964
0,8503,1,1,0.9441278238068889
0,8509,0,0,0.06158260790566086
0,8511,0,0,0.0007774583030960786
0,8512,0,1,0.9296913599252434
0,8513,0,0,0.003111133229981713
0,8515,1,1,0.8431070900767752
0,8517,0,0,0.00177218421000484
0,8524,1,1,0.9941682987926267
0,8527,1,1,0.7358046268841797
0,8531,0,0,0.010444083251012115
0,8537,0,0,1.1410770708968285e-05
0,8553,0,0,0.007854823843815256
0,8560,1,1,0.604409989957555
0,8563,0,0,1.8964649534401203e-05
0,8568,0,0,0.02125059551067398
0,8574,0,0,0.020328418092819316
0,8575,0,0,0.498419273042933
0,8576,0,0,0.23164344691682398
0,8581,0,0,0.00037541510025668477
0,8582,0,0,0.012872724084073289
0,8587,0,0,0.03195339762669408
0,8591,0,1,0.744722186495078
0,8594,0,0,9.040863419270513e-05
0,8597,0,0,0.0003430991804253373
0,8601,0,0,0.25394657026138
0,8614,0,1,0.9383152852933051
0,8624,1,1,0.9985995485764636
0,8625,1,1,0.9909907130301798
0,8627,1,0,0.40260928651787414
0,8635,0,0,0.005609744396719925
0,8639,0,0,0.00016264222342004823
0,8649,0,0,0.051242959394854425
0,8651,0,0,0.012951995161344603
0,8655,0,0,0.007537456258784016
0,8663,0,0,7.719220946103686e-05
0,8668,0,0,0.017407722048042275
0,8683,0,1,0.7950942737778341
0,8685,0,0,0.12522835995026688
0,8686,0,0,0.0003047863600106637
0,8692,0,0,0.024394553915952095
0,8701,1,0,0.07677484948297643
0,8707,0,0,1.5225651828142066e-05
0,8708,1,1,0.9937560750183723
0,8717,0,0,0.004753188044265037
0,8720,0,0,4.2545461581863064e-05
0,8722,0,0,0.009044495390369436
0,8724,0,0,0.004158855082993862
0,8728,1,1,0.9565485317662342
0,8731,0,1,0.5960299016836154
0,8734,0,0,0.00745320047120902
0,8737,0,0,0.008928937862186449
0,8739,0,0,0.07670107268572438
0,8746,0,0,0.04550580879032525
0,8758,0,0,0.12376638035714355
0,8761,0,0,0.005411255206205714
0,8762,0,0,0.003935259387096031
0,8772,0,0,0.19151606293585902
0,8774,0,0,0.0006531643324800678
0,8775,0,1,0.9490703242428548
0,8778,0,0,0.10837749220711508
0,8779,0,0,0.00014996669200445056
0,8781,0,0,0.0031817785820545956
0,8782,0,0,0.0013117977719777716
0,8783,0,0,0.005466584712867464
0,8790,1,1,0.970787312975325
0,8794,1,0,0.17846882091567068
0,8807,1,1,0.9392566933950978
0,8810,0,0,0.0005418557835333969
0,8822,0,1,0.6108717976273063
0,8823,0,0,0.0021492621567019946
0,8826,1,1,0.6423093910825545
0,8832,0,1,0.5426255453187153
0,8833,0,0,0.22830559692830585
0,8846,0,0,0.0014354608593373475
0,8848,0,1,0.5248143301102066
0,8850,0,0,0.11131483747319121
0,8852,1,1,0.7663369522071495
0,8854,0,0,0.021833287553953123
0,8860,0,0,0.0008674954156158834
0,8869,0,0,0.003226590261720056
0,8871,0,0,0.0002527441782632993
0,8880,0,0,0.0016540479412929395
0,8885,0,0,0.013127400729077532
0,8889,0,0,0.0031398753288479557
0,8907,0,0,0.07655310255662334
0,8911,0,0,0.0017005176255624477
0,8919,0,0,0.03134483066180471
0,8924,0,0,0.030867908202901907
0,8926,0,0,0.0051548855370740585
0,8927,0,0,0.02645108145267669
0,8936,1,1,0.7879546087628063
0,8940,0,0,0.0019072480052304607
0,8948,0,0,0.2395300412454613
0,8962,0,0,0.0006696187735886909
0,8967,1,0,0.42722017492097547
0,8975,0,0,5.8364842767025416e-05
0,8988,0,1,0.9592542776149853
0,8992,1,1,0.780706058442673
0,9001,0,0,0.00032102567247785694
0,9012,0,0,0.0003182412009010612
0,9013,0,0,0.21932805587173693
0,9028,0,0,0.0193583075187833
0,9033,1,1,0.7449751312972799
0,9035,0,1,0.7325005283477407
0,9036,0,0,0.028470219541885777
0,9040,0,0,0.3103259264530079
0,9044,0,0,0.006556841935784685
0,9051,0,0,0.12573974114768877
0,9053,1,1,0.9917427573554445
0,9055,0,1,0.5606856079034154
0,9056,0,0,0.00706434792370635
0,9062,0,0,0.009290528972950476
0,9063,1,1,0.9813963173455519
0,9073,0,1,0.5872212368027128
0,9092,0,0,0.02520493384364993
0,9110,0,0,0.001806751397363012
0,9111,0,0,3.3752571092105326e-05
0,9114,1,0,0.03223447299603328
0,9120,0,0,0.08646873386203963
0,9142,1,1,0.8194049429473153
0,9143,0,1,0.5179835299225998
0,9144,1,1,0.9981238042024039
0,9145,0,0,0.037770165793082136
0,9146,0,0,0.0008398732633317377
0,9147,0,0,0.0007434159082270091
0,9149,0,0,0.04099591603433156
0,9151,0,0,0.004541879522590835
0,9158,0,0,0.00700785105466727
0,9169,0,0,0.1713389012526973
0,9170,0,1,0.8282787204950498
0,9171,0,0,0.014873939270921066
0,9175,0,0,0.04956267017965127
0,9188,0,1,0.524142567839908
0,9192,1,1,0.8747756670798399
0,9193,0,0,0.0010997315932334138
0,9203,0,0,0.00048509240607746593
0,9207,0,0,0.0018453876242693174
0,9208,0,0,0.002378103051172488
0,9222,1,1,0.9929575515489374
0,9223,0,0,0.03919869835134196
0,9225,0,0,0.0007413332061235962
0,9233,0,0,0.10923837510778937
0,9234,0,0,0.25661770909261417
0,9238,1,1,0.5199313539843332
0,9240,0,0,0.07026805519184436
0,9241,1,1,0.8723777959864516
0,9242,0,0,0.0007084576705445316
0,9243,1,1,0.9684470177437102
0,9249,0,0,0.203177040658896
0,9253,0,0,0.021285301070893405
0,9255,0,0,0.12621862932474306
0,9259,1,0,0.191100654044912
0,9262,0,0,0.00035366974749932907
0,9264,0,0,0.26232366601170803
0,9269,0,0,0.04193046750341129
0,9271,0,0,0.22423498325883898
0,9272,0,0,2.018115324546585e-05
0,9282,1,1,0.6444513006618442
0,9286,0,0,0.008417483393204837
0,9289,0,0,0.15539256801166468
0,9300,0,0,0.0012864227492997674
0,9307,1,0,0.4579258099889708
0,9310,1,0,0.08466393503528465
0,9318,0,0,0.0011402701556894092
0,9320,0,0,0.039002460180594334
0,9321,0,0,0.010150782143175436
0,9327,0,0,0.16228978733207483
0,9332,1,0,0.43386612638834154
0,9336,1,1,0.8599437868067729
0,9338,0,0,0.4944972939409105
0,9355,0,0,0.050777734035312605
0,9356,0,0,0.009107348499649007
0,9358,0,0,0.28700275356692423
0,9363,0,0,0.10013894302362301
0,9364,0,0,0.05721517862952562
0,9367,0,0,0.24565061337114277
0,9369,0,0,0.00015256187147143186
0,9372,1,0,0.01683542936108257
0,9378,0,0,0.039164106739700985
0,9380,1,0,0.19175445406702624
0,9381,0,0,0.17051694722618188
0,9382,1,1,0.990389165803946
0,9394,0,0,0.0003243266407150114
0,9399,1,1,0.9781601512896431
0,9403,0,0,0.08628069459432422
0,9406,0,0,0.021494600860445117
0,9409,0,0,0.017869280465196966
0,9417,0,0,0.0839692458783467
0,9430,0,0,0.4268146932702388
0,9434,0,0,0.028509767412965428
0,9436,0,0,0.0005773449314791693
0,9440,0,0,0.019443904512706375
0,9442,0,0,0.008237243947532934
0,9443,0,0,0.0018687038193742238
0,9445,0,0,0.01563594765030942
0,9448,1,1,0.5154971369366084
0,9455,0,0,0.007384826728777973
0,9475,0,0,0.3103240510219649
0,9482,0,0,0.0003049590090971958
0,9487,0,0,0.03070728122921699
0,9489,0,0,0.08721285770818225
0,9493,0,0,0.09981289836834478
0,9494,0,0,3.8640349839060826e-05
0,9497,0,1,0.9541941132814556
0,9501,1,1,0.8068698067613144
0,9502,0,0,0.44422407760645494
0,9516,0,0,0.005854405190944479
0,9517,0,0,0.04045914498825164
0,9519,0,0,0.0680285582670062
0,9534,0,0,0.004775928414997418
0,9536,0,0,0.0009214645752799688
0,9550,0,0,8.203195235692883e-06
0,9555,0,0,0.010268072988823273
0,9556,0,0,0.040798851864199806
0,9571,0,0,0.24138392332784042
0,9572,0,0,0.0051505391414223955
0,9579,0,0,0.0006432770479230808
0,9590,0,0,0.0009850701284164307
0,9596,0,0,0.11505546736849
0,9598,0,0,0.00025440707387297605
0,9602,0,0,0.38200904693084486
0,9605,0,0,0.2502289404647661
0,9607,0,0,0.40397789440832393
0,9612,0,0,0.2716033215622296
0,9617,1,1,0.5656663157627622
0,9619,0,0,0.0001594471058070226
0,9621,0,0,1.6366549415650892e-06
0,9626,0,0,0.30804131549904845
0,9628,0,1,0.826286203321905
0,9629,0,0,0.012818047655716014
0,9630,0,0,0.0002869300076598497
0,9632,1,1,0.9983480270972858
0,9637,0,0,6.520350646192052e-05
0,9638,0,0,0.03327477666676678
0,9639,1,1,0.9299237692467093
0,9643,0,0,0.015519401564845256
0,9645,0,0,0.0054066145844765484
0,9652,1,1,0.9776615837644672
0,9653,0,0,0.003204635282474245
0,9659,0,1,0.5164424117296672
0,9671,0,0,0.4118451392098414
0,9682,0,1,0.9855912992929815
0,9685,0,0,0.010146711308323668
0,9686,0,1,0.6913412597983275
0,9700,0,0,0.0541510033287661
0,9703,0,0,0.0007333587638765176
0,9708,0,0,0.22469809421535666
0,9712,0,0,0.0002534886061604074
0,9714,0,0,0.00018312055612504076
0,9715,1,0,0.05878272434035064
0,9721,1,0,0.10212926159038294
0,9724,0,0,0.036663721459792284
0,9735,0,0,0.009770042253306641
0,9736,0,0,0.4047047607375282
0,9744,0,1,0.6753044887206258
0,9746,0,0,0.004386752212570022
0,9748,0,0,0.00836557808125736
0,9752,0,0,3.65655262661251e-05
0,9759,0,0,0.09368013770108403
0,9762,0,1,0.9458738526279702
0,9763,0,1,0.9402878894188406
0,9779,0,0,0.014386766480298978
0,9780,0,1,0.9257543351531602
0,9787,0,0,0.0384585976543983
0,9794,0,0,0.07857016891076143
0,9799,0,0,0.000682155668387208
0,9811,0,0,8.022330354703883e-05
0,9817,0,0,0.039233951966356796
0,9819,0,0,4.8950414955680233e-05
0,9820,0,0,0.0381531311650414
0,9830,0,0,0.00155728600744864
0,9831,1,1,0.6243478692474252
0,9838,1,1,0.8825205275270249
0,9841,1,1,0.5909751972645908
0,9844,0,0,0.21929461241042675
0,9848,1,1,0.8143844268824215
0,9858,1,0,0.16435192485038408
0,9859,0,0,0.005049954188529592
0,9869,1,1,0.9258118035691055
0,9872,0,0,0.007993816362489864
0,9878,0,0,0.009699177423266843
0,9882,0,0,0.0010290436962872716
0,9885,0,0,0.01722857265647749
0,9887,0,0,0.1977589159860231
0,9896,0,0,0.0033650321100550723
0,9900,0,0,0.010639033845096173
0,9902,0,0,0.010108581420632793
0,9905,0,0,0.0014142546574415855
0,9906,0,0,2.2302413783468285e-05
0,9918,0,0,0.30331881875049227
0,9927,0,1,0.6781265012423203
0,9930,1,1,0.9874767357036535
0,9937,0,0,0.0011908441500593423
0,9945,0,0,0.0834244929569177
0,9947,0,0,0.06637181071959093
0,9948,0,0,0.003197645601485319
0,9954,0,0,0.00840691492090016
0,9959,0,0,0.13512111962354476
0,9965,1,1,0.9602049352072242
0,9975,0,0,0.003592046418347731
0,9979,0,0,0.04275784515833036
0,9989,0,0,0.0017043746671166519
0,9992,0,0,0.0002483304491599999
0,9994,0,1,0.503375510024189
0,10008,1,1,0.8378505245074355
0,10023,1,1,0.8862492229296077
0,10026,1,1,0.9819226919636129
0,10030,0,0,0.4791045239855715
0,10034,0,0,0.01520116192794486
0,10035,0,0,0.001404814315753704
0,10036,0,0,0.30333053473632227
0,10039,0,1,0.7151404406975098
0,10049,0,0,0.034974018477861475
0,10058,1,0,0.3417487326543704
0,10066,1,1,0.8492865793274145
0,10068,1,1,0.8417313938051095
0,10082,0,0,0.34007648747041685
0,10083,0,1,0.6107307937217328
0,10096,1,1,0.508399950192
0,10099,0,0,0.14604836026677737
0,10105,0,0,0.00012881041983867536
0,10106,0,0,0.009460558615438729
0,10115,0,0,0.000333617493571022
0,10116,1,1,0.6730114160834609
0,10121,0,0,0.0002749605250989336
0,10125,0,1,0.5828010744066038
0,10128,0,0,0.012638744900945223
0,10135,0,0,0.012360999786698528
0,10138,0,0,0.0003731764664328445
0,10146,0,0,0.018839076348089727
0,10147,0,0,0.013827884415849616
0,10154,0,0,0.0007122032365197466
0,10157,0,0,0.00043734927615114656
0,10163,0,0,0.2288347408456952
0,10166,0,0,0.019227186398369026
0,10168,0,0,0.02365671281268948
0,10175,0,0,0.023578810637560642
0,10185,1,1,0.9012508081590748
0,10201,0,0,0.007006543410521392
0,10216,1,0,0.21630922210023099
0,10218,0,1,0.6406416471277631
0,10220,0,0,0.0034690720055703616
0,10229,0,1,0.5622757824404129
0,10230,0,0,0.07651223939828156
0,10237,0,0,2.4691739510332996e-05
0,10238,0,0,0.07387280532848524
0,10239,0,0,0.0022280723032272816
0,10244,1,1,0.961540088642386
0,10248,0,0,0.01371976817387921
0,10250,1,1,0.5027980613443868
0,10254,0,0,0.00022969812211217944
0,10262,0,0,0.009562046500883091
0,10267,0,1,0.7970446753201227
0,10269,0,0,0.0004161093227106972
0,10276,0,0,0.0018447486388408943
0,10277,0,0,0.012084270195347047
0,10283,0,0,0.004278993234734867
0,10287,0,0,0.0009158977901167446
0,10291,0,0,0.0018485733479352666
0,10294,0,1,0.7942116348978134
0,10302,0,0,0.0010724139892542182
0,10305,0,1,0.8960491713757633
0,10318,0,0,0.00586272909790767
0,10326,0,0,0.014934958922729766
0,10332,0,1,0.7270099557366843
0,10342,0,0,0.00019333300370671212
0,10347,0,0,0.23844117431662165
0,10350,0,1,0.6787892547458374
0,10354,0,0,0.002271755588175903
0,10356,0,0,0.01418457426958715
0,10357,0,0,0.37248061781218267
0,10359,0,0,7.387360976797318e-05
0,10362,1,1,0.9772142952893635
0,10370,0,0,0.1255327173840685
0,10371,0,0,0.001027535677232947
0,10372,1,1,0.6049226597931231
0,10391,1,1,0.9992075987505212
0,10399,0,0,0.0010128628312378485
0,10400,0,0,0.00523021862644541
0,10401,0,0,0.10556587116251633
0,10406,0,0,0.0051162874531046065
0,10411,0,0,0.26013718814716535
0,10436,0,0,0.1600729691414476
0,10445,0,0,0.0007394246001575103
0,10446,1,1,0.9499921894012748
0,10449,0,0,0.0005144921613160629
0,10457,0,0,0.008697558919177601
0,10459,0,0,0.1537910806855921
0,10476,0,0,0.10301652133439022
0,10489,0,0,0.005119312716246598
0,10491,0,0,0.015729739453030307
0,10496,1,1,0.7391199348503996
0,10504,0,0,0.0037074413451778864
0,10517,0,1,0.8167197063829849
0,10519,0,0,0.0016154591491172275
0,10524,0,0,0.012026460765981354
0,10527,0,0,0.0011768421170092326
0,10534,0,0,0.005889381358187235
0,10544,0,0,0.06250274024050813
0,10547,0,1,0.5960035878295246
0,10553,0,0,0.14892691324862736
0,10557,1,1,0.6765989082129247
0,10560,0,0,0.08705263884250038
0,10561,0,0,0.27398848741215054
0,10564,0,1,0.9864921930678137
0,10565,0,0,0.000321861539244802
0,10567,0,1,0.6397192479996855
0,10570,0,0,0.0005136368428282207
0,10586,0,0,0.045374238604499774
0,10589,0,0,0.004763900057302434
0,10590,0,0,5.690276226581462e-06
0,10593,0,0,0.002744806022431464
0,10611,1,0,0.018720222627907502
0,10613,0,0,0.462737437569086
0,10619,0,0,0.005068859677525182
0,10621,0,0,0.009908755105970033
0,10625,0,0,0.10806916214505236
0,10627,1,0,0.17551229834721563
0,10633,0,0,0.2521849108412647
0,10634,0,0,0.20685587293126445
0,10635,0,0,0.41012321829738974
0,10643,0,0,0.029561922712693183
0,10650,0,0,0.00012071451450807172
0,10651,0,0,0.3623656884013213
0,10656,0,0,0.00032831940123137276
0,10657,0,0,0.0015288793204612356
0,10667,1,1,0.9764008931162084
0,10669,0,0,3.147636490886594e-05
0,10670,0,0,0.0171544378463343
0,10688,0,0,0.001558787202660394
0,10695,0,0,0.00018102344147942145
0,10702,0,0,0.022169821964894827
0,10703,1,1,0.9425775475753495
0,10707,0,0,0.001327670925550953
0,10711,0,1,0.7797136406042035
0,10712,1,1,0.8507002430681675
0,10713,0,0,0.010074450909368102
0,10717,0,0,0.1424067063034495
0,10719,0,0,0.1900070474180145
0,10729,0,0,0.004419589126222211
0,10732,0,0,0.008534262783074873
0,10737,0,0,0.00026658672975046684
0,10741,0,0,0.0010018603142856355
0,10742,0,1,0.6771024469201423
0,10746,0,0,0.013733495360765765
0,10751,0,0,0.18667681892998475
0,10758,1,1,0.9781153841614575
0,10763,0,0,0.008982144158744857
0,10767,0,0,0.4315631363165199
0,10769,0,0,0.1513655430707513
0,10771,0,0,0.03489650119673159
0,10777,0,0,0.002163289504725137
0,10787,0,0,0.0017667803830856486
0,10796,0,0,0.013941565300948625
0,10798,0,0,0.016506869704115162
0,10802,0,0,0.3019543235186012
0,10809,0,0,0.01980450086750954
0,10823,0,0,0.0011441936419650097
0,10824,0,1,0.7149315655521064
0,10829,0,0,0.012831577368619767
0,10835,0,0,0.022189511651348203
0,10836,0,0,0.04103399254243875
0,10840,1,1,0.9827398714625569
0,10841,0,0,0.1503722638207091
0,10844,1,0,0.3139273307403443
0,10845,0,0,0.040349897526064604
0,10846,1,1,0.6231866695847006
0,10853,0,0,0.06646034089103604
0,10856,0,0,0.01585940214203159
0,10860,0,0,0.0019480605881024423
0,10861,0,0,0.02648562473014445
0,10870,0,0,0.004723224449271666
0,10872,0,0,0.023391398391627714
0,10873,1,0,0.013867893275806894
0,10875,1,1,0.6123843145177207
0,10876,1,0,0.08164844495983618
0,10878,0,0,0.14336128998407388
0,10890,0,0,0.00011514459801709498
0,10894,0,0,0.3916935830507585
0,10903,0,0,0.005716487032590343
0,10904,0,0,0.17368897081644655
0,10909,0,0,0.17343642611322063
0,10916,0,0,0.00027372052533906254
0,10917,1,1,0.7190119115016329
0,10920,0,0,0.3833649197302324
0,10925,0,0,0.0029238193729368917
0,10926,0,0,0.009556900463489301
0,10927,0,0,0.0002430055065773075
0,10929,0,0,0.00160048887715016
0,10930,0,0,0.00842874915800938
0,10946,0,1,0.7908175357466848
0,10951,0,0,0.16833079522618227
0,10954,0,0,0.00048124781890623554
0,10959,0,0,0.032070374976855796
0,10967,0,0,0.029191165122552397
0,10992,0,0,0.16821421044723803
0,10993,1,1,0.9747239454301018
0,11000,0,0,0.00588434174989616
0,11004,0,0,0.0006621657117168734
0,11005,0,0,0.44041303936939385
0,11011,0,0,0.018539332118954942
0,11013,1,1,0.9585787554915752
0,11028,0,0,0.028226989819011644
0,11044,0,0,0.008514167682285427
0,11049,0,0,0.3946331606199445
0,11054,0,0,0.20086419497819463
0,11058,0,1,0.6445079514741656
0,11067,1,0,0.04476280350462135
0,11072,0,0,0.48167821348188705
0,11078,1,0,0.335605646242659
0,11081,0,0,0.20866600889273676
0,11084,0,0,0.0011854279585083935
0,11092,0,0,0.13775390745554963
0,11094,0,0,0.0037398326813062564
0,11095,0,0,0.10407305459570915
0,11105,0,0,2.0329968567874262e-05
0,11109,1,1,0.9941304711051779
0,11113,0,1,0.8394989758303085
0,11116,0,0,7.61339558816254e-05
0,11119,0,0,0.0001626723959117338
0,11122,0,0,0.05327403782034426
0,11126,0,0,0.00474484360673679
0,11133,0,0,0.032064061012357474
0,11134,0,0,0.00033889880470645525
0,11137,0,0,0.05845760806322913
0,11142,0,0,0.047070652929771084
0,11143,0,0,0.0008754256367249346
0,11150,0,0,0.0003486781627052394
0,11154,0,0,0.01398500554419583
0,11155,0,0,0.025968288584754494
0,11156,0,0,0.44253589582432623
0,11160,0,0,0.45800376092611444
0,11167,0,0,0.22414760870704534
0,11176,0,1,0.6746337317138335
0,11177,0,0,0.25216386426929455
0,11189,1,1,0.9871275523704024
0,11190,0,0,0.025967057622055728
0,11191,0,0,0.02957123556323639
0,11198,0,1,0.8519457293222077
0,11199,0,0,0.008336395921923069
0,11201,0,0,0.011946000383286403
0,11206,0,0,0.0023338963787445043
0,11207,1,1,0.9626196542647594
0,11217,0,0,0.0031667055764258304
0,11218,1,0,0.27412362851573124
0,11238,0,0,0.011185397066934784
0,11241,0,0,0.025519214334577135
0,11242,1,1,0.9708296206786443
0,11244,0,0,0.21604585922783864
0,11250,0,0,0.02532809633505015
0,11251,0,0,0.0025629154945156587
0,11256,0,1,0.933212732895785
0,11274,0,0,0.04379885146828095
0,11279,1,1,0.8289159562630554
0,11285,0,0,0.03987578143948682
0,11291,0,0,0.0005080555408968051
0,11295,0,0,0.17701509749468397
0,11296,1,1,0.9743625463963664
0,11300,0,0,0.11326459957320378
0,11302,1,1,0.7314170217720662
0,11311,0,0,0.05844515351034918
0,11315,0,0,0.0025087205370067814
0,11318,0,0,0.007565704101679362
0,11319,0,0,0.007587537673508205
0,11320,0,0,0.03752346037461341
0,11328,1,1,0.9676256075107692
0,11330,0,0,0.024676878586859973
0,11331,1,1,0.972940368870189
0,11333,0,0,0.33949369142593055
0,11347,0,0,0.0028886445761965775
0,11349,1,1,0.8689162651375752
0,11356,0,0,0.17805640355770425
0,11357,0,0,0.11918519503823198
0,11362,0,1,0.8287082569696668
0,11363,0,1,0.8176194657359072
0,11365,0,0,0.00121615701276803
0,11381,0,0,0.3318434152952631
0,11386,0,0,0.16168757100229217
0,11390,0,0,0.010724901650126612
0,11394,0,0,0.03130580593069779
0,11403,1,1,0.6064449644954927
0,11409,1,1,0.8275882349694844
0,11417,1,1,0.9232495933969233
0,11421,0,0,0.16738172157054232
0,11432,1,0,0.40982189484691156
0,11436,0,0,5.123935220760933e-05
0,11438,0,0,5.673624295278932e-06
0,11443,0,0,0.00034205418917638344
0,11450,0,0,0.3727619595101797
0,11451,0,0,0.12579566298601585
0,11460,1,1,0.6807157037422443
0,11479,0,0,0.007221194638499633
0,11482,0,0,0.00227642714043765
0,11487,0,1,0.9521207945884089
0,11489,0,1,0.8644845473666003
0,11491,1,1,0.9562703931422959
0,11496,0,0,0.05356531667832356
0,11498,0,0,0.41936637336072824
0,11503,0,0,0.16673402696806544
0,11511,0,0,0.005568819265992178
0,11515,1,1,0.5127734680259337
0,11516,0,0,0.033331575825260355
0,11518,0,0,0.00011805117277910023
0,11519,0,0,0.1555898280364244
0,11520,0,0,0.29672963226605964
0,11522,0,0,0.2603187149216068
0,11529,0,0,0.0051588110828794595
0,11534,0,0,0.0007855977029837519
0,11535,0,1,0.5317704304592639
0,11537,0,0,0.12175425934944448
0,11539,0,0,0.005497014617956615
0,11553,0,0,0.0036111917012591143
0,11562,1,1,0.9130081455576567
0,11573,0,0,0.41842842325505236
0,11575,0,0,0.0006775771206352898
0,11585,0,0,0.022305936781439214
0,11604,0,0,0.011114180080729875
0,11606,1,1,0.657938554632365
0,11607,0,0,1.2190294478371286e-05
0,11611,0,0,0.0011897284314579173
0,11613,1,1,0.525398528387163
0,11614,0,0,0.036249495630910115
0,11624,0,0,0.0002819848266892289
0,11629,0,0,0.013081144805749097
0,11631,0,0,0.03676522116984455
0,11632,0,0,0.1385959379617729
0,11635,0,0,0.039786364070996526
0,11636,1,1,0.916319527750806
0,11642,0,0,0.00531590806847638
0,11643,0,0,0.0009797675245641348
0,11648,0,1,0.6591691441665695
0,11650,1,1,0.9795598068814985
0,11653,0,0,0.012815893703380824
0,11656,0,0,0.014212055509560128
0,11661,0,0,0.034596559087549675
0,11667,0,0,0.0002342780946290216
0,11668,0,0,0.06809431879324909
0,11672,1,1,0.98052072018551
0,11683,1,0,0.2994369914446411
0,11687,0,0,0.0024373871968270963
0,11689,0,0,0.022225093970590668
0,11701,1,1,0.9195733981560129
0,11703,0,0,0.00022004302387930978
0,11705,0,0,0.0007026094977495645
0,11708,0,0,0.00015183063085386737
0,11715,0,0,0.007718693621588662
0,11716,1,1,0.9968436060322607
0,11728,0,0,0.0036066109148179793
0,11731,0,0,0.010751479483854015
0,11737,0,0,0.029676972024928177
0,11738,1,1,0.6759778668930887
0,11744,0,1,0.8560479792808736
0,11756,0,0,0.1183928858005956
0,11762,0,0,0.005464890493470359
0,11776,0,0,0.28826957895267097
0,11777,0,0,0.10116208923464765
0,11780,0,0,4.278642481251819e-06
0,11782,0,0,0.010365103543276584
0,11784,1,1,0.7088064629638563
0,11787,0,0,0.03001957295967272
0,11793,0,1,0.7935836372505672
0,11797,1,1,0.641902322729532
0,11801,0,0,0.2935297945107294
0,11802,0,1,0.6921791520447275
0,11807,0,0,0.03354260868977487
0,11831,0,0,0.0033746589574478727
0,11834,1,1,0.5125089300924844
0,11838,0,0,0.005070871761445318
0,11843,0,0,0.009512912940722797
0,11845,0,0,0.08107087183828286
0,11847,1,1,0.8097359048336366
0,11849,1,1,0.8666630432167547
0,11850,0,0,0.0011502374105821275
0,11853,0,0,0.000698420139508885
0,11864,0,0,0.0006991291438678982
0,11867,0,0,0.01226883829894363
0,11869,0,0,0.0012040121764135194
0,11874,0,0,5.133198917675869e-05
0,11876,1,1,0.9112363722408529
0,11877,0,1,0.7766079321909924
0,11878,0,0,0.18227489226057442
0,11888,0,0,0.039693150211086034
0,11893,0,0,0.06050864403942261
0,11897,0,0,0.004805981091891165
0,11912,1,1,0.8731416501091236
0,11915,0,1,0.9397383196242896
0,11927,0,0,0.1394189941669914
0,11936,0,0,0.001088184708598152
0,11939,1,1,0.5255028445665327
0,11944,0,0,0.041502822941753455
0,11947,0,1,0.9013287507758975
0,11957,0,0,0.288700664275943
0,11960,0,0,0.14112683684152053
0,11967,0,1,0.8841717364146561
0,11969,0,0,0.0005738769571890157
0,11974,0,0,0.020688300912356652
0,11976,0,0,0.27459986053114516
0,11979,0,0,0.15780863092315695
0,11982,0,0,0.030839589844637017
0,11983,1,1,0.5901783506687893
0,11984,0,0,0.021096419953478888
0,11990,1,1,0.850361541164585
0,11993,0,0,0.0002463067307789466
0,12005,0,0,0.1055720016855285
0,12007,0,0,2.959167957573666e-05
0,12010,0,0,0.001887201862778808
0,12017,0,0,0.03752630789928256
0,12019,0,0,0.0008946133322645548
0,12021,0,0,0.05831765595082815
0,12022,0,1,0.852686168967804
0,12024,1,1,0.8835530558476407
0,12028,0,0,0.001672574651260319
0,12033,0,0,0.01943022925413181
0,12034,0,1,0.759000679968178
0,12036,0,1,0.5758807394618234
0,12040,0,0,0.0016613760540117241
0,12046,0,0,0.18054693301020247
0,12072,0,0,0.38887821777532267
0,12073,1,1,0.8244342474722084
0,12075,1,0,0.037635590181788234
0,12089,0,0,0.0002448604303508461
0,12094,0,0,0.0007355413488258052
0,12096,0,1,0.5651104173192372
0,12098,0,0,0.07151455271733265
0,12104,0,0,0.051087833051138
0,12106,0,0,0.007162394786957176
0,12108,1,1,0.9514888901847397
0,12118,1,0,0.15873043103967585
0,12123,1,1,0.9739399007733333
0,12137,0,0,0.0010108672936360362
0,12147,0,0,0.00014378135695420661
0,12153,1,0,0.020109583729963566
0,12156,1,1,0.8620175924298565
0,12158,0,1,0.510620440955883
0,12160,0,0,0.414293751963116
0,12168,0,0,0.11354703897644321
0,12172,0,0,0.018307333500977196
0,12175,0,0,0.008817563582795259
0,12177,1,1,0.9771377986484997
0,12184,1,0,0.4417673524641212
0,12186,0,0,0.0005487772149353165
0,12187,0,0,0.001065589302368177
0,12188,1,1,0.9817025281925852
0,12198,1,0,0.28553383011962613
0,12201,0,0,0.003293688231796454
0,12202,0,0,0.0026131786844524924
0,12204,0,0,0.085656384636283
0,12205,0,0,0.007315190377127191
0,12208,0,0,6.706202900363462e-05
0,12222,1,1,0.9915966334483217
0,12229,0,0,0.028798538689753204
0,12230,0,0,0.005888495378479762
0,12231,1,1,0.891531127013443
0,12237,0,1,0.6371008774227009
0,12241,1,1,0.9833973753501288
0,12244,0,0,0.08211194971820433
0,12246,0,0,0.000282870569457553
0,12249,0,0,0.40867888270393216
0,12250,0,1,0.9568432760331148
0,12274,0,0,0.0013470422583806937
0,12275,0,0,0.11790624451092233
0,12285,0,0,0.0005044615884316165
0,12296,0,0,0.05303151641219741
0,12297,0,0,0.004421768162834424
0,12304,0,0,2.8656920410286955e-05
0,12319,1,0,0.10573952261754598
0,12321,0,0,0.003228316795087824
0,12329,0,0,0.0002655361280651175
0,12334,0,0,0.003799758033346524
0,12336,0,0,0.000238189926073347
0,12339,0,0,0.0879360038275702
0,12346,0,0,0.1659828321921413
0,12351,0,0,0.027565739707996684
0,12352,0,0,0.01598754665936503
0,12357,0,0,0.001032486229795551
0,12358,0,0,0.00010314516665260227
0,12373,0,0,0.13650658287098785
0,12374,0,0,0.11325786722577792
0,12376,0,0,0.0004413150818642979
0,12381,0,0,0.00021136014760330041
0,12384,0,1,0.5653648241570884
0,12386,0,0,0.4176682414294963
0,12402,0,1,0.9271037337439463
0,12403,0,0,0.027022362171352676
0,12404,0,0,0.07281180223668958
0,12406,0,0,0.0003170668825437819
0,12416,0,0,0.003299239424324773
0,12423,0,1,0.9479980675044105
0,12425,1,1,0.9484860952578198
0,12428,0,0,0.02712679061198213
0,12430,0,0,0.150698025029261
0,12435,0,0,0.027165650273830184
0,12440,1,1,0.988033927438581
0,12448,0,0,0.038527851753702914
0,12451,1,1,0.9748101708520164
0,12471,0,0,0.00033791162072322514
0,12472,0,0,0.003154213563438081
0,12477,0,0,0.000329609528026829
0,12481,1,0,0.4130719769014803
0,12482,0,0,0.0016298170132390956
0,12485,1,1,0.6587071726280157
0,12490,0,0,0.00026109573041255236
0,12504,0,1,0.7137307646456738
0,12508,1,1,0.9954534416394054
0,12509,0,0,0.00312777626360626
0,12513,0,0,0.0012567295651969793
0,12514,0,0,0.07110904893302145
0,12517,0,0,0.01200023459308625
0,12524,0,0,0.0018516716755351632
0,12526,0,0,0.004831509085195416
0,12542,0,0,0.0015218611184672985
0,12543,0,1,0.8579703576659911
0,12544,0,0,6.110916628905157e-05
0,12545,0,0,0.3324789629635847
0,12550,1,1,0.7203503613485315
0,12552,1,1,0.8912891960084838
0,12572,1,1,0.6773644196800194
0,12580,0,0,0.08502313675613947
0,12582,0,0,0.009262923359250129
0,12586,0,0,0.0008104744652955551
0,12592,1,1,0.995829123457738
0,12593,1,1,0.5038158287969425
0,12594,0,1,0.6034491769395445
0,12595,1,1,0.9876769694885105
0,12601,0,0,0.40950749019550453
0,12610,0,0,0.028535509502068186
0,12616,0,0,0.0003498163742560054
0,12620,0,0,0.007815024439230425
0,12625,0,0,0.0006273147645278297
0,12627,0,0,0.012106978765638675
0,12632,0,0,0.2294627440031601
0,12634,0,0,0.27178411608594166
0,12637,0,0,0.021811482243785697
0,12638,1,1,0.8835694725080094
0,12639,1,1,0.9435936096197255
0,12640,0,0,0.007289701242265691
0,12642,1,1,0.9263381023487908
0,12643,0,1,0.6099113229990778
0,12669,0,0,0.056988551829439564
0,12671,0,0,0.012668053572785136
0,12684,0,0,0.008335382577681426
0,12690,1,1,0.7885024275364739
0,12691,0,0,0.14926610409132796
0,12694,0,0,0.005229757743205714
0,12696,0,0,0.000808749045282328
0,12704,0,0,0.0017426699421878749
0,12705,0,0,0.3728906506946472
0,12716,0,0,0.015651651253640566
0,12722,0,1,0.7580444617171229
0,12724,0,0,0.03451680134224773
0,12727,1,0,0.470210272599265
0,12738,0,0,0.18258544096757312
0,12739,0,1,0.6038642717895013
0,12740,0,1,0.9571003449575303
0,12741,0,0,0.030859730767397033
0,12746,0,0,0.050512238122869056
0,12753,0,0,0.002468807408054486
0,12758,0,1,0.5486628398467094
0,12765,0,0,0.17618891478373408
0,12772,0,1,0.9683620126924832
0,12773,0,0,0.07326881025337553
0,12777,0,0,0.001999776281265577
0,12783,0,0,0.0007657033181675803
0,12798,0,0,0.021247405721475175
0,12806,1,0,0.2731312424191103
0,12808,1,1,0.7733663821797224
0,12812,0,0,0.0025859179778622713
0,12818,0,0,0.00012954878969277802
0,12821,0,0,0.03634313967805428
0,12826,0,0,0.00044785535658789364
0,12838,0,0,0.07522576908449519
0,12851,0,0,0.32092088609854186
0,12861,1,1,0.991607396019743
0,12876,0,0,0.02225774620161575
0,12889,0,0,0.08233009067009373
0,12893,1,1,0.9883017014368358
0,12896,0,0,4.4085543312586024e-05
0,12898,0,0,0.015312135402427743
0,12901,1,0,0.09713640125087192
0,12906,1,1,0.8415385998548981
0,12910,0,0,0.0035637743196059945
0,12921,0,0,0.1073810341083358
0,12928,0,0,0.006324286833880128
0,12930,0,0,0.0008456936031487089
0,12932,0,0,0.19580909382731362
0,12934,0,0,0.10303267594334006
0,12940,0,0,0.040712939980510725
0,12951,1,1,0.7372527697124938
0,12955,1,1,0.5436728900759412
0,12960,0,0,0.005825634387152505
0,12963,0,0,4.869898248374023e-05
0,12972,0,0,6.559122382099363e-05
0,12980,0,0,0.28887303722205815
0,12982,0,0,0.0027579671610578897
0,12984,1,1,0.6107732798105712
0,12994,0,0,0.11101945808905367
0,12997,1,1,0.7151828773127565
0,13006,1,1,0.9057654447531753
0,13018,0,0,0.3086342696864375
0,13025,0,0,0.004608004604811872
0,13031,0,1,0.5578839789728636
0,13040,1,1,0.9837682018784079
0,13043,0,0,0.014013778893813843
0,13044,1,1,0.8774765620226059
0,13051,0,0,0.4723679125036967
0,13054,1,1,0.9839512013338299
0,13055,0,0,0.0001029515727375149
0,13069,0,0,0.06063479032192852
0,13073,0,0,0.003154991595746376
0,13074,0,0,0.004597805653556873
0,13078,0,0,0.009697448918907824
0,13088,1,1,0.69173522303798
0,13093,0,0,7.957876665115355e-05
0,13097,0,1,0.5953140703414438
0,13098,0,0,0.028125626310531976
0,13099,0,0,0.0008226330001065923
0,13100,0,0,0.003365626284354444
0,13104,0,0,0.2966917977160927
0,13117,0,0,0.0038049145928693495
0,13119,0,0,2.1294608326073308e-05
0,13123,0,0,0.05100561527257919
0,13128,0,0,0.00952741956000742
0,13132,0,0,7.223768263111241e-05
0,13140,0,0,0.13463314959616074
0,13142,0,0,0.0007497056290213541
0,13152,0,0,0.00021680235475484585
0,13158,0,0,0.12935933231183416
0,13166,0,0,6.83744174127658e-05
0,13172,0,1,0.8102619057455015
0,13176,1,1,0.8832773571670248
0,13184,0,0,0.07614164832976258
0,13185,0,0,0.0016477167705848492
0,13187,0,0,0.3411115665360708
0,13188,0,0,0.011497969507854762
0,13191,0,0,0.35745263820723744
0,13192,0,0,3.2441382989117596e-05
0,13198,0,1,0.606776378180297
0,13199,1,0,0.4571270357022042
0,13208,1,1,0.9510248757407378
0,13226,0,0,0.018354143648247386
0,13228,0,0,0.01818426432530881
0,13240,1,0,0.31247680331287647
0,13247,0,0,0.018956825681428195
0,13249,0,1,0.5763423502079457
0,13252,0,0,0.0641842721376911
0,13256,0,1,0.9219206789540143
0,13259,0,0,0.00022700495145871823
0,13260,1,1,0.9330546834068633
0,13261,0,0,0.060602360011440905
0,13263,0,0,0.001930822520711173
0,13267,0,0,0.04988985058244914
0,13270,0,0,0.008093816539911569
0,13274,0,0,0.41953956817728344
0,13275,0,0,1.8954763475858013e-05
0,13277,1,1,0.9980399631978236
0,13284,0,0,0.00010151823753481538
0,13288,0,0,0.07231596376365991
0,13299,0,0,0.0375709166043381
0,13306,0,1,0.7733932618173053
0,13309,0,0,0.011619046931688732
0,13313,1,1,0.9675582406515004
0,13317,0,0,0.008349702046732032
0,13320,0,0,0.006416009599096845
0,13321,0,0,0.3819024778197598
0,13323,0,0,2.1426023079050292e-05
0,13324,0,0,0.00010725553089105292
0,13326,0,0,0.08267323760098662
0,13330,0,0,1.5452778231263646e-05
0,13333,0,0,0.2748548934291563
0,13338,1,0,0.32848989517551763
0,13349,1,1,0.9964899511030655
0,13356,1,1,0.65894315836196
0,13362,0,0,0.19386227722233323
0,13366,1,1,0.8175944669757808
0,13367,1,1,0.9799637766086039
0,13376,1,1,0.8678147800753572
0,13381,0,0,0.0013960847516442593
0,13392,0,0,0.0011913594198354508
0,13393,0,0,0.027008960102173636
0,13404,0,0,4.318358338622822e-05
0,13406,0,0,0.00015740993368860905
0,13412,1,1,0.9540463408448783
0,13415,1,1,0.6604861434604724
0,13420,0,0,0.14454837141449547
0,13424,0,0,0.013103957248112056
0,13426,0,1,0.8094692226636165
0,13434,0,0,0.0005586591704542877
0,13436,0,0,0.01832516996473312
0,13439,0,0,0.43613049019061784
0,13455,0,0,0.07534571420061223
0,13457,0,1,0.8858182322377794
0,13459,0,0,0.00028953719445385295
0,13466,0,0,0.007379797117116439
0,13467,1,1,0.9001287766064643
0,13477,1,0,0.47177349869576646
0,13490,0,0,0.0005492581237714993
0,13496,1,0,0.007865841733385177
0,13503,1,0,0.4479005563012069
0,13504,0,0,0.3336413436735196
0,13512,0,0,0.045139984656998824
0,13520,1,0,0.1078562870809128
0,13524,0,0,0.0022435064244364033
0,13533,1,1,0.955587001757389
0,13536,0,0,8.135762344227881e-05
0,13538,1,0,0.21463186859000713
0,13546,0,0,0.07904778599785062
0,13556,0,0,2.5444369782389465e-05
0,13560,0,1,0.6626247135801998
0,13569,0,0,0.0026220212144144215
0,13574,1,1,0.7959270720451787
0,13576,0,0,0.0025844044975971243
0,13588,0,0,0.0036286322006605603
0,13590,0,0,0.0649799748251396
0,13592,1,1,0.7647484533893555
0,13593,0,1,0.8639106252919
0,13594,0,0,3.868007671567778e-05
0,13600,1,1,0.9786451907739454
0,13601,0,0,0.00015994251636164162
0,13608,0,1,0.7578807812633083
0,13611,0,0,0.2961956536755057
0,13617,0,0,0.3645089725572383
0,13621,0,0,0.14523969706063178
0,13622,0,0,0.3813160992365378
0,13625,0,0,0.018404534989444783
0,13638,0,0,0.0005884187907288859
0,13640,0,0,0.07841187431416156
0,13649,0,0,0.0005153883335596059
0,13652,0,0,0.00015474201319329328
0,13653,0,0,0.23137328731561868
0,13658,1,0,0.062313966438492255
0,13659,0,0,0.124699051393811
0,13660,0,0,0.00015588697499737485
0,13662,0,0,0.21709432502679857
0,13663,0,0,0.05914801799266664
0,13665,0,0,0.00046653296797005445
0,13672,1,1,0.9502466506994313
0,13674,1,1,0.8658836019717053
0,13677,1,1,0.8396852228698892
0,13682,0,0,0.004384321694676179
0,13686,0,0,0.0005890769619151906
0,13696,0,0,0.00013185804380287417
0,13698,0,0,0.005565257722854894
0,13707,0,0,0.001125373253191466
0,13710,0,0,0.4405070179182818
0,13724,0,0,0.00028444614879636254
0,13727,0,0,0.0017216358602263635
0,13728,0,0,0.4585005316602052
0,13734,0,0,0.004625890603184045
0,13744,0,0,0.16794857208715416
0,13746,0,0,0.04866728890473663
0,13748,1,1,0.7257451719267018
0,13755,0,0,0.004985414989217577
0,13764,0,0,0.20958534447459917
0,13767,0,0,0.00046377833260604354
0,13772,0,0,0.11025724369470762
0,13776,1,1,0.7524198770307535
0,13785,0,1,0.8399369509786192
0,13786,1,1,0.9704245339500036
0,13794,0,0,0.002554244117247965
0,13798,0,0,0.00773093022997607
0,13808,0,0,0.0009082303975372787
0,13809,0,0,0.03278949405463845
0,13811,0,0,0.08201819926508029
0,13814,0,0,0.0010715358479937824
0,13815,0,1,0.8461749418237358
0,13819,0,0,0.09173951529418932
0,13821,0,1,0.9353932717848712
0,13824,0,0,0.2966092627067963
0,13826,1,1,0.5804565783986565
0,13827,0,0,0.0016558793397970985
0,13833,0,0,0.018486257598627893
0,13839,1,1,0.8930417798725676
0,13845,0,0,0.01155588306383798
0,13855,0,0,0.16010671336815274
0,13862,1,1,0.7149194645250597
0,13863,0,0,3.311270137208232e-05
0,13868,0,0,8.881255345685707e-05
0,13870,0,0,0.4801443269881242
0,13872,0,0,0.0014244223545541654
0,13878,0,0,0.014977569618633009
0,13879,1,1,0.9944919238168821
0,13882,0,1,0.5134442737739264
0,13890,0,0,0.000566198167804209
0,13893,0,0,0.009101914462650967
0,13894,0,0,0.01603444995567019
0,13895,0,0,0.003936143305422615
0,13898,0,0,0.004110222481112456
0,13902,1,0,0.4666901423073294
0,13905,0,0,0.00912633567720475
0,13908,1,0,0.03211819279114754
0,13912,1,1,0.769547964765518
0,13916,1,0,0.45573594430807635
0,13921,0,0,0.0003451192010794204
0,13935,1,1,0.6291414493955979
0,13940,0,0,0.0023885244630616116
0,13941,1,1,0.6202082635547093
0,13942,0,0,0.0003880110540279673
0,13967,1,1,0.9786237257645238
0,13973,1,1,0.8833838058203675
0,13978,0,1,0.8475332790871097
0,13979,0,0,0.036493999023305364
0,13989,0,0,0.13226986821866313
0,13990,0,0,0.4007377426135245
0,14006,1,0,0.42460144744089856
0,14011,0,0,0.24829673175510208
0,14018,1,0,0.1107684060884746
0,14022,0,0,0.001451200105875303
0,14023,0,0,0.04178479934883995
0,14024,0,0,0.030078017642421084
0,14030,0,0,0.004470445917367796
0,14035,0,1,0.6933458845358186
0,14037,0,0,0.11818162482750975
0,14047,0,0,0.49916523085066866
0,14052,0,0,0.01701925721709494
0,14058,0,0,0.014035666431012993
0,14061,1,1,0.9872759535032258
0,14066,0,0,0.0014083738655886623
0,14076,0,0,0.013555002225291128
0,14080,0,0,0.034349168784417065
0,14081,0,0,0.022329151777439566
0,14082,0,0,0.006094984120784093
0,14083,0,0,0.0008268504572517975
0,14086,0,0,0.00024832179394304767
0,14090,1,1,0.7989628949822686
0,14093,0,0,0.016776584950793018
0,14117,0,0,0.08274456056222457
0,14118,1,1,0.9758463920861098
0,14122,0,0,3.9343671503097673e-05
0,14124,0,0,0.02803865284672416
0,14131,0,0,0.20538176565219088
0,14134,1,0,0.44730422583389795
0,14143,0,0,0.02816598912497483
0,14154,0,0,0.04829081748868106
0,14158,0,0,0.020878245258691766
0,14163,0,1,0.7364215393411571
0,14166,1,1,0.6899381821721382
0,14172,0,0,0.48144111780383414
0,14174,0,0,0.00018032449375197744
0,14178,0,0,0.03178191210650418
0,14179,0,0,0.31013515937288294
0,14180,1,1,0.7913236391511306
0,14181,0,0,0.004505284565187436
0,14184,0,0,0.05679057460757654
0,14186,0,1,0.825464790633101
0,14203,0,0,0.02511827682165776
0,14209,0,0,0.16567790404369448
0,14211,0,1,0.9902811961058574
0,14214,0,0,0.009084146607991226
0,14221,1,0,0.2843923005750121
0,14224,0,0,0.005390470845640568
0,14233,0,0,0.0043541263966943
0,14238,0,1,0.7841229149387736
0,14247,0,0,0.04041258412750879
0,14254,0,1,0.6228974507733017
0,14255,0,0,0.15028850726991894
0,14269,0,0,0.00012937480476910148
0,14273,0,0,0.049143297519480586
0,14276,0,0,0.16104516525164986
0,14280,1,1,0.6341366599990785
0,14283,0,0,0.0010005909272523324
0,14288,0,0,0.05709681285453998
0,14291,0,0,0.02256163480713905
0,14301,0,0,0.0005083336500023844
0,14306,0,1,0.5362511892194458
0,14308,0,0,0.019466085992739635
0,14311,0,0,0.006104226352502787
0,14314,0,0,7.096272704661413e-06
0,14318,0,0,0.018294446108299407
0,14321,0,0,0.04864397395540164
0,14322,1,1,0.8391587071165985
0,14326,0,0,0.10034290273899694
0,14329,0,0,0.09624872694692806
0,14334,0,0,0.03694743599510218
0,14337,1,0,0.07806217676435212
0,14340,0,0,0.13851206595854787
0,14344,0,0,0.001215714570498204
0,14350,0,0,0.050093138021420035
0,14357,0,1,0.6889604381107977
0,14368,0,0,0.1901078772834147
0,14373,0,0,0.0030987271784300636
0,14377,0,0,0.0031661843526673682
0,14380,0,0,0.031360422815789206
0,14384,0,0,0.0006260298079899203
0,14386,0,0,0.015066143916221198
0,14395,0,0,0.023757988932600282
0,14396,0,0,0.00039616858633696007
0,14403,0,0,0.0013984798262284492
0,14414,1,1,0.537968674105339
0,14415,0,1,0.5893850751295785
0,14417,0,0,0.012875840009496644
0,14419,1,1,0.996265313433749
0,14423,0,0,0.1474896561020071
0,14425,0,0,0.07756683084397638
0,14427,0,0,0.009761753235239312
0,14437,0,0,0.0010357497361370423
0,14443,0,1,0.8045391575215188
0,14450,0,0,0.08957321763344582
0,14458,0,0,0.08947764608278316
0,14470,1,1,0.9586655140749964
0,14476,0,0,0.0052638091178604345
0,14477,0,0,6.795608933644429e-06
0,14485,0,0,0.03381644277822706
0,14488,0,0,0.26429348410151193
0,14492,0,0,0.0048259225965020715
0,14498,0,0,0.3709536211093428
0,14499,0,0,0.006792638358355086
0,14500,0,1,0.8448583718810271
0,14501,0,0,0.0023340905509771363
0,14507,0,0,0.022059749197406886
0,14511,0,0,0.016960969999594528
0,14514,0,0,0.004850665021227909
0,14517,0,0,0.0013539240625761665
0,14543,0,0,0.001999491065552579
0,14545,0,0,0.005832196666489206
0,14547,1,0,0.003988673998255786
0,14556,0,0,0.1602229873987316
0,14564,0,0,0.0018104124995505222
0,14573,0,0,0.07321967202358512
0,14575,0,0,0.0005817293697543545
0,14579,0,0,0.12771484840603173
0,14581,1,1,0.7583983989205199
0,14583,0,0,0.0023050917968717014
0,14593,1,1,0.6158447942413563
0,14603,0,0,0.007516050696654665
0,14607,0,1,0.5827974014700422
0,14611,0,0,0.02239201201511564
0,14619,1,1,0.9994309220203929
0,14623,0,0,0.31449066677137144
0,14625,0,0,0.003725660083484204
0,14629,0,0,0.00022545405154679888
0,14631,0,0,0.16890964698038002
0,14642,0,0,0.03964441367358209
0,14643,0,0,0.0010125904968844848
0,14644,0,0,0.015276970205306002
0,14652,0,0,0.047893978470224384
0,14653,0,0,0.00837709026186826
0,14656,0,0,0.0007232270453848281
0,14661,1,1,0.8465822557885071
0,14669,0,0,0.14566337251031222
0,14673,0,0,0.02046285110403094
0,14681,0,0,0.015014206395531674
0,14684,0,0,0.0014452381570538885
0,14685,0,0,0.19961851223472057
0,14688,1,1,0.7257607978757401
0,14698,1,0,0.42676729773234123
0,14703,0,0,0.02582767471499097
0,14713,0,0,4.174451921019534e-05
0,14719,0,1,0.7367244548704502
0,14725,0,0,0.015115911917994992
0,14737,0,0,0.03155146861967472
0,14738,0,1,0.989096752846951
0,14755,0,0,0.00035870733521147565
0,14756,0,0,0.005928964848889837
0,14761,1,1,0.9846351352946776
0,14763,0,0,2.9203721573370423e-05
0,14768,0,0,0.2661908443750954
0,14773,1,1,0.7839000386342334
0,14774,0,0,0.014233239425355324
0,14775,0,0,0.0020921533691800813
0,14780,0,1,0.8823270547084963
0,14785,1,1,0.8090984419679452
0,14786,1,1,0.8703068226995331
0,14787,0,0,0.44397818189200017
0,14811,0,0,9.128223590870552e-05
0,14813,0,0,0.0009183973351755136
0,14815,0,0,0.0003758747727936897
0,14821,1,1,0.8237246292571504
0,14823,0,0,0.006642904376536693
0,14824,0,0,0.039035950052471916
0,14825,0,0,0.08147388622677477
0,14830,0,0,0.00933950272740086
0,14837,0,0,0.4191962064757572
0,14839,1,1,0.8691721195314911
0,14840,1,0,0.042331768173451106
0,14842,0,0,0.013117384718591656
0,14843,1,1,0.9986296616725067
0,14850,0,0,0.4647710753878445
0,14853,0,0,0.00011541509173313483
0,14854,0,1,0.6360706483281984
0,14861,0,0,0.001039982599027167
0,14862,1,1,0.939847194694455
0,14865,0,0,0.0022140044862664645
0,14866,1,1,0.8506608464680329
0,14867,0,0,0.0016079577013463611
0,14876,0,0,0.0005540896521799159
0,14879,0,1,0.6963851684978942
0,14887,1,1,0.8169213190583426
0,14888,0,0,0.31320950254848
0,14897,0,0,0.0003672784705084743
0,14899,0,0,0.23626481641844402
0,14904,1,1,0.992710372071146
0,14912,0,0,0.0143250394427883
0,14919,1,1,0.9967149246003492
0,14920,1,1,0.9890686444365264
0,14923,0,0,0.03264028065710951
0,14925,0,0,0.063227395977898
0,14926,0,0,0.004577181372066566
0,14929,0,0,0.06083162919634633
0,14931,0,0,0.36091811495083015
0,14933,0,0,0.08773549637240788
0,14934,0,0,0.00042273564593034576
0,14940,0,0,0.003466450183079403
0,14947,1,1,0.9790003587927469
0,14950,1,1,0.9937571641980331
0,14956,1,1,0.9714582132769822
0,14957,0,0,0.03328857619480929
0,14962,1,0,0.039509868291427275
0,14963,0,1,0.6721782348693823
0,14966,1,1,0.9838167410446766
0,14970,1,1,0.9950461450702786
0,14971,0,0,0.004157798460226342
0,14995,0,0,0.0628394796044519
0,14998,1,1,0.9512806561289159
0,15007,0,0,0.01323954328087316
0,15010,0,0,0.00361201400709792
0,15011,1,0,0.330747228487175
0,15015,0,0,0.20478601077135408
0,15022,1,1,0.8591883703139251
0,15027,0,0,0.00012803923815448635
0,15031,0,0,0.00020219654901071336
0,15032,1,0,0.4131531462633643
0,15035,0,0,0.0009284681640510575
0,15038,0,1,0.9573507045868382
0,15039,0,0,0.4680004571312758
0,15040,0,0,0.2348244911156402
0,15044,0,0,0.028528905207084062
0,15051,0,0,0.005498179713104512
0,15052,0,0,0.11807235388258308
0,15057,0,0,0.0010140790693528986
0,15058,0,0,0.00015753314549348904
0,15064,0,0,0.1068474746449353
0,15066,0,0,0.029349150060427397
0,15072,0,0,0.03740300960400761
0,15075,0,0,0.0012316105264950374
0,15077,0,0,3.2963772858763006e-05
0,15079,0,0,0.007173703225960705
0,15092,0,0,0.01633730406643978
0,15095,0,0,0.049700816218300435
0,15097,0,0,0.4442503646973303
0,15113,1,1,0.9563566497822305
0,15117,1,1,0.9213947762769242
0,15120,0,0,0.0009659359012155438
0,15121,0,0,0.012247334449238766
0,15124,0,0,0.015055135210192055
0,15127,0,0,0.00030385447879220824
0,15130,0,0,0.009341866075429462
0,15133,0,0,0.008459132190538374
0,15134,1,1,0.7951570498940025
0,15142,0,1,0.9760827391954299
0,15144,1,1,0.8964078306014706
0,15147,0,0,0.026885518587684464
0,15152,1,1,0.8641111537269713
0,15154,0,0,0.2517433096078178
0,15160,0,0,7.249625757038904e-05
0,15162,0,1,0.8273930395498694
0,15168,0,0,0.005407389599155519
0,15172,0,0,0.000569356219842351
0,15174,0,0,0.4129398693283895
0,15183,1,0,0.4385021753927304
0,15184,1,1,0.9187295734346537
0,15194,0,0,0.25958773407436686
0,15200,1,1,0.8473871658421712
0,15201,0,0,0.01624678375356789
0,15207,0,1,0.7205046848241213
0,15208,0,1,0.7196574357434593
0,15222,0,0,0.002921639063538771
0,15224,0,1,0.7542427929122845
0,15226,0,0,3.8264125397054636e-05
0,15228,1,1,0.9193196301358509
0,15246,0,0,0.07744196888492297
0,15253,0,0,0.05315904314279614
0,15256,0,0,0.0006696925815375463
0,15262,0,0,0.029848865181297864
0,15271,0,0,0.00042959100392089605
0,15275,0,0,0.013129636337783268
0,15280,0,0,0.0008025509487184465
0,15288,1,1,0.990159465623148
0,15294,0,0,0.00017526480444550197
0,15302,0,0,0.012715611824432102
0,15306,0,0,0.007721022323314005
0,15308,0,0,0.01368149346114926
0,15309,0,0,0.010621145279633166
0,15312,1,1,0.9492364211833962
0,15322,0,1,0.7817627622695186
0,15327,0,0,0.038533118948664916
0,15329,0,0,0.0076627616065515864
0,15331,1,1,0.9995743952080554
0,15332,0,0,0.00012136722913962774
0,15342,0,0,0.008670497937680393
0,15346,0,0,0.16205294777804966
0,15362,0,0,0.00017361631522999993
0,15370,0,0,0.0075422390760924935
0,15374,0,0,0.000264228190766345
0,15381,0,0,0.0003808375203064401
0,15386,1,0,0.19741920785196335
0,15388,1,1,0.8375654429112079
0,15393,0,0,0.0036477894481433556
0,15409,1,1,0.9604185913944949
0,15410,1,1,0.8167150003993182
0,15416,1,1,0.9725808029867976
0,15423,0,0,0.016514193828387366
0,15429,0,0,0.0010095022611860877
0,15434,0,1,0.5954445130853437
0,15435,0,0,0.3112461747806495
0,15442,0,0,0.0166330041203587
0,15447,1,1,0.901538237858922
0,15448,1,1,0.98693981569476
0,15473,0,0,0.00873608608642031
0,15477,1,0,0.16958264870822667
0,15481,0,0,0.00046284801105052456
0,15491,0,0,0.09270996809083504
0,15498,0,0,0.0008000301105745049
0,15499,0,0,0.2552365579405425
0,15503,0,0,0.0013352476902097723
0,15509,1,1,0.8692512160304943
0,15517,0,0,0.12383427234724556
0,15519,1,1,0.755314644173667
0,15521,0,0,0.0006881317757461706
0,15526,0,0,0.02226798235797771
0,15533,0,0,0.01886457587961717
0,15535,0,0,0.006261906236773658
0,15538,0,0,0.00021290610760286202
0,15539,0,1,0.5461686921565312
0,15541,1,1,0.9187939933546306
0,15547,1,1,0.7788246252037181
0,15548,0,0,0.11590845830123303
0,15551,0,0,0.15604681511592977
0,15553,0,0,0.0015115737192241685
0,15564,1,1,0.9030443488073241
0,15566,1,1,0.966495170286279
0,15567,0,1,0.9072752471745361
0,15588,1,0,0.2129070622195862
0,15598,0,0,0.003201010985163913
0,15601,0,0,0.24602433201558843
0,15604,0,0,0.02326424511269779
0,15623,0,0,0.05646024624742965
0,15627,0,0,0.009975367511612779
0,15632,0,0,0.0015219617828667333
0,15633,0,0,0.0221190980431119
0,15635,0,0,0.11932310842385747
0,15641,0,0,0.004717562641476252
0,15642,0,0,0.3645252695629155
0,15643,0,1,0.9374260012452689
0,15649,1,0,0.10529577810897482
0,15651,0,0,0.1603492984681975
0,15655,1,1,0.9168243285930301
0,15658,1,1,0.8748825916574874
0,15662,0,0,0.022923726864405726
0,15663,0,0,0.10886439645032525
0,15665,0,0,0.0036086637214373407
0,15668,1,1,0.9906151062945036
0,15669,0,1,0.7746222094178612
0,15672,0,0,0.006057531512309083
0,15674,0,0,0.014449945712825532
0,15676,1,0,0.34228565214245016
0,15677,0,0,0.12875427449345098
0,15678,0,0,0.024896713573623018
0,15682,0,0,0.3774519969222344
0,15687,0,1,0.508001521557484
0,15689,1,1,0.6617768073277582
0,15692,0,0,0.09776161038754962
0,15697,0,0,0.0008632723719635258
0,15699,0,0,0.006517822554842827
0,15710,0,1,0.6672289280781426
0,15716,1,0,0.39801178721042063
0,15719,0,0,0.2066878028645673
0,15724,1,0,0.0658900606115309
0,15725,0,0,0.009289410648853849
0,15731,1,1,0.8592257060449041
0,15732,0,0,0.0073424949630421935
0,15734,0,0,0.0086451274307831
0,15742,1,0,0.21096666928407043
0,15748,1,1,0.9954593430402782
0,15749,0,0,0.1066184500254457
0,15750,0,0,0.009659333144236565
0,15759,0,1,0.8182687942392505
0,15761,0,0,0.008952336080716931
0,15762,0,1,0.6333908062856094
0,15773,0,1,0.6150098940119632
0,15775,0,0,0.0008271424437518949
0,15785,1,1,0.9944596885188168
0,15790,0,0,0.0047190114247941456
0,15796,0,0,0.00223879650865163
0,15818,0,0,0.01732682324763525
0,15819,0,0,0.41795854236511293
0,15823,0,0,0.012992313067950411
0,15826,0,0,0.047863312675222175
0,15850,0,0,0.0060688079598819125
0,15853,1,1,0.7668420328499902
0,15855,0,0,0.042286692602058265
0,15865,1,1,0.9223636689237632
0,15866,0,0,0.0016553696992675782
0,15868,0,0,0.24879645075846857
0,15870,0,0,1.250606713480858e-05
0,15872,0,0,0.0007197869910439584
0,15874,0,0,0.003911484384369953
0,15876,0,0,0.00571812450025505
0,15877,0,0,8.981424816909334e-06
0,15881,0,0,6.390949778389365e-05
0,15883,0,0,0.14737407640043387
0,15885,0,1,0.8810985692085189
0,15887,0,0,0.060127505442223325
0,15894,0,0,0.0005853159454619959
0,15906,1,0,0.020390362261174563
0,15908,0,0,0.0010632348525509085
0,15910,1,1,0.9767183071723924
0,15918,0,1,0.6827310300602479
0,15920,0,0,0.028839912200474948
0,15921,0,0,0.02659931338164236
0,15926,1,0,0.40317902332633515
0,15932,0,0,0.005520292732349907
0,15946,1,0,0.13802370346942539
0,15959,1,1,0.9240637223981616
0,15960,1,1,0.9750175377063589
0,15963,1,1,0.9473954874823501
0,15967,0,0,0.001739838092461014
0,15968,0,0,0.006721210291420213
0,15971,0,0,0.42378423347144506
0,15972,1,1,0.9311942540430648
0,15979,0,0,0.00014467650698763958
0,15980,1,1,0.5074601534354332
0,15985,0,0,0.005764896295235917
0,15993,1,1,0.84036926999516
0,15994,0,0,0.033237943332024227
0,16003,0,1,0.5381887482434584
0,16005,0,0,0.09770416553770829
0,16013,1,0,0.010252902859851996
0,16014,0,0,0.022422668263206526
0,16015,0,0,0.00033221209024917464
0,16026,1,0,0.21592346458195913
0,16027,0,1,0.5937202610570679
0,16034,0,0,0.0007614983984075471
0,16040,0,0,0.02085755528287896
0,16043,0,1,0.5008350236857649
0,16048,0,0,0.28713192560515294
0,16053,0,0,0.21750506812116588
0,16057,0,1,0.8051848256973807
0,16063,0,0,0.0001468916260933162
0,16067,0,0,0.0369891652341942
0,16074,0,0,0.09418558737138852
0,16079,0,0,0.0009738271155055717
0,16091,1,1,0.7834357215024844
0,16092,0,0,0.0005092744958657137
0,16094,0,0,0.004723045089468555
0,16095,0,0,0.019428366256460522
0,16096,0,0,0.00017940532275501677
0,16103,0,1,0.5269140502269565
0,16106,0,0,0.0019564495870263185
0,16108,0,0,0.41622230026705387
0,16119,0,0,0.009063860283350282
0,16122,0,0,0.0031688080299372293
0,16137,1,1,0.9879814931145328
0,16154,0,1,0.9402838514245425
0,16160,0,0,0.09320478422099344
0,16170,0,0,0.08437409436815116
0,16174,1,1,0.989426698847015
0,16176,0,1,0.6874239189863052
0,16179,0,0,9.372026647056017e-05
0,16186,0,1,0.7195556727263951
0,16196,1,1,0.612998143434196
0,16199,0,1,0.5744009967655772
0,16200,0,0,5.358826168201771e-05
0,16202,1,1,0.506622211927458
0,16204,1,1,0.6590329970172879
0,16209,0,0,0.0007410666651106237
0,16211,1,1,0.6147402612108507
0,16224,1,1,0.986932760619651
0,16229,0,0,0.0007492714259487494
0,16231,1,1,0.9971872984755343
0,16244,1,1,0.739213604487146
0,16245,0,0,0.2856604589548847
0,16248,1,1,0.9985283326621317
0,16250,0,0,0.030471168527771722
0,16252,0,0,0.07823466622260843
0,16259,0,0,0.0006518616857859574
0,16262,1,1,0.9753336892672964
0,16268,0,1,0.6112760188914086
0,16269,0,0,0.014423783827614898
0,16277,0,0,0.05824987603135935
0,16283,1,0,0.26495043311836175
0,16290,1,0,0.07669583677910388
0,16294,0,0,0.006573667130857026
0,16296,0,0,0.0033224802369591707
0,16298,1,1,0.9766714152948323
0,16299,0,0,0.0009622098119574016
0,16303,1,1,0.8950407346729387
0,16304,0,1,0.58080697833015
0,16310,0,0,0.006229976242152945
0,16311,0,0,0.13369020420661729
0,16313,0,0,0.0005238346918542955
0,16316,0,0,0.0008734600532750511
0,16329,0,0,0.0053593961301887545
0,16338,0,0,0.33589623311157846
0,16340,0,0,0.0016725250759638385
0,16343,0,0,6.6043404318041835e-06
0,16344,0,0,0.0012077489880480716
0,16348,0,0,0.007422156802050808
0,16352,0,0,0.005065403259160199
0,16354,0,0,0.045455250471461026
0,16377,1,1,0.9733949546137455
0,16380,1,1,0.9447062539913175
0,16381,0,0,0.03641634949931361
0,16383,0,0,0.02331964345786162
0,16387,0,0,0.03196751393661286
0,16392,0,0,0.001238573012432224
0,16399,0,0,0.0035265700351334137
0,16400,0,0,0.0023995302721481235
0,16401,0,0,0.033130047026655236
0,16404,0,0,0.08166044226600501
0,16407,0,0,0.009306690862011682
0,16411,0,0,0.007783707717937906
0,16415,0,0,0.06049715687481107
0,16417,0,0,0.02694852163891494
0,16432,0,0,0.024999085601680144
0,16439,0,0,0.014812926798922496
0,16446,1,1,0.6738726048186925
0,16450,0,0,0.3025885908311469
0,16458,0,1,0.7685055830366123
0,16459,1,0,0.05455918570766807
0,16461,0,0,0.0009876188506249227
0,16471,0,0,0.010079471495841418
0,16472,0,0,0.2376547930299567
0,16473,1,1,0.9488709743182505
0,16478,0,0,0.0005493461210889266
0,16482,1,1,0.9972594892918575
0,16490,0,0,0.028550929790402087
0,16521,0,0,0.07305758172943179
0,16525,0,0,0.052229953866629285
0,16530,0,0,0.4250895116244665
0,16537,0,0,0.49808648467866995
0,16544,0,0,0.014682431585721406
0,16545,0,0,0.2350812321186215
0,16548,0,1,0.789738539231295
0,16555,0,0,0.00039342741306437205
0,16559,0,0,0.00043567796506324116
0,16568,0,0,0.17390671663803056
0,16589,0,0,0.00013432688262522607
0,16600,0,0,0.006038374839353513
0,16621,0,0,0.004349431397686311
0,16628,0,0,0.01092413413659784
0,16636,1,1,0.6398455160570958
0,16641,1,1,0.9411589089924753
0,16664,1,0,0.012176765886280212
0,16668,1,1,0.7216396345275258
0,16679,0,0,0.1399138908684018
0,16681,0,0,0.23751210692750943
0,16684,0,0,0.0005598254710853669
0,16689,0,0,0.00679788142175321
0,16694,0,0,0.023285354096055165
0,16699,0,0,0.3045649899290802
0,16700,0,0,0.06246053811111871
0,16701,0,0,0.030977270713008768
0,16702,0,0,0.03629698028132668
0,16712,1,0,0.05873972897755178
0,16714,1,1,0.9377917934196137
0,16724,1,1,0.9878491590856624
0,16726,1,1,0.6540466915279688
0,16728,0,0,0.00431486919549514
0,16730,0,0,0.003754342752297118
0,16734,0,0,0.003369329194897058
0,16738,0,1,0.9851575666430211
0,16746,0,0,0.03571690820416394
0,16747,0,1,0.6041116920795175
0,16751,0,0,0.4608621340680251
0,16754,0,0,0.324378299294543
0,16756,0,0,0.37936961108035344
0,16757,0,0,0.0028254514749519784
0,16761,0,0,7.820323932186251e-05
0,16770,1,1,0.9919290033693522
0,16773,0,0,0.0169966772636696
0,16784,0,0,0.015670116471531742
0,16798,0,0,0.35623467898773414
0,16800,0,0,0.022783015640015353
0,16801,0,0,0.00691003918794128
0,16809,0,0,0.09390216921354148
0,16813,0,0,0.07255147834054348
0,16817,0,0,0.001720770322032675
0,16819,1,0,0.4348890566998426
0,16826,0,0,0.002626156387848482
0,16835,0,0,6.209958663062823e-05
0,16847,0,0,0.05086913629251672
0,16857,1,1,0.8799786842928644
0,16860,0,0,0.0017425200937717016
0,16862,0,0,0.01668309107877229
0,16866,0,0,0.015815239965919325
0,16869,1,1,0.8169954711269485
0,16878,0,0,0.02868082724018051
0,16879,0,0,0.029210686018583194
0,16886,1,1,0.9502653959920707
0,16887,0,0,0.0008006063285933558
0,16896,0,0,0.0015305767898831403
0,16897,0,0,0.0020211140117223033
0,16898,0,0,6.637393544712227e-05
0,16904,0,0,0.001556646359031114
0,16911,1,1,0.8273674413659076
0,16913,0,0,0.002147945138819507
0,16914,1,1,0.8479660691941402
0,16917,0,0,0.24324846267851968
0,16926,1,1,0.8888322392312956
0,16928,0,0,0.0010464296919148453
0,16930,0,0,0.49140739331893246
0,16939,1,1,0.9419447811334806
0,16943,0,0,0.04537655351905034
0,16948,1,1,0.6025530323322934
0,16952,0,1,0.6033464151631733
0,16957,1,1,0.9720504779073509
0,16964,0,0,0.04676750747423263
0,16969,1,1,0.9080021217025243
0,16974,0,0,0.0011184744748043809
0,16975,0,0,0.04122470509819975
0,16977,0,0,0.0237485845327044
0,16980,0,0,0.017529272649844052
0,16981,0,0,0.013909899537184682
0,16983,0,0,0.0302930658415128
0,16985,0,0,0.007910884405992486
0,16986,0,0,0.005116142478618962
0,16987,0,1,0.9073656753589121
0,16990,0,0,0.027365002642412043
0,16992,0,0,0.470122493949484
0,16996,0,0,0.0006511157270711651
0,17002,0,1,0.5450030055968296
0,17003,0,0,0.025365409470523972
0,17005,0,0,0.0003752826078866327
0,17010,0,0,0.05632813238102833
0,17014,1,1,0.935182417724765
0,17016,0,0,0.04745400622360321
0,17025,0,0,0.036166439014588825
0,17030,0,1,0.5810097284455367
0,17034,0,0,0.024944256102373153
0,17036,0,0,0.02218997867332441
0,17040,0,0,4.88736210395789e-05
0,17044,0,1,0.8715451432947552
0,17047,0,0,0.04546439523961296
0,17051,0,1,0.9024979872125114
0,17053,0,0,0.0023730833195597747
0,17058,0,0,0.0018886117088007441
0,17067,0,0,0.3553356547244442
0,17075,0,0,0.0009639067403628035
0,17078,1,0,0.3993644282976774
0,17083,0,0,0.058799205779010676
0,17086,0,0,0.03439973975630998
0,17088,1,1,0.9877787326431211
0,17093,0,0,0.006506860031801289
0,17094,1,1,0.9438027464786842
0,17097,0,0,0.15899952558209765
0,17108,0,0,0.0002694019863487646
0,17112,0,0,0.0005919196886251567
0,17113,1,1,0.9871863945133746
0,17114,1,1,0.9961585519328132
0,17120,0,0,0.029118447089099705
0,17121,1,1,0.9325745661492395
0,17128,0,0,0.005360989676336537
0,17135,0,1,0.6069103668000396
0,17137,0,1,0.638410984419858
0,17149,1,0,0.21435972943552106
0,17154,1,1,0.9180891614679995
0,17158,0,0,0.23137827237464692
0,17170,1,0,0.14655550298730563
0,17183,0,0,0.09662545076090652
0,17199,0,0,0.12005437628770316
0,17201,0,1,0.648335295033805
0,17203,0,0,0.4068565432766731
0,17206,0,0,0.06937808046399475
0,17212,0,1,0.9630828517689722
0,17214,0,0,0.0034928293021922662
0,17226,0,0,0.019695932307254572
0,17233,0,0,0.06327742471189723
0,17237,1,0,0.21414253457942348
0,17241,0,0,0.0023339714401108837
0,17246,1,1,0.7162509086681557
0,17250,0,0,0.00035947102583538693
0,17253,0,0,0.10654355394389453
0,17256,0,1,0.7323995669617364
0,17261,0,1,0.6911219502839511
0,17270,0,0,0.0025940621293218673
0,17282,1,1,0.9574702859921664
0,17288,0,0,0.19823363879520686
0,17290,1,0,0.1008617695629838
0,17293,0,0,0.00815835803161892
0,17296,0,0,2.3177005072269504e-05
0,17298,0,0,0.036566694793789496
0,17301,0,0,0.04723905948719092
0,17310,0,1,0.7139720493460637
0,17321,1,0,0.21685161954444251
0,17328,0,0,0.0007681496978734373
0,17330,0,0,0.0006961084038895827
0,17336,0,0,0.006338749949309799
0,17347,0,0,3.7984420281107646e-05
0,17353,0,0,0.01945083080580772
0,17361,0,0,0.013644536134478396
0,17374,0,0,0.010798879930307934
0,17375,1,0,0.38872963768883434
0,17377,0,0,0.4322834867000446
0,17386,0,0,0.00040003567958216526
0,17390,1,1,0.9949801052954088
0,17394,0,0,0.3740662203739837
0,17397,1,1,0.9666541877064554
0,17398,0,1,0.7761981705255931
0,17407,0,0,0.008860710229732427
0,17411,0,1,0.5851918940890505
0,17421,0,0,0.006239867069540906
0,17423,0,0,0.1161110104452337
0,17431,1,0,0.1618821398341793
0,17445,0,0,0.12483013554277829
0,17459,0,0,0.3810363417817838
0,17460,0,0,0.0043908384009169205
0,17462,0,0,0.007991895780049342
0,17480,0,0,0.034752994560504256
0,17486,1,1,0.9980451828690423
0,17489,0,0,0.00013690246985662341
0,17500,1,1,0.9996125291388389
0,17517,1,1,0.6830253762451653
0,17526,1,0,0.4774710856874696
0,17528,1,1,0.8512669843940498
0,17536,1,1,0.9127343481602147
0,17538,0,1,0.644455532816296
0,17539,0,0,0.03305912020370407
0,17540,1,1,0.9515402851884847
0,17544,0,0,0.0023056298831277923
0,17551,0,0,0.14682069103295836
0,17552,0,1,0.6791822819961569
0,17554,0,0,0.0487818008833382
0,17559,0,0,0.003483193811347818
0,17564,0,0,0.299656883623403
0,17566,0,1,0.5484814270446675
0,17567,0,0,0.0004670436117736856
0,17574,1,0,0.250468650276199
0,17577,0,0,0.0009171817786211321
0,17580,0,0,0.002016695274077596
0,17582,1,1,0.9921087106963702
0,17592,0,0,0.3383951446960846
0,17593,0,1,0.6104676100168522
0,17594,0,0,0.04343135735068081
0,17598,0,0,0.0005053471845190179
0,17600,0,0,0.00046923723723403033
0,17602,1,1,0.9083782862787405
0,17606,0,0,0.0006471984060210536
0,17609,0,0,0.00020410213752408625
0,17621,0,0,0.00450900984889908
0,17631,0,0,0.0008478034882173971
0,17632,1,1,0.9923637836388551
0,17633,0,0,0.017103755637194754
0,17637,0,0,8.045386625128008e-05
0,17639,0,0,0.0003280926015665009
0,17641,0,0,0.02334467442664831
0,17644,0,0,0.0022375425573472178
0,17651,1,1,0.9954304267140934
0,17653,0,0,0.3557491392184401
0,17657,1,1,0.9414155478323326
0,17660,0,0,0.0651445681147729
0,17661,0,1,0.5043463152200106
0,17665,0,0,0.09592578472808476
0,17673,1,1,0.9582653049924108
0,17686,0,0,0.002348990094112238
0,17689,0,0,0.025034262215637055
0,17695,0,0,0.00024126439627982264
0,17698,0,1,0.628941072910802
0,17703,0,0,0.043330247710329964
0,17706,0,0,0.00024210192894872102
0,17710,0,0,0.01654323193753561
0,17711,0,0,0.0038669668518716786
0,17712,0,0,0.00016907776976490306
0,17728,0,0,0.0007864676391538881
0,17739,0,0,0.27497679971894284
0,17742,1,1,0.9942149515953812
0,17744,0,0,0.1163220547939634
0,17745,0,0,0.2732998967573631
0,17752,0,0,0.021322187642118302
0,17754,0,0,0.004001162771058649
0,17763,0,1,0.7810804705919774
0,17774,0,0,0.06212475504929045
0,17777,0,0,0.018566222229751798
0,17787,0,0,0.00044815448385254286
0,17789,0,0,0.24678255930782997
0,17793,0,0,0.000981319059291544
0,17799,1,1,0.7118860212609602
0,17800,0,0,0.0016929976662330179
0,17802,0,0,0.02836614919648392
0,17806,1,1,0.995027455374038
0,17815,0,0,0.08910869375826161
0,17825,1,1,0.6872733236096742
0,17828,0,0,0.012278037474151062
0,17829,1,1,0.8679008746622136
0,17831,0,0,0.1048987928495957
0,17837,0,1,0.6428148744769141
0,17841,0,0,0.3064005133672942
0,17845,0,1,0.7370418633949363
0,17849,0,0,0.01890593866069835
0,17863,0,0,0.00010450132030293562
0,17864,1,1,0.9613865703221517
0,17868,0,0,0.07381632524065676
0,17869,0,0,0.001543338102688471
0,17870,0,0,0.25398791552658884
0,17872,0,0,0.43517822492368174
0,17877,0,0,0.004818205308572681
0,17893,0,0,0.024273883030278998
0,17894,0,0,0.015784743136445414
0,17896,1,1,0.9423178480796737
0,17897,0,0,0.0005087788294901982
0,17903,0,0,0.0002201441588882646
0,17909,1,1,0.8919265851404001
0,17911,0,1,0.7411724785108986
0,17914,0,0,0.2656312982326325
0,17916,1,0,0.13864670518799202
0,17925,0,0,0.40059990007979557
0,17941,0,0,0.0013828386175152169
0,17945,0,0,0.012695111236677199
0,17950,0,1,0.9049749125916338
0,17954,0,0,0.07449875498775983
0,17958,0,1,0.7645934240737887
0,17967,0,0,0.004785066394865935
0,17970,0,0,0.029602334643213553
0,17992,0,0,0.0014407958159714386
0,17993,0,0,0.2686043469345009
0,17996,0,0,0.00046707763391585664
0,17997,0,0,0.15105448655295786
0,17998,1,1,0.9714449331977235
0,17999,0,0,0.06823084677951942
0,18002,0,0,0.06829058559303089
0,18012,0,0,0.0012014425573893361
0,18021,0,0,0.001422635286632336
0,18028,1,0,0.04240084122542876
0,18029,0,0,0.41716277299883014
0,18033,0,0,0.04118466394881348
0,18034,0,0,0.45784209108331836
0,18041,0,0,0.37716118855905967
0,18044,0,0,0.0026746656894691056
0,18047,1,1,0.9461956602567867
0,18052,0,0,0.008246650941366495
0,18060,1,1,0.8895672538902577
0,18061,0,0,0.0008706401360529728
0,18070,0,0,0.01049113490820198
0,18073,0,0,0.017476645831087642
0,18074,0,0,8.750444561268696e-05
0,18076,0,0,0.0412925174476179
0,18079,0,0,0.006326736658555323
0,18092,1,1,0.98439152430354
0,18097,0,0,0.003762744646948046
0,18118,1,1,0.5583132774796609
0,18119,0,0,0.17066669665905376
0,18123,0,0,0.01479420444143023
0,18124,0,0,0.0021373050365327624
0,18134,1,1,0.7726421181540218
0,18138,0,1,0.574389372757588
0,18139,0,0,0.000819770139678323
0,18143,0,0,0.001660466337267593
0,18144,0,0,0.13224275974194966
0,18151,0,0,0.0008084934530030375
0,18158,0,0,0.017506962704049542
0,18160,0,0,0.03330185513317509
0,18170,0,0,0.0005387132573127764
0,18173,0,0,0.012227055819825165
0,18179,0,0,0.23651393234931503
0,18182,1,0,0.16523360046859417
0,18191,0,0,0.10092480206840909
0,18196,0,1,0.959385437625953
0,18202,0,0,0.1334042648329745
0,18203,0,0,0.005980882367618913
0,18207,0,0,0.015517850366125888
0,18216,1,1,0.9941411588221933
0,18221,0,0,0.0011203166601804634
0,18225,0,0,0.0009348082635988677
0,18227,0,0,0.015688334170102857
0,18231,0,0,0.018784729570570965
0,18233,0,0,0.3084307420422424
0,18242,1,1,0.8928044710091101
0,18249,0,0,0.004749438881108129
0,18252,0,1,0.5880364938800295
0,18258,1,1,0.9991583673257839
0,18262,0,1,0.6390425725671477
0,18264,1,1,0.8895867044815006
0,18265,0,0,0.0017585433670325142
0,18267,0,1,0.9489738262855651
0,18268,0,0,0.03045904422543598
0,18279,0,0,0.1180014041604795
0,18280,0,0,0.0006632389176093948
0,18283,0,0,0.07674002479525042
0,18292,0,0,0.03734047011570664
0,18295,0,0,0.0013942179482923115
0,18298,0,0,0.06458817359190742
0,18301,0,1,0.7901922020730711
0,18306,0,0,0.24054031437354279
0,18318,0,0,0.025227211701556628
0,18323,0,1,0.519024535751926
0,18326,0,0,0.01385835978610455
0,18331,0,0,0.020525985142964966
0,18334,1,1,0.9814136914731006
0,18341,0,1,0.8305541079763866
0,18349,0,0,0.02033471790349775
0,18350,0,0,0.0013093742294384666
0,18355,0,0,0.3983220691475585
0,18361,0,0,0.00134771567982678
0,18372,0,0,0.19047674972971587
0,18376,0,0,0.0004418472935815827
0,18381,1,1,0.7586809490208555
0,18393,0,0,0.2953346302575371
0,18400,1,1,0.8714746060079785
0,18403,0,0,0.041677829543086735
0,18407,0,0,0.02127936022317535
0,18411,0,0,0.12347648008679275
0,18412,0,0,0.3329827239227703
0,18413,0,0,0.009567950380142713
0,18428,0,0,0.0008932405859457486
0,18437,0,0,0.01503733573226534
0,18441,1,1,0.8612368856749183
0,18455,1,1,0.9813165233986711
0,18456,1,1,0.9210231759996864
0,18458,0,0,0.0008462865428766671
0,18459,1,1,0.6748481338272003
0,18462,0,0,0.0003646996306127541
0,18467,1,0,0.09459182416142355
0,18473,0,0,0.009759732083822087
0,18476,0,0,0.48089331499514376
0,18483,1,0,0.03500219318234769
0,18506,0,0,0.017146856678240025
0,18512,0,0,0.02521795635862469
0,18516,0,0,0.00963692371037637
0,18518,1,1,0.64445187607941
0,18520,0,1,0.9022168718440228
0,18525,0,0,0.06650888602378169
0,18534,0,0,0.03985932965004791
0,18540,0,0,0.0022866843500219383
0,18542,0,0,0.10561621764381067
0,18544,0,0,0.3753945439829828
0,18553,0,0,0.042409567705480426
0,18555,0,0,7.777567902904487e-06
0,18564,1,1,0.9721616551915682
0,18581,0,0,0.006956407868738449
0,18584,0,0,0.10522697800997907
0,18586,0,0,0.06576693792993461
0,18587,0,0,0.09464036715815752
0,18588,1,1,0.9084107063732947
0,18592,0,0,0.0005760734183176085
0,18595,0,0,0.0003953775210639025
0,18597,0,0,0.014989948669567073
0,18598,0,0,0.004372549656957466
0,18600,0,0,0.07344156534309743
0,18601,0,0,0.11924355641364276
0,18609,0,0,0.0012111185899362476
0,18616,0,0,0.009835027052921996
0,18619,0,0,0.31328646127727516
0,18634,0,0,0.48851386983016104
0,18638,1,1,0.990976007283979
0,18645,0,0,0.23183201870931902
0,18646,0,0,0.029421334197827335
0,18653,1,1,0.9702703301713785
0,18654,0,0,0.01973762726368545
0,18657,0,0,0.005466749576126172
0,18660,0,1,0.7322175338361532
0,18664,0,0,0.0001949521870393159
0,18670,1,0,0.4295454226174893
0,18683,0,0,0.02992863000962908
0,18685,0,0,0.015931616175969932
0,18688,0,0,0.000440343128591328
0,18690,0,0,0.0017159579768983911
0,18691,0,0,0.018125155674010372
0,18692,0,0,0.002499175284844944
0,18703,0,0,0.02072446246652761
0,18708,0,0,0.26173863838525663
0,18710,0,0,0.0013094786089288932
0,18712,0,1,0.7477275360816845
0,18714,0,0,0.0016101509547512033
0,18715,0,0,0.000155919921233625
0,18729,1,1,0.9456674050608178
0,18730,0,0,0.18352063282652006
0,18741,0,0,0.00550914966326468
0,18745,1,0,0.10114877318195353
0,18753,0,0,0.06105358719977413
0,18756,0,0,0.0336839038073102
0,18758,0,0,0.0005222482367019536
0,18763,0,1,0.596946953270338
0,18770,0,1,0.8172414690403816
0,18772,0,0,0.00022627229660782317
0,18776,0,0,0.021098883888127015
0,18778,0,0,0.0069432870619917245
0,18779,0,0,0.003969512116796072
0,18782,1,0,0.3198433380519174
0,18789,1,1,0.7601601731043278
0,18793,0,0,0.11996447420534005
0,18797,0,1,0.8839823776351228
0,18799,0,0,0.03158831299394743
0,18803,0,0,0.3947301475630516
0,18817,0,0,0.22658161589312328
0,18818,0,0,0.2338446270026225
0,18822,0,0,0.0021130207222589655
0,18828,0,0,0.013779584513249819
0,18832,0,1,0.8477516677653633
0,18835,1,1,0.896609065991079
0,18853,0,0,0.0011300502532851377
0,18857,0,0,0.07836839360689826
0,18862,0,0,0.018316043044793767
0,18863,1,1,0.888317914997072
0,18866,0,0,0.029401929509684968
0,18896,0,1,0.5210666312998867
0,18901,1,1,0.8795925360866045
0,18903,0,0,0.0010316480601488464
0,18905,1,1,0.9059586020190787
0,18912,1,1,0.961704604952193
0,18920,0,0,0.3801979112009725
0,18925,1,1,0.9824924218539275
0,18935,0,0,0.19586524935811087
0,18953,0,0,8.657287461852308e-05
0,18954,0,0,0.03401608276007533
0,18957,0,0,2.9550441448487608e-05
0,18959,0,0,0.00621940473405655
0,18960,0,1,0.8800592957022166
0,18970,0,0,0.28974420131649664
0,18971,0,0,0.002277986760819386
0,18972,0,0,0.022876463809322643
0,18974,0,0,0.3323502853229299
0,18977,0,1,0.8407065004015469
0,18979,0,0,0.014740668174992038
0,18993,1,1,0.9982494422569693
0,18998,0,0,0.014849374195086406
0,19012,1,1,0.9407939875715108
0,19015,0,0,0.0481357023695073
0,19018,0,0,0.009349523318028649
0,19022,0,0,0.006158334860039222
0,19023,1,1,0.8049288563970372
0,19024,0,0,0.1864315070992229
0,19028,0,0,0.007817126378826178
0,19030,0,0,0.03887666389254862
0,19031,0,0,0.0011233161231097787
0,19034,0,0,0.07326395181025237
0,19035,1,1,0.9400545421249249
0,19036,0,0,0.005339382884793425
0,19041,0,0,0.013962070307212427
0,19047,0,0,4.051359530610458e-06
0,19055,0,0,0.3703201317361936
0,19061,0,0,0.09825697698529053
0,19063,0,0,0.2562765026642692
0,19064,1,0,0.19143105098622193
0,19070,0,0,0.011177819072667954
0,19071,0,0,0.40449070048912145
0,19072,0,0,0.004361147122038598
0,19079,0,0,0.002455821668425996
0,19080,1,1,0.9212495937029459
0,19082,0,0,0.15325016829376367
0,19083,0,0,0.20758461144790255
0,19087,0,0,0.0667749457677389
0,19089,0,0,0.3724214632776578
0,19090,0,0,0.0020391540036480012
0,19092,0,1,0.6085482869211766
0,19100,0,0,0.45777986218198546
0,19102,1,1,0.8089194806204609
0,19103,0,0,0.0019871912133833667
0,19105,0,0,0.014420223097445221
0,19108,0,0,0.0025972956343041976
0,19110,1,0,0.2532843054194776
0,19111,0,0,0.026194188433341297
0,19112,0,0,0.013681728568009359
0,19115,1,1,0.9343223840037989
0,19124,0,0,0.0026512763274812
0,19134,0,0,0.09904917366025576
0,19136,0,0,0.09897532474391327
0,19146,0,1,0.8261320093902265
0,19148,1,1,0.7485871770454047
0,19152,0,1,0.6184680212051493
0,19158,0,0,0.0014886173500508627
0,19159,0,0,0.0368677985536704
0,19162,1,1,0.7866737331205691
0,19175,1,0,0.12917061676957178
0,19178,0,1,0.5361980260353133
0,19179,1,1,0.8064890378999086
0,19193,0,0,0.015452384287191166
0,19196,0,0,0.15776098006447561
0,19201,1,1,0.8606640315199514
0,19202,0,0,0.0003129168649797665
0,19205,0,0,0.009812065552114982
0,19209,1,1,0.9953712953688982
0,19210,0,0,0.05998475774143293
0,19217,0,0,0.005033892494053014
0,19219,1,1,0.949689867394899
0,19234,0,0,0.007226344680233757
0,19242,1,1,0.6625792972400801
0,19246,0,1,0.5108735415087868
0,19251,0,0,0.01707944293922831
0,19252,1,1,0.9917989044842762
0,19261,0,0,0.0048769250327222275
0,19263,0,0,0.00013493297285582377
0,19266,0,0,0.0002831129494680889
0,19268,1,1,0.9936811944776517
0,19270,1,1,0.9015558955824601
0,19272,0,0,0.01113311160883025
0,19274,0,0,0.04170049712072833
0,19292,0,0,0.001195358208525684
0,19309,1,1,0.9621231221865443
0,19312,0,0,0.13211363436850956
0,19313,1,1,0.7276724571808314
0,19317,0,0,0.23589170586692892
0,19333,0,0,0.3776861324836441
0,19340,1,1,0.7369251339604845
0,19344,1,1,0.6232052652997109
0,19346,0,0,0.005050512235008852
0,19347,1,1,0.8992824893079167
0,19363,0,0,0.00010977998297721756
0,19376,0,0,0.022013680987249668
0,19377,0,0,0.0014488668320914214
0,19379,0,0,0.013762565102577756
0,19382,0,0,0.01284641000272361
0,19390,0,0,0.00535584060773746
0,19392,0,0,0.018481116606194246
0,19394,0,0,0.1502569047674951
0,19400,0,0,0.00043635740087860685
0,19401,0,0,0.09234864998864425
0,19408,0,0,7.212706071828359e-05
0,19409,0,0,0.12993927086169332
0,19414,0,1,0.8319322471698309
0,19419,0,0,0.05463732890844376
0,19422,0,1,0.6322647936522515
0,19423,1,1,0.8430394443276421
0,19424,0,0,0.036949959262921765
0,19435,0,0,9.654579690242566e-05
0,19437,0,0,0.002055087522803706
0,19440,0,0,0.05929797970655351
0,19445,0,0,0.3606011836018489
0,19447,0,1,0.9726954130627748
0,19452,0,0,0.173075900777143
0,19454,0,1,0.8899213717166252
0,19466,0,0,0.0013551915062681192
0,19478,0,0,0.008953880367418954
0,19482,0,0,0.00913322869736703
0,19483,0,0,0.1548591718512784
0,19484,1,1,0.8818992768443538
0,19489,0,0,0.17520318352739106
0,19494,0,0,0.0001418689270216118
0,19497,0,0,0.0583715636023826
0,19527,0,0,0.0020333242371191793
0,19532,1,1,0.527062598502581
0,19539,1,1,0.9529601436626554
0,19545,1,0,0.1560514626584617
0,19547,1,1,0.837867337319131
0,19551,1,1,0.9212418504088149
0,19554,0,0,0.4450418796661094
0,19559,0,0,0.001436351627671783
0,19561,1,1,0.9649751544665268
0,19567,0,1,0.8317259467367014
0,19576,0,0,0.4725405798750738
0,19585,0,0,0.36704648773976556
0,19586,0,0,0.0007859194515190288
0,19587,1,1,0.6340800530701822
0,19594,0,0,0.00990946233920954
0,19596,0,0,0.0029380078205266166
0,19597,1,1,0.6595390141046146
0,19608,0,0,0.005360649532212106
0,19617,0,1,0.5402685176296362
0,19621,0,0,0.0031039135959887135
0,19623,0,0,0.0005496911966812343
0,19624,0,1,0.6601020316518614
0,19630,1,1,0.8692600378605244
0,19640,0,1,0.8733216946713404
0,19650,0,0,1.5419471604866723e-05
0,19651,1,1,0.7360783581362683
0,19652,1,1,0.928929883250451
0,19653,0,0,0.00016930550086638796
0,19656,1,1,0.8044573475802244
0,19666,1,1,0.984250081279167
0,19667,1,1,0.963129469276956
0,19668,0,0,0.07581884178437341
0,19676,0,1,0.6189298478551788
0,19677,0,0,0.002401668455029301
0,19681,0,0,0.05359331023153796
0,19682,1,1,0.8026362913673385
0,19699,0,0,0.0005780918231656401
0,19700,1,1,0.7653379602803214
0,19704,1,1,0.8041987499474001
0,19706,0,0,0.002087927704257277
0,19707,0,0,0.24525151284451796
0,19712,0,0,8.496312528552084e-05
0,19713,1,0,0.13851519803444293
0,19720,0,1,0.7520194214805656
0,19721,0,0,0.0037848347865787786
0,19725,1,1,0.9280418088211599
0,19726,1,1,0.8617355876991364
0,19737,0,0,0.04249597382937573
0,19738,0,0,0.10876954045304568
0,19747,0,0,0.02686950936367867
0,19757,0,0,0.011329564942022976
0,19766,0,0,0.0008765682043603155
0,19778,0,0,0.031822111410826574
0,19781,0,0,0.0072705355816161865
0,19782,0,0,0.011157330535030353
0,19783,1,1,0.9112082263494807
0,19786,0,0,0.0003261536286309403
0,19794,0,1,0.7525591385410966
0,19800,0,0,0.0009424970022581984
0,19804,0,0,0.0003681234159280435
0,19809,0,0,0.0002847855709325857
0,19811,1,1,0.8411232476422267
0,19818,0,0,0.010989700580748031
0,19822,0,0,0.004207242189464415
0,19832,0,0,0.08096954065605273
0,19833,1,1,0.9966310648337269
0,19834,1,1,0.9589744199382896
0,19835,1,1,0.9078172227079381
0,19839,0,1,0.7013137402192817
0,19844,0,0,0.0018855119355009383
0,19845,0,0,0.010424541838304874
0,19849,0,1,0.6443674555667721
0,19857,0,1,0.8446646168074663
0,19869,0,0,0.021857973095514748
0,19871,0,0,4.3268620031680634e-05
0,19875,0,0,0.02000861463478069
0,19879,0,1,0.7821088580106641
0,19896,0,0,0.2520075729624033
0,19898,0,0,0.23785266648144773
0,19903,0,0,0.00572432389550327
0,19910,1,0,0.14035915811697874
0,19917,0,0,0.28022234191573453
0,19931,0,1,0.8930790864236194
0,19947,0,0,0.00266261332883053
0,19957,0,0,0.0015177473580487522
0,19970,0,0,0.03377261404099127
0,19972,0,0,0.2514173563679704
0,19974,0,0,0.008724068924624705
0,19978,1,1,0.9635330150402869
0,19997,1,1,0.987181539031878
0,20000,1,1,0.9224051566943051
0,20003,1,1,0.8881848257979456
0,20005,0,0,0.0004266757289696778
0,20013,1,0,0.45854472245480493
0,20021,0,1,0.8081172100554121
0,20025,0,1,0.7026317902525968
0,20028,1,1,0.9504683733497599
0,20030,1,1,0.8595359037259902
0,20036,1,1,0.6511610041812472
0,20048,0,0,0.10004698862174984
0,20050,0,0,6.115504357476418e-05
0,20051,0,1,0.8821759905802596
0,20057,0,0,0.03516512176591237
0,20059,0,0,0.04984648413991914
0,20060,0,0,0.012377182452470678
0,20065,1,1,0.9499279896242777
0,20068,0,0,0.01169214138884549
0,20069,0,0,0.017880267467139895
0,20074,0,0,0.39376838648566675
0,20079,0,0,1.4759259811922373e-05
0,20101,1,1,0.9380805304788232
0,20103,0,0,0.07572385506895418
0,20106,0,0,0.008418240410099528
0,20112,1,0,0.44433137279287177
0,20113,0,0,0.1959304823251682
0,20116,0,0,0.0013337742349357154
0,20117,0,0,0.11484280300571693
0,20120,0,0,0.04281090723155327
0,20134,0,0,0.006249412152544096
0,20135,1,0,0.32899117226752655
0,20137,1,1,0.9889443108006756
0,20143,0,0,0.28678921379263855
0,20148,0,0,0.18670742799802204
0,20158,0,0,0.00035121099486756834
0,20159,0,0,0.05084381432590394
0,20160,0,0,0.007499636599760939
0,20168,1,1,0.9511461912402278
0,20169,0,1,0.6434020918039293
0,20178,1,0,0.04836186645767321
0,20182,0,0,0.012539215648577205
0,20183,0,0,0.034280015899833885
0,20188,0,0,0.020026252410246505
0,20189,0,0,0.036009137670084075
0,20191,0,0,0.00016044272483973522
0,20200,0,0,0.01480325059717447
0,20201,0,0,0.000197644957486363
0,20205,1,0,0.3916940243837219
0,20214,0,0,0.05411119438896278
0,20215,0,0,0.15813705546108967
0,20222,1,1,0.8269201866773135
0,20226,0,0,0.42816599270351635
0,20238,0,0,0.04396665735557552
0,20241,0,0,1.2926970991332675e-05
0,20242,0,0,0.006257391134525999
0,20246,1,1,0.9689342031470521
0,20248,0,0,0.39152437148823316
0,20250,0,0,0.02042269015877106
0,20252,0,0,0.018402134413059303
0,20254,1,1,0.6374402209015444
0,20268,0,0,0.011317584320372562
0,20275,0,1,0.9315581869660334
0,20280,1,1,0.930722105884588
0,20285,1,1,0.8281531172742578
0,20302,1,1,0.9932702692998091
0,20304,0,0,0.2127509436570766
0,20311,0,0,0.00041680657437905065
0,20312,1,1,0.9912445105246585
0,20313,0,0,0.06734870088931628
0,20315,0,0,0.032425067683557234
0,20327,0,1,0.6367390093800204
0,20328,0,0,0.06100988511505106
0,20329,0,0,3.718515659498941e-05
0,20335,0,0,0.002628290743452593
0,20337,0,0,0.0010755812263526742
0,20341,0,0,0.3550222212034992
0,20344,0,0,0.0007243004378704923
0,20349,0,0,0.0032540976993864273
0,20350,0,1,0.6509758893068819
0,20353,1,0,0.2120450570735938
0,20355,1,1,0.9761937202242646
0,20356,0,0,0.011241224589796877
0,20362,0,0,0.0006144521894979564
0,20365,0,1,0.8302268511387304
0,20382,1,0,0.321268411877847
0,20384,0,0,0.0031583357926518035
0,20390,0,0,9.71020081301493e-05
0,20391,0,0,0.002499197347826843
0,20392,1,1,0.9204363214638518
0,20393,1,1,0.9825020299166886
0,20397,0,0,0.010832280410499379
0,20405,0,0,0.08977090147755748
0,20410,0,0,0.292614935538735
0,20417,0,0,0.0019633154069598198
0,20418,0,0,0.3252734372063659
0,20422,0,0,0.13275125617508082
0,20430,0,0,0.004651872321185877
0,20438,1,0,0.48541118528145005
0,20441,0,0,0.4491794050663288
0,20444,0,0,0.0008279178693545937
0,20447,1,0,0.4245152836316824
0,20456,0,0,0.037143199740949394
0,20459,0,0,0.04778665291295664
0,20466,0,1,0.9219968643162453
0,20469,0,1,0.7066211000091962
0,20486,0,0,0.1035881946060731
0,20487,0,0,0.006294928343612755
0,20493,0,0,0.007702753579692642
0,20496,0,1,0.5155654779630995
0,20501,0,0,0.0018617258729110694
0,20503,1,1,0.8760604074044736
0,20504,0,0,0.26161738275931506
0,20508,0,0,0.3500605433236498
0,20518,0,0,0.0002931227228792097
0,20519,0,0,0.001541187364061718
0,20520,0,1,0.9684704439741121
0,20526,1,1,0.8015720770882039
0,20528,0,1,0.9131485794359074
0,20535,0,0,0.26731554330960555
0,20539,0,0,0.013259032192233542
0,20545,0,0,0.0005251069559710185
0,20546,0,0,0.02159177476568757
0,20551,1,1,0.9307975612107582
0,20552,1,1,0.9776568176555791
0,20553,1,1,0.9061728949988627
0,20556,0,0,0.0002237108231646103
0,20557,0,0,0.3517580690079159
0,20558,0,0,0.01997854490270168
0,20564,0,0,0.0031440883027973273
0,20565,1,1,0.9530844949955514
0,20567,0,0,0.07537987654498383
0,20568,0,1,0.6517252957375895
0,20569,0,0,0.02779038683059053
0,20572,0,1,0.6450908497816825
0,20581,0,0,0.0010584676799773928
0,20583,0,0,0.05107466739364639
0,20587,0,0,0.015169068028651185
0,20590,0,0,0.005520581077155961
0,20611,0,0,0.0010104500972216972
0,20612,0,0,0.0040466752272130275
0,20613,0,0,0.0632430282295393
0,20618,1,1,0.6828034471136759
0,20619,1,1,0.5305022354453558
0,20625,0,0,0.0015204072203734208
0,20628,0,0,0.006122284750877555
0,20629,1,1,0.7598217979586024
0,20636,0,0,0.0016108459756564843
0,20649,0,0,6.368941036363772e-05
0,20651,0,1,0.9075623228620132
0,20652,0,0,0.0086991369013519
0,20657,1,1,0.8978971335844312
0,20664,0,0,0.4511317106671639
0,20668,0,0,0.005484953773730712
0,20671,1,1,0.9882130303052847
0,20675,0,0,0.10708991801298079
0,20677,0,0,0.002282586843601178
0,20684,0,0,0.0036164892144558733
0,20685,0,0,0.39482750097279845
0,20690,0,0,0.0017336654165973817
0,20695,0,0,0.0030207785850490713
0,20704,0,0,2.0625149979344787e-05
0,20706,1,0,0.35016483654426167
0,20713,1,0,0.046436430750201645
0,20714,0,0,0.05149291003725949
0,20716,1,1,0.7146393962768336
0,20728,0,1,0.6587836626756329
0,20735,0,0,0.13493140826872388
0,20738,0,0,0.006403817095108204
0,20745,0,0,0.0017148348147962753
0,20746,0,0,0.0035513578193190325
0,20748,0,0,0.014617571101367056
0,20752,0,0,0.029317969187883815
0,20763,0,0,0.0036356624722391436
0,20767,1,1,0.978778700293098
0,20773,0,0,0.002349482513293716
0,20774,0,0,0.00013499466900181569
0,20776,0,0,4.811626933423177e-05
0,20785,0,0,0.053969907004245254
0,20789,0,0,0.158289073262678
0,20800,0,0,0.01567972056858098
0,20806,0,0,0.004439121314831338
0,20810,1,1,0.9773232824268078
0,20814,0,1,0.6445780353498738
0,20826,0,0,0.043612940720699205
0,20827,0,0,0.05407010825510838
0,20840,0,0,0.006960167463016371
0,20841,0,0,0.012878170406776388
0,20842,0,0,0.1385644543787177
0,20843,1,1,0.9635352727189778
0,20844,0,0,0.018358989765282586
0,20847,1,1,0.9660647349541073
0,20854,0,0,0.0032201472485286257
0,20858,0,0,0.0019473908281485018
0,20859,0,0,0.25298085591655084
0,20860,1,1,0.9301963231336741
0,20866,0,0,0.0010413198566646743
0,20876,0,0,0.001281078565980387
0,20889,0,0,0.006874736309291564
0,20892,0,0,0.31684381416335083
0,20898,0,0,0.0035956649140182315
0,20904,0,0,0.007870235105731465
0,20906,0,0,0.00012701524199311106
0,20915,0,0,0.013018799968840339
0,20917,0,0,0.38562966180332614
0,20920,0,0,0.0001713331765174732
0,20926,0,0,0.0644081992243873
0,20928,1,1,0.8815347333863442
0,20930,0,0,0.15599489244068632
0,20936,1,1,0.988233915025917
0,20939,0,1,0.5819779596150645
0,20948,0,0,0.39776300083613697
0,20978,1,0,0.06304274436384198
0,20980,0,0,0.0016753377591021462
0,20981,0,0,0.0030817055831216717
0,20983,0,0,0.007262312251550585
0,20989,1,1,0.9976580044925644
0,20992,1,1,0.8698965526299062
0,21003,0,0,0.0008814289262078643
0,21014,0,0,0.037541872178729514
0,21016,0,0,0.08513808940798775
0,21021,0,1,0.6819062230755043
0,21024,1,0,0.17885261693834273
0,21035,0,0,0.0014098602172325845
0,21038,1,1,0.9491591452620614
0,21043,0,0,0.040083845651716826
0,21047,0,0,0.005725669491363132
0,21057,0,1,0.8813397863506154
0,21063,0,0,0.14191863984932487
0,21071,0,0,0.10932198871776
0,21073,0,0,0.021674997220816065
0,21079,0,0,0.004786625068113569
0,21084,0,0,0.012096912167975038
0,21087,0,0,0.061013300517640846
0,21093,0,0,0.11903151661199207
0,21096,0,1,0.970399315470659
0,21097,0,0,0.05868811658966517
0,21106,1,1,0.6784334387468094
0,21110,0,0,0.18323070646445072
0,21111,1,1,0.5108848476338997
0,21119,0,0,0.03506061168247112
0,21123,0,0,0.11863614882977597
0,21138,0,0,0.16354242539049135
0,21141,1,1,0.93957535305645
0,21157,0,0,0.021565448843859206
0,21167,0,0,0.005208052401252738
0,21168,0,0,0.000425192775741606
0,21176,0,0,0.24656155253678766
0,21180,0,0,0.002822891382242692
0,21186,0,0,0.0009057826752492272
0,21190,0,0,0.005149808032400969
0,21198,0,0,0.34359842386725065
0,21207,0,0,0.0010279793700762967
0,21219,0,0,0.0002029351465541203
0,21222,0,0,0.008426996910353007
0,21223,1,1,0.9667778758665615
0,21227,0,0,0.0008797394559296422
0,21230,0,0,0.0030011408945653665
0,21232,0,0,0.0005800091187757512
0,21246,0,0,0.09785625924766897
0,21250,1,0,0.20715540799743745
0,21258,1,1,0.542186622588424
0,21265,0,0,0.00016541447545422453
0,21266,0,0,0.00035510261494448687
0,21273,0,0,0.007656596056436503
0,21279,0,0,0.0010388163225581019
0,21285,0,0,0.0003085380705973765
0,21288,0,0,0.0008360603057010215
0,21292,0,0,0.06750786208474994
0,21293,0,0,0.07183863012337707
0,21300,0,0,0.022662002702684744
0,21304,1,1,0.5524565238550855
0,21305,0,0,0.04194123328534221
0,21306,0,1,0.51102752058902
0,21308,0,0,0.0020726021677298766
0,21319,0,0,0.3142880153219998
0,21323,0,0,0.19279279404682423
0,21335,1,1,0.9815866484188828
0,21338,0,0,0.3044894262790824
0,21340,0,0,0.0760910402954873
0,21344,0,0,0.004064578866390028
0,21347,0,0,0.016404954133157224
0,21355,0,1,0.6190954654925976
0,21360,0,0,0.3346215722451743
0,21364,0,0,0.17818969530202333
0,21377,0,0,0.04505468549504319
0,21386,0,1,0.9016646756803428
0,21387,0,0,0.0030714110848760715
0,21388,0,1,0.9109911447133773
0,21393,0,1,0.975945244739975
0,21397,1,1,0.872618047107222
0,21408,0,0,0.010867423152868627
0,21411,0,0,0.3607145126303336
0,21429,1,1,0.9950222678501599
0,21438,0,0,0.4991119882585114
0,21442,0,0,0.29057366220947706
0,21462,1,1,0.8995261063065481
0,21465,0,0,0.07827495306478223
0,21468,0,0,0.15137333285562207
0,21476,0,0,0.3281117471451043
0,21507,0,0,0.17672763852936724
0,21520,0,0,0.0072620819944781
0,21522,0,0,0.03170553012836265
0,21523,0,0,0.0035303016199861735
0,21524,0,0,0.00027486982469869195
0,21528,0,0,0.4085384490888351
0,21537,1,0,0.45055001505570424
0,21541,0,0,0.011731700856543945
0,21544,0,0,0.01889602650898205
0,21563,0,0,0.08809956044592585
0,21567,0,0,0.04811386375191013
0,21569,1,1,0.9213759228976997
0,21570,0,0,0.35224882632369076
0,21580,0,0,0.023965428204473962
0,21582,0,0,0.017499787100943198
0,21583,0,0,0.01731437788142297
0,21585,0,0,0.0006167849144754076
0,21608,0,0,0.05924438041945696
0,21609,0,0,0.004070423827617572
0,21620,0,1,0.5995426213442625
0,21625,0,0,0.000990583251873578
0,21635,1,1,0.5552948524892539
0,21655,0,0,0.00014494463477009436
0,21658,0,1,0.807067219663293
0,21668,1,1,0.8728554069143399
0,21673,0,0,0.00019582077806884693
0,21684,0,0,0.000427603723528368
0,21691,0,0,0.39676446678839716
0,21704,0,1,0.8468668802343405
0,21706,0,0,0.00020678081985372188
0,21708,0,0,0.01853130232186939
0,21734,0,0,0.0006309140886482249
0,21740,0,0,0.004827726640874349
0,21741,1,1,0.7717326459907754
0,21742,1,0,0.04067284218010431
0,21746,0,0,0.16303206185430286
0,21766,0,0,0.0015875459734279419
0,21772,1,1,0.9089660222592653
0,21779,0,1,0.9924468134555978
0,21781,0,1,0.5942656516120476
0,21791,0,0,3.743534061618404e-05
0,21795,0,0,0.01460618636075362
0,21797,0,0,0.159035965923619
0,21801,0,1,0.5763225157956882
0,21802,0,0,0.004649207860186505
0,21811,0,0,0.003365495398120283
0,21814,1,1,0.9384642959041838
0,21815,1,0,0.4295872818756687
0,21820,0,0,0.2278536857539778
0,21830,0,0,0.0001311982932287165
0,21835,1,0,0.03483749452828226
0,21837,0,0,0.45606206558882345
0,21838,0,1,0.6802341791589127
0,21849,0,0,0.18410540210211768
0,21864,0,0,0.001149453583863587
0,21877,0,0,0.3168596087904432
0,21880,0,0,0.00017086259233377318
0,21882,0,0,0.2649813059732139
0,21886,1,1,0.8642734147763724
0,21888,0,0,8.876088693087614e-05
0,21896,0,0,0.0019194596453988143
0,21899,0,0,0.0022550412157143988
0,21901,0,0,0.13484098730241306
0,21906,0,0,0.00032888095919389394
0,21907,0,0,0.051219475423421236
0,21912,0,0,0.3433962345962249
0,21914,0,1,0.9757844768419083
0,21916,0,0,0.016222107949883248
0,21917,0,0,0.0030039927597533215
0,21920,0,0,0.1528683227438211
0,21926,1,1,0.9244166920021679
0,21928,1,1,0.965111393279279
0,21936,0,0,0.01159562959940497
0,21945,1,1,0.9963129030148871
0,21950,1,0,0.1720303350210912
0,21954,1,0,0.29460030989519415
0,21973,0,0,0.00428152092278126
0,21981,0,0,0.0007027274181083664
0,21987,0,0,0.05741947576211818
0,21990,0,0,0.0028215172774274104
0,21991,0,0,0.04333373455949181
0,21994,0,0,0.013454895606968477
0,22000,0,0,0.16035601120444942
0,22001,1,1,0.8347598190480758
0,22004,0,0,0.03780437364454227
0,22006,0,0,0.019755656373880884
0,22008,0,1,0.8246282698111408
0,22009,1,1,0.701785633480491
0,22010,0,0,0.0004419413981126374
0,22012,0,0,0.10873153375765594
0,22015,0,0,0.01596512214598525
0,22018,0,0,0.0012619211325265638
0,22023,1,1,0.8384622229118466
0,22035,1,1,0.9948501865484297
0,22037,0,1,0.5322956021392203
0,22040,0,0,0.001260197215874103
0,22043,1,1,0.9245469893659287
0,22044,1,1,0.8742026712455281
0,22046,0,0,3.519871066175614e-05
0,22047,0,0,0.07172119698858194
0,22052,1,1,0.9008115059676296
0,22054,0,0,0.008949972234111148
0,22056,0,0,0.0040999132765320205
0,22058,0,0,0.05310877982603766
0,22059,0,0,0.07865836103216574
0,22060,0,1,0.5907275590201225
0,22063,0,0,0.008341820857011059
0,22065,0,1,0.8477671956648718
0,22071,0,0,0.00431090311694379
0,22079,1,0,0.2949602586857399
0,22091,0,0,0.0024690634007543118
0,22093,0,0,0.008173791250953256
0,22095,1,1,0.8481000094736252
0,22098,0,0,0.1358626562225262
0,22099,0,0,0.08095965114078216
0,22103,0,0,0.3362903441087813
0,22111,0,0,0.04551030431965321
0,22114,1,1,0.9989473546366353
0,22115,0,0,0.023808865469583013
0,22121,0,0,0.016059439721895125
0,22126,0,0,0.1668123638035703
0,22137,0,0,0.11033581496022339
0,22138,0,0,0.01358358898401404
0,22141,1,1,0.991837889495731
0,22143,0,0,0.0021776563285505154
0,22144,0,0,0.0580904448205612
0,22146,1,1,0.9029811389869615
0,22147,0,0,0.1312094291378076
0,22148,0,0,0.2437020832496478
0,22151,0,0,0.0008196677423044033
0,22153,0,0,0.0003956281281418996
0,22155,1,1,0.9631941410569783
0,22156,0,0,0.06177273979241235
0,22157,1,1,0.7104149438754193
0,22162,0,0,0.009155631558627546
0,22164,0,0,0.0001422945000078202
0,22165,1,1,0.998686171993471
0,22168,0,0,0.0027090726471606175
0,22180,0,0,0.0018415753596746354
0,22194,0,0,0.005635809284138237
0,22199,1,1,0.9893952973818084
0,22214,1,0,0.003892374974796064
0,22215,0,0,0.06451340239005947
0,22219,0,0,0.09820583736464024
0,22220,0,0,0.005798678509831183
0,22224,1,1,0.9716341427565527
0,22234,0,0,0.09688857089772658
0,22235,0,0,0.0005058279160980655
0,22239,0,0,0.0005347679115941539
0,22240,1,1,0.9941762976142141
0,22246,1,0,0.14065684588747981
0,22251,0,0,0.12422397189959875
0,22259,0,0,0.0007879162782597383
0,22264,0,0,0.04226275896873001
0,22272,0,0,0.0947984039191212
0,22277,0,0,1.844907442060958e-05
0,22279,0,0,0.0009450927620931203
0,22283,0,0,0.013901899718687393
0,22290,0,0,0.046251289830735655
0,22292,1,1,0.9483595281722409
0,22299,0,0,0.00233168141647223
0,22317,0,0,0.00038539682535333394
0,22318,0,0,0.16910691714192946
0,22319,0,0,0.00045318668793583157
0,22327,0,0,0.055321607195508424
0,22331,0,0,1.3454968561976579e-05
0,22332,0,0,0.286620080224732
0,22335,0,0,9.523666679610902e-06
0,22336,1,1,0.7617130315907017
0,22341,0,0,0.0011424693435546965
0,22343,0,0,0.16758823794512054
0,22349,1,0,0.45413521144509
0,22350,0,0,0.026912189106998916
0,22354,0,0,0.06829524336531372
0,22356,0,0,0.0001686622053238141
0,22359,0,0,3.612061986757697e-05
0,22363,0,1,0.6372430320420367
0,22365,0,0,0.07195772043365639
0,22372,0,0,0.013041147514749418
0,22373,0,1,0.6129803609964106
0,22381,0,0,0.0006185782254943371
0,22394,0,0,0.028600638683794807
0,22404,0,1,0.6817370301765645
0,22407,0,0,0.0026231484030659006
0,22416,0,1,0.8222486596620234
0,22424,1,1,0.7284896535308588
0,22428,0,0,0.0003210949639488886
0,22429,0,0,0.009922516471682703
0,22438,0,1,0.6365499980998892
0,22440,0,0,0.000124884809831528
0,22453,0,0,0.2014291176653461
0,22459,0,0,0.4931714472773904
0,22460,0,0,0.4849769163430952
0,22461,0,1,0.821082874220351
0,22464,0,0,0.045390399592053335
0,22467,0,0,0.003647443177440059
0,22474,0,0,0.006480701030404043
0,22490,0,0,0.009265038614981238
0,22505,1,1,0.93039918739121
0,22506,0,0,0.0870322938354329
0,22509,0,1,0.8817673421266566
0,22512,0,0,2.9020495365356106e-05
0,22514,0,0,0.0117542566340098
0,22518,0,0,0.0016842166298476637
0,22523,1,1,0.917993867201065
0,22545,1,0,0.09118623636256001
0,22546,0,0,0.00885306796869343
0,22548,0,0,0.0048599435482520985
0,22553,0,0,0.05919504326280178
0,22556,0,0,0.002418046733554468
0,22557,1,0,0.17795960093157043
0,22558,0,0,0.001015375691725776
0,22560,0,0,0.4369480544870238
0,22570,1,1,0.9861276275970388
0,22574,1,1,0.9879865282008466
0,22575,1,1,0.5949265511066427
0,22577,0,1,0.7141217336289777
0,22580,0,0,0.0022110101780241555
0,22582,0,0,0.24273400913231744
0,22585,0,0,0.05131586425112193
0,22586,0,0,0.002180167161568142
0,22588,0,0,0.0006759556915876333
0,22590,0,0,0.02059696899445712
0,22595,0,0,0.002317372684210996
0,22601,0,0,0.03767014585388686
0,22604,1,1,0.5721255017377667
0,22610,0,0,0.0466632470010638
0,22614,0,0,0.028799038739087207
0,22616,0,0,0.03312078850242219
0,22619,0,0,0.020201112455620965
0,22635,0,0,0.00038173859043063137
0,22645,0,0,0.07248335420939961
0,22648,0,0,0.10403713121399545
0,22651,0,1,0.5857448055071821
0,22653,0,0,0.0010044625447673597
0,22656,0,0,0.00011148822569273719
0,22664,0,0,0.00045527995388084085
0,22667,0,0,0.46625620464025613
0,22684,0,0,0.06981045655645231
0,22686,1,0,0.4148876032784347
0,22687,0,1,0.7816604058145662
0,22696,0,0,0.04918324229336196
0,22707,1,1,0.9733129617682459
0,22708,0,0,0.009728140570648084
0,22715,0,0,0.32310805714025087
0,22731,1,1,0.9787904182167169
0,22734,0,0,0.0005517145561779437
0,22736,1,0,0.1595157396165959
0,22747,1,1,0.6595484058002336
0,22751,1,0,0.2513592202868084
0,22752,0,1,0.5975453844770423
0,22755,0,0,0.15972453064071498
0,22756,0,1,0.9625267132896257
0,22757,0,0,0.014227306249673069
0,22758,1,0,0.3750589842691813
0,22760,0,0,0.010082208234446353
0,22762,0,0,0.030546741769330626
0,22767,1,1,0.9679472254378142
0,22769,1,1,0.9182545011595903
0,22783,1,1,0.9790786185043798
0,22784,0,0,0.0015629245160430228
0,22786,1,1,0.9581873691456253
0,22795,1,0,0.2200890228876569
0,22796,0,0,0.010008477883433162
0,22799,1,1,0.5925023158645791
0,22803,0,0,0.007508004268905409
0,22812,0,0,0.11753721548798028
0,22814,1,0,0.18018352345797695
0,22816,0,0,0.025916999279725978
0,22817,1,1,0.9593275145590725
0,22818,0,0,0.0001648501174913959
0,22822,0,0,0.3730136775746747
0,22823,0,0,0.002157042324333989
0,22824,0,0,0.231507504061011
0,22827,0,0,0.01720023845585363
0,22831,0,0,0.14943613722363622
0,22839,0,1,0.5112543990565737
0,22847,0,0,0.025843271722810555
0,22857,0,0,0.0129268319369284
0,22861,0,0,0.0025514361188000226
0,22863,1,1,0.6884201483752912
0,22871,0,0,0.0025312910741634095
0,22872,0,0,0.09241856631162997
0,22876,0,0,0.0019798542123290516
0,22880,1,0,0.20868424098332514
0,22882,0,1,0.6422858234652371
0,22886,0,0,0.0032821413924493843
0,22895,0,0,0.0001321930391152576
0,22897,0,0,0.4082551390895631
0,22900,0,1,0.6964987094666435
0,22902,0,0,0.29843248794402016
0,22903,0,1,0.5275564069965027
0,22905,1,1,0.5358841311884573
0,22909,1,1,0.9586075604940727
0,22913,0,1,0.5657828017793367
0,22916,1,1,0.7268811990905929
0,22917,0,0,0.020480157212589747
0,22920,0,0,8.987687417023845e-05
0,22921,1,1,0.6537117705189464
0,22922,0,0,0.019770728937847017
0,22925,1,0,0.30554624866243024
0,22938,0,0,0.00029909940964698326
0,22942,1,1,0.6754725132283228
0,22946,1,1,0.9813264713118204
0,22948,0,0,0.00040072283733340894
0,22951,1,1,0.9208204068183725
0,22954,0,0,0.006855941295089013
0,22956,0,0,0.038027599469676716
0,22959,0,0,0.09685209178227853
0,22963,0,0,0.010757702046902866
0,22966,0,0,0.12330891374659755
0,22970,0,0,0.0010053574808318395
0,22973,0,0,0.0017750630652175127
0,22983,0,0,0.004888585320912765
0,22984,0,0,0.043275127453448095
0,23003,0,0,0.0014006844263463715
0,23006,1,1,0.9940297331898934
0,23009,0,0,0.0012217107575202986
0,23014,1,1,0.8005029137087505
0,23021,0,1,0.7641026841218855
0,23028,1,0,0.2521032816763262
0,23030,0,1,0.6562564812909103
0,23034,1,1,0.7928355778109052
0,23038,0,0,0.1340704603999539
0,23040,0,0,9.851635324502074e-05
0,23042,1,0,0.3656755107947894
0,23052,1,1,0.8188003873215307
0,23058,0,0,0.26134058218024303
0,23072,0,0,0.0004787421171240497
0,23073,0,0,0.00655398370549761
0,23094,0,0,0.004922172406596414
0,23098,0,0,0.008020984091830592
0,23100,0,0,0.02302315732263128
0,23102,1,1,0.9581795899421678
0,23108,1,0,0.0006467551245352733
0,23111,1,0,0.3305585577273638
0,23136,0,0,0.0028977355725890246
0,23137,0,0,0.006617157992875903
0,23160,1,0,0.31276066321709045
0,23181,1,0,0.32154536949289697
0,23187,1,1,0.984143574808585
0,23188,0,0,0.0005374027308940744
0,23196,1,1,0.94952590725481
0,23197,1,0,0.404072262926974
0,23208,0,0,0.02549515083112209
0,23213,1,1,0.9978312343790657
0,23217,0,1,0.5157213904996572
0,23226,0,0,0.3173361940784567
0,23234,0,1,0.500267725269619
0,23235,0,0,0.3351414288061477
0,23250,1,1,0.9661543903910577
0,23251,0,0,0.013639466993099486
0,23252,0,0,0.022900550853984018
0,23254,0,0,0.0005832907452949576
0,23261,0,0,0.16343505540398853
0,23263,0,1,0.6200323368805514
0,23273,0,0,0.001231640588131151
0,23274,1,1,0.6486548748131045
0,23276,0,0,0.023639934266364432
0,23280,0,1,0.7584870211761666
0,23285,0,0,8.365484849755954e-05
0,23290,0,0,0.0017024669241791864
0,23298,1,1,0.935981519143793
0,23299,1,1,0.6915355534961494
0,23306,0,0,0.00718021790765787
0,23311,0,0,0.07233516655064974
0,23312,1,1,0.5653125535917382
0,23314,1,0,0.27354096765889385
0,23318,0,0,0.027437283068041232
0,23319,0,0,0.20527031652514863
0,23320,0,0,0.0014256512673790406
0,23321,0,0,0.3714370074031469
0,23329,0,0,0.04851134710576563
0,23331,1,1,0.7784278936662052
0,23339,1,1,0.6725449138681006
0,23343,0,1,0.9301404474606565
0,23344,0,1,0.5192572664549554
0,23346,0,0,0.0038863648558292627
0,23355,1,0,0.054033377468258745
0,23363,0,0,0.0018783537406559397
0,23367,0,0,0.006856637425748405
0,23382,0,0,0.18046110161499734
0,23383,0,0,0.00223458464541922
0,23395,0,0,0.0382745227977101
0,23404,0,0,0.004059549496837981
0,23405,1,1,0.9934077873330724
0,23414,1,1,0.9423294568129725
0,23416,0,0,0.018967189547585573
0,23421,0,1,0.5402415257398928
0,23425,0,0,0.0011125631935690156
0,23435,0,0,0.49922487613655697
0,23438,0,0,0.0005081396920025414
0,23441,0,0,6.30091233333681e-05
0,23446,0,0,0.0021233484510735498
0,23448,0,0,0.22102473507869508
0,23454,0,0,0.00763052262621288
0,23456,0,0,0.0002413974674887388
0,23459,1,1,0.9747224258000113
0,23468,0,0,0.0002415039814293196
0,23471,0,0,0.0004571797825922432
0,23476,0,1,0.7652661858345091
0,23485,0,0,0.03573115848294332
0,23486,1,1,0.9657202602058648
0,23489,0,1,0.6084681003042106
0,23490,1,1,0.9140501229769141
0,23493,1,1,0.8409664196418103
0,23495,1,1,0.8743469112634491
0,23496,0,0,0.001807826869650704
0,23502,1,0,0.11083671092996689
0,23507,0,0,0.07948066889659916
0,23508,0,0,0.05445405967793863
0,23510,1,1,0.9021625844791391
0,23512,1,1,0.9901150197095161
0,23518,0,0,0.18990609980428846
0,23528,0,0,0.0028341552367425536
0,23531,0,1,0.9493742461888267
0,23532,0,0,0.0028028320023088544
0,23552,1,1,0.7385387736370107
0,23558,0,0,0.005588150188406889
0,23563,0,0,0.03615335701354238
0,23566,1,1,0.5786935182899745
0,23567,0,0,0.006579192976635027
0,23578,0,0,0.3680221830660506
0,23581,1,1,0.8361831802952118
0,23589,0,1,0.795274019135051
0,23608,0,0,0.000850377701624751
0,23610,0,0,0.00032010150752218936
0,23613,0,0,0.006142344765336224
0,23621,0,0,0.25410153620113035
0,23625,1,1,0.8665618514167733
0,23628,0,0,0.0028961753893861596
0,23629,0,1,0.562160886808377
0,23632,0,0,0.0028305333185302596
0,23637,0,1,0.697054716551799
0,23638,0,0,0.009596731380757185
0,23641,0,1,0.5996187937296211
0,23642,0,0,0.46148624917003367
0,23643,0,0,0.005986849922771132
0,23646,0,0,0.0844731803538547
0,23666,0,0,0.017607035627959507
0,23680,0,0,0.00015538345856680203
0,23690,0,0,0.012623021963133758
0,23695,0,0,0.0010754530970683897
0,23697,0,0,0.025683236580750706
0,23700,0,0,0.46658270293828613
0,23711,0,0,0.03724626466695556
0,23719,1,0,0.20021704646667543
0,23722,0,0,0.001279826301971163
0,23737,0,0,0.008345748250531748
0,23740,0,0,0.04259919720632613
0,23747,0,0,0.19359096064648387
0,23748,0,1,0.7685166459734075
0,23751,0,0,8.364132633034272e-05
0,23754,1,0,0.2629310243653223
0,23755,0,0,0.00039359567386603996
0,23758,1,0,0.0757762859719659
0,23765,0,0,0.00048465673063366585
0,23766,1,1,0.9490342630479929
0,23767,0,0,0.00012442277611687997
0,23771,0,0,0.12375647823780646
0,23774,1,1,0.7630961454294678
0,23776,0,1,0.5429429537851319
0,23777,1,0,0.37387402281405074
0,23783,1,0,0.10245443854779024
0,23788,0,1,0.8732892224423543
0,23793,1,1,0.8967366133200876
0,23794,0,1,0.552744211276078
0,23797,1,1,0.9076327001894674
0,23804,0,0,0.070443578383217
0,23807,0,0,0.00019111357271926684
0,23808,0,0,0.0012577632166248047
0,23810,0,0,0.00010230584890489888
0,23818,0,0,0.17792621514026077
0,23828,0,0,0.0012944123103086878
0,23830,0,0,0.42810089772852683
0,23841,0,0,0.0012381692504087865
0,23844,0,0,0.0009054718740375503
0,23845,1,1,0.8919486352232419
0,23862,0,0,0.00748569602787393
0,23863,1,1,0.9907806441730672
0,23867,0,0,0.37668000314861355
0,23880,0,0,0.0002131942264392161
0,23889,0,0,0.013413048908464321
0,23893,0,0,0.0001392012993800385
0,23898,0,0,0.08413184735708117
0,23899,0,0,0.011993837874654916
0,23900,1,1,0.5678652637346129
0,23901,0,0,0.003914236962457879
0,23917,1,1,0.8551638677411725
0,23918,0,0,0.2074682366446561
0,23921,0,0,0.11662440371853712
0,23923,0,0,0.00425793162645074
0,23933,0,0,0.03195009476132187
0,23934,1,1,0.8650045354189163
0,23936,0,1,0.730719992343146
0,23937,0,0,0.00034962962149539585
0,23947,0,0,0.0009826290312977511
0,23960,0,0,0.31791241403730913
0,23963,0,0,0.009661856085293217
0,23964,0,1,0.9564046881308524
0,23966,0,0,0.0015980731161549585
0,23968,0,0,0.0012309696869894646
0,23969,0,0,0.029469998505044552
0,23980,0,0,0.0015515038443842902
0,23981,1,1,0.7124515992359706
0,23982,0,0,0.0002570965085180713
0,23983,0,0,0.2869588167793195
0,23988,1,0,0.4717154035727273
0,23997,0,0,0.14407541694603515
1,0,0,0,0.24221403582574608
1,5,0,0,0.0007940196188561629
1,6,0,0,0.007543543127141834
1,7,0,0,9.900429103543387e-05
1,13,0,1,0.7299467010639255
1,23,0,0,0.0007235346876557092
1,35,0,0,0.005926495138167875
1,38,0,0,0.03325869463603558
1,40,0,0,0.017155663372018456
1,41,0,0,0.015242579427078075
1,44,0,0,4.214017888927884e-05
1,51,0,0,0.08977758300790245
1,54,0,0,0.2902513478698572
1,61,0,0,0.2738593607678859
1,67,0,0,0.029743314237441497
1,70,0,0,0.106218738299424
1,74,0,0,0.0037668936736704305
1,78,0,0,0.05889932214093246
1,85,1,1,0.9421753245051083
1,87,0,0,0.0014817741644698444
1,94,1,1,0.8436870254465264
1,101,0,0,0.29333663293348994
1,110,1,1,0.6439304049701635
1,111,0,0,0.009243696814596327
1,115,0,0,0.0010234891302295232
1,121,0,0,0.03511462689512507
1,133,1,1,0.6264949443974761
1,139,0,1,0.7509819781863567
1,142,0,0,0.3667451484117637
1,143,0,0,0.0013223539695986011
1,151,0,0,0.003675825339341846
1,153,0,1,0.8534843959259054
1,158,0,1,0.9545134887965597
1,165,1,0,0.04472195912233259
1,168,1,1,0.9164774685997901
1,183,0,0,0.003210008922566008
1,185,0,0,0.0005169371330031718
1,187,0,0,0.23435207232772595
1,190,0,0,0.0003308914741844835
1,192,0,0,0.05424564265790267
1,196,0,0,0.014424264738022701
1,202,1,1,0.9373664015218228
1,207,0,0,0.0008527598053008783
1,217,0,0,0.03427363266711368
1,218,0,1,0.9916716435786032
1,220,1,1,0.7301415479146809
1,221,1,1,0.8961071361821353
1,225,0,0,0.048661728037927676
1,238,0,1,0.7516960344342988
1,240,1,1,0.8826374666184518
1,245,1,1,0.9787246154918655
1,254,1,0,0.4673759914883757
1,257,0,0,0.08463997823340474
1,258,0,0,0.0002501009514276122
1,286,0,0,0.01697569201174379
1,288,0,0,3.0065342850513527e-05
1,292,0,0,0.002284003576823419
1,295,0,0,0.04178895188419936
1,303,0,0,0.27144631273216874
1,305,0,0,0.00011841372736234515
1,309,1,0,0.46986643840655273
1,311,0,0,0.013260811182497678
1,314,0,0,0.4978980928355684
1,318,0,0,0.30498373508764653
1,319,0,0,0.03474622001644875
1,321,0,0,0.006736466206766289
1,333,0,1,0.7021710600458931
1,336,1,0,0.1919066245807856
1,338,0,0,0.005175856783018892
1,344,0,0,0.38604909726434183
1,346,0,0,0.0033258798102148526
1,352,0,0,0.0003298479201645959
1,364,0,0,0.002238028834136934
1,366,1,1,0.9562633796720826
1,367,0,0,0.09364346439142715
1,393,1,1,0.9989261607876051
1,395,0,0,0.43239078474778114
1,398,0,1,0.6368913937373261
1,401,1,1,0.8288413863228707
1,416,0,0,0.3803358065694549
1,422,0,0,0.005112112419354971
1,426,0,0,0.00404652093599239
1,439,0,0,0.0005054864383568692
1,454,0,0,0.00620720791328149
1,466,1,1,0.6535981678893669
1,470,1,1,0.8587343475450477
1,478,0,1,0.6468190194132091
1,480,0,0,0.015704400193505094
1,485,1,1,0.6694258163411676
1,486,0,0,0.009786237935729221
1,492,0,0,6.936669945625839e-05
1,496,0,0,0.04999727174385733
1,498,0,0,0.19938942965634962
1,501,0,0,6.36183618663082e-05
1,514,0,0,0.018432886825494606
1,515,0,0,0.0038214399520972065
1,518,1,1,0.987393341986525
1,533,0,0,0.0006625473665232724
1,535,0,0,0.04893842866871692
1,537,0,0,0.12410624304700195
1,546,0,0,0.01644818219970954
1,553,0,0,0.00914757937571567
1,554,0,0,0.13212269308672794
1,559,1,1,0.9994994467331061
1,572,0,0,0.1539554336263743
1,573,0,0,0.025543816249720564
1,574,0,0,0.2550900926031597
1,576,1,1,0.9740623545770112
1,584,0,0,0.018330408311238357
1,593,1,1,0.8584529527485844
1,602,0,0,0.1318951955760726
1,604,0,1,0.553528599858901
1,605,1,1,0.8765707944772312
1,610,0,0,0.00036111984642918
1,618,0,0,0.10780053028065455
1,624,0,0,0.014518693175520705
1,625,0,0,0.04490098504721879
1,627,0,0,7.867963250690584e-06
1,631,0,0,0.021053748950889874
1,634,0,0,0.0004276236165715439
1,644,0,0,0.0031075997477452507
1,648,0,0,0.12817243105878456
1,650,0,0,0.001121968246503497
1,661,1,1,0.8637068342282538
1,664,0,0,0.19828395384527123
1,665,0,0,0.37826220688948065
1,685,0,0,0.3725662837571627
1,686,0,0,0.00683907227297406
1,691,0,0,0.30546716672790464
1,693,0,0,0.00028478253412851016
1,695,0,0,0.06965168832361536
1,697,0,0,0.02221435838674279
1,701,0,0,0.35743516413982346
1,702,1,1,0.9294061053226252
1,703,1,1,0.9630183679019413
1,713,0,0,0.001047935181712857
1,714,1,0,0.31153131425190034
1,716,0,1,0.9339129564181209
1,725,0,0,0.0005401089789033889
1,732,0,0,0.0002735332640636104
1,738,0,1,0.726746012413869
1,739,0,0,0.008774810714983011
1,741,0,0,0.014885119333230262
1,750,1,1,0.9894116318499763
1,754,1,0,0.42278730400999903
1,760,1,1,0.9745077208323057
1,771,0,0,0.0338686249134553
1,777,1,1,0.7729235103380405
1,778,1,1,0.929794494410775
1,785,0,0,0.0032694369146974833
1,787,0,0,0.025825530100113955
1,789,0,0,0.001214886792037913
1,790,0,0,0.19235843571406108
1,799,1,1,0.7887622547887555
1,802,0,0,0.02134613588536026
1,804,0,0,0.00017709217104887884
1,808,0,0,0.0007570793289421397
1,812,0,1,0.9072900951349072
1,815,0,0,0.06361800392147235
1,820,0,0,0.02592510625316926
1,822,1,1,0.7921455490624983
1,826,0,0,0.1258099083692258
1,830,0,0,0.002079603072702638
1,839,0,0,0.3681117096276353
1,842,1,1,0.9697634004422789
1,850,1,1,0.9981519074058127
1,858,0,0,0.03223807735698492
1,867,0,0,3.3820863274399385e-05
1,871,0,0,0.036076487418392776
1,873,0,0,0.0013839824826222574
1,875,0,1,0.6879476207517184
1,886,0,0,0.0028985809663462313
1,893,1,1,0.7010550800943545
1,896,1,1,0.6344244114729553
1,901,0,0,0.04062279688841396
1,902,1,1,0.5879630414730354
1,908,0,0,0.4879767026115561
1,911,1,1,0.6702403320864094
1,912,1,0,0.040281250256032367
1,918,0,0,0.00016279617862832577
1,920,0,0,0.0024698009468623995
1,922,0,0,0.13275256312669875
1,924,0,0,6.164086866736602e-05
1,928,1,1,0.5153682850107294
1,929,0,0,0.4002015796724868
1,943,0,0,3.786352805550081e-05
1,950,0,1,0.734708403850185
1,953,0,0,0.00010627023712804522
1,954,0,0,0.05459098672174258
1,957,0,0,0.1984666139669067
1,962,0,0,0.48698863152091443
1,963,0,0,0.000703848936299257
1,968,0,0,0.2003882635744327
1,969,1,0,0.3173394142819092
1,971,1,1,0.7620666175847746
1,972,1,1,0.8102372645704146
1,983,0,1,0.8803103267616769
1,985,0,0,0.001102033546084426
1,987,0,0,0.08800176200633832
1,988,0,0,0.04113321236287349
1,993,0,1,0.8813405383078071
1,996,0,0,0.018811377846497685
1,1000,1,0,0.0733430515162132
1,1002,1,1,0.8936265938435538
1,1003,1,1,0.6212145158652751
1,1004,0,0,0.36988294495799756
1,1008,0,0,0.11891480794040865
1,1009,0,0,0.044911382381725096
1,1011,0,0,0.006349251333064364
1,1017,0,0,0.06655836422236859
1,1020,0,0,0.0015488649746445361
1,1025,0,1,0.6977763366010842
1,1030,0,0,0.0103608045744848
1,1034,0,1,0.6497042241179989
1,1036,0,1,0.7308297939277877
1,1048,0,1,0.6720286279082867
1,1050,0,0,0.037561630888747664
1,1054,0,0,0.03662802640168995
1,1069,1,0,0.3333632892893909
1,1071,0,1,0.5876055867105048
1,1085,0,0,0.03147753526936227
1,1086,1,1,0.9792348343128148
1,1088,0,0,0.0014893646438062682
1,1090,1,1,0.737480899073385
1,1092,0,0,0.025816728975444854
1,1095,0,0,0.34516481468876103
1,1097,0,0,0.04796501142831488
1,1101,0,1,0.7231849404977918
1,1102,0,1,0.5056630471325897
1,1114,1,0,0.055098263363883175
1,1131,0,0,0.002992911769847818
1,1132,0,0,0.17201644656937595
1,1143,0,1,0.6928070384259215
1,1144,0,0,0.4838404267224943
1,1146,0,0,0.00036321216461410806
1,1147,0,0,0.0037252570575776744
1,1149,1,1,0.5200974952463958
1,1150,0,0,0.1574005616458332
1,1179,0,0,0.11567885052285644
1,1180,0,0,0.25260293559001284
1,1181,0,0,0.3224783536280489
1,1187,0,0,0.08773577755046721
1,1189,0,0,0.00010845582581431659
1,1191,1,1,0.981831221448746
1,1195,0,0,7.5362231580659494e-06
1,1200,0,0,0.003188265144228011
1,1204,0,0,0.02178077037308316
1,1206,0,0,0.0006427251959067521
1,1207,0,1,0.7639179426013625
1,1219,0,0,0.017311395637070754
1,1224,0,0,0.058183726786317426
1,1229,0,0,0.00014905820387483315
1,1230,0,0,0.017998851481115994
1,1240,0,1,0.8664484643485947
1,1241,0,0,0.04954037099377983
1,1257,0,1,0.6711867095875346
1,1260,0,0,0.038188381911002316
1,1270,0,0,0.008315340989768619
1,1273,0,0,0.007896700966230205
1,1279,0,1,0.5318049996597213
1,1288,0,0,0.06603925847291316
1,1289,0,0,0.09129112600855943
1,1291,0,0,0.00021652665760715792
1,1294,1,1,0.9460613767953117
1,1295,0,0,0.14265589865160816
1,1304,1,1,0.9954822791696354
1,1307,0,1,0.5804127239173884
1,1311,0,1,0.9537113271791403
1,1323,0,0,0.0023585754314514964
1,1324,1,1,0.6325480014471024
1,1327,1,1,0.5608148996763649
1,1329,0,0,0.013041252771430452
1,1338,0,1,0.7569897575304607
1,1345,1,1,0.8970102342216514
1,1346,0,0,0.012198444159757276
1,1364,0,0,0.04455353864353007
1,1376,0,0,0.03990745102510515
1,1379,0,0,0.017666216149025936
1,1381,0,0,0.0011760400525037662
1,1386,0,0,5.4963342667268904e-05
1,1390,1,0,0.30091226305644014
1,1405,0,1,0.799233148090468
1,1424,0,0,0.001977727464407556
1,1433,0,0,0.003445481172818926
1,1434,0,0,0.011000697415853286
1,1438,0,0,0.24328214818748684
1,1440,0,0,0.21210856969092623
1,1445,0,0,0.0016702387583002747
1,1447,0,0,0.08106894160867871
1,1457,0,0,0.0014445956912614143
1,1467,0,0,0.009633776917050507
1,1478,0,0,0.0012805396166060384
1,1480,1,1,0.8499728534244705
1,1482,1,1,0.6080362936925184
1,1487,0,0,0.01123750932260593
1,1498,0,0,0.4272544708695556
1,1502,0,0,0.004754495152908153
1,1527,0,0,0.03406566067593747
1,1528,0,0,0.003251286587858426
1,1530,0,0,0.04207927640089554
1,1532,0,0,0.005038977034768857
1,1538,0,0,0.03167026001998992
1,1544,0,0,2.24292636073761e-05
1,1547,0,0,0.08996439198273114
1,1548,0,0,0.002203004729380748
1,1551,0,0,3.937369283470507e-05
1,1554,1,1,0.9960123334393548
1,1558,1,1,0.9602859600308583
1,1561,0,1,0.6492423162548288
1,1564,1,1,0.8194068885532345
1,1566,0,0,0.060677227200384855
1,1575,1,1,0.7127164209476705
1,1580,0,0,0.004371621138897459
1,1583,0,0,0.00013809606537182749
1,1590,0,0,0.0024706062040774366
1,1592,0,0,0.004384575990710175
1,1600,0,0,0.00022788643998108749
1,1606,0,0,0.001197817185244659
1,1614,0,0,0.023695368343834608
1,1619,0,0,0.014497318678609133
1,1624,0,0,0.003105804947760317
1,1633,0,0,0.15332978764833516
1,1636,0,1,0.6576496533805576
1,1638,0,0,0.007085291402701342
1,1640,0,1,0.6831102639999787
1,1642,0,0,0.04152263779145631
1,1658,0,0,0.015835363332215736
1,1666,0,0,0.1117967052079199
1,1667,0,0,0.0022452671124825966
1,1671,0,0,0.03725155798327868
1,1673,0,0,0.0041159371072082805
1,1676,0,0,0.1550359485565979
1,1677,0,0,0.06332537440622073
1,1681,1,1,0.9553421280929203
1,1685,0,0,0.01381084924988887
1,1709,0,0,0.003300975990804319
1,1715,0,0,0.0009048975264577621
1,1722,0,0,0.4440558770632074
1,1723,1,1,0.9811995829009927
1,1725,0,0,0.18075880281370948
1,1730,0,0,0.00028341623075865625
1,1731,0,0,0.011987015982644417
1,1732,0,1,0.5535001585608258
1,1734,1,1,0.9179295536386636
1,1737,1,1,0.6656888439920522
1,1739,0,0,0.021841300375589845
1,1743,1,1,0.9987031508005344
1,1746,0,0,0.041712746587857924
1,1755,0,0,0.00012164005306516106
1,1769,1,0,0.1396171710372239
1,1771,1,1,0.981343383208103
1,1773,0,1,0.8221219384697056
1,1774,1,0,0.023655598626602787
1,1775,0,0,0.02041137085232844
1,1779,0,1,0.547673533342908
1,1780,0,1,0.7346557309072678
1,1781,0,0,0.013133751150438043
1,1792,1,1,0.9153717509596049
1,1795,1,1,0.9485544423533553
1,1796,1,1,0.619661615242193
1,1800,1,1,0.5067581622984988
1,1805,0,1,0.6992070278128125
1,1808,0,0,0.001983472770545491
1,1809,0,1,0.8906507508475071
1,1810,0,0,0.043434931067018324
1,1817,1,1,0.5017026385597083
1,1820,0,0,0.1515336298637744
1,1829,0,0,3.167625517043463e-05
1,1830,0,0,0.002520776849175055
1,1833,0,1,0.5481932373719859
1,1838,0,0,0.026823736606736214
1,1840,0,0,0.018856599305769692
1,1848,0,0,0.053017315503021946
1,1853,0,0,0.054712034739937375
1,1854,0,0,0.2382470576210069
1,1855,0,0,0.0528553099803767
1,1856,0,0,0.0011450275481219724
1,1857,0,0,0.22826873930526612
1,1858,0,0,0.1948172660681525
1,1867,0,1,0.7131335286444929
1,1871,1,1,0.9833822029743292
1,1876,0,0,0.027097992080588554
1,1878,1,1,0.8490177242279514
1,1893,0,0,0.00011578881686522807
1,1895,0,0,0.07749150421594246
1,1896,0,0,0.031106020101168984
1,1899,0,0,0.0010419539772426405
1,1900,0,0,0.33012973577586496
1,1910,1,0,0.46922817913000237
1,1916,0,0,0.050365725224020864
1,1919,0,0,0.009634426808439567
1,1920,0,0,0.0005775482829427612
1,1928,0,0,0.0003441959346920585
1,1935,0,0,0.01129472297604721
1,1943,0,0,0.006960494361319171
1,1944,0,0,0.02437572019969385
1,1945,0,0,0.0004068453550441501
1,1947,0,0,0.0008387840711517245
1,1950,0,0,0.16807500111942714
1,1955,0,0,0.08256200468669184
1,1960,1,1,0.7513097652727992
1,1969,0,0,0.0003315906286032776
1,1971,1,1,0.8095025727030639
1,1974,0,0,0.003464932191792828
1,1984,0,1,0.5967438596402046
1,1990,0,0,0.07210903334971089
1,1994,0,1,0.9135599555217802
1,1995,0,0,0.044200666044629154
1,2001,0,0,0.00012187258094956546
1,2006,0,0,0.010030316625595196
1,2007,0,0,0.03157246272253867
1,2011,0,1,0.6265528389467531
1,2022,1,1,0.9381994102740495
1,2028,0,0,0.02288560413713353
1,2030,0,0,0.04740213945312245
1,2031,0,0,0.4621761909780055
1,2034,0,1,0.7460420832205668
1,2047,0,0,0.028235545708258956
1,2049,0,0,0.00828760330962292
1,2051,0,0,0.0013258405718862831
1,2056,1,1,0.9796634433970786
1,2077,0,0,0.014380726426489621
1,2079,0,0,0.08754450634601378
1,2081,0,0,0.22176832618471232
1,2087,0,0,0.02867357753506545
1,2088,0,0,0.0038793790829118138
1,2100,0,0,0.03608873734495531
1,2105,0,0,0.0026006823971180914
1,2112,0,0,0.10733691066352945
1,2113,0,0,0.005589469705145762
1,2120,0,0,0.012497569257354726
1,2122,0,0,0.10045456125388094
1,2125,0,0,0.0002716615897133791
1,2136,0,0,1.5141395208455057e-05
1,2154,1,1,0.58564696151159
1,2161,0,0,0.024873509936658954
1,2165,0,0,0.014437666447551482
1,2167,0,0,0.0002983077233989575
1,2171,1,1,0.7768672567482687
1,2177,0,0,0.1763704128271677
1,2197,0,0,0.01279946758374842
1,2208,0,0,0.33914876264598953
1,2209,0,0,0.028222419694393857
1,2218,0,0,0.0002896708267299983
1,2222,0,0,0.011390132213843445
1,2224,0,0,0.007188800742445464
1,2237,0,1,0.8140545390245286
1,2240,0,1,0.5807340234485738
1,2243,0,0,0.00904149549810787
1,2248,0,0,0.0001306330324498215
1,2252,1,1,0.6852961626399388
1,2261,0,1,0.5717098403985357
1,2266,0,0,0.00014192944317505368
1,2280,0,0,0.20628346799867683
1,2281,0,0,0.0007402578811715162
1,2284,0,0,0.12516319423930208
1,2286,0,0,0.1240937493128277
1,2290,0,0,0.0029045712900380174
1,2291,0,0,0.007713057694057229
1,2292,0,0,0.00010237173246023747
1,2301,0,1,0.8106994917975299
1,2311,1,1,0.5915198919152446
1,2323,0,0,0.00015819886494244164
1,2327,1,1,0.6728310943492356
1,2330,0,0,0.006212125766493377
1,2334,0,0,0.13701328069759994
1,2339,0,0,0.047046358999840394
1,2341,0,0,0.12756754379900906
1,2343,0,0,0.057312314047852635
1,2350,1,1,0.8556127777113508
1,2352,0,0,0.024310780329320384
1,2365,1,1,0.9948569459846371
1,2367,1,1,0.9550076538753305
1,2371,0,0,0.0008297146666226732
1,2372,0,0,0.10729402815129715
1,2374,0,0,0.421447578423197
1,2378,0,0,0.09755478310305331
1,2382,1,0,0.3059284693099039
1,2392,0,0,0.0014877329312618084
1,2394,1,0,0.21502259957639727
1,2395,0,0,0.006592080557190029
1,2411,0,0,0.008414526333823905
1,2413,0,0,8.298456661202133e-05
1,2415,0,0,0.004125322837082275
1,2419,0,0,8.087798826775679e-06
1,2423,0,0,0.0014003138301155905
1,2425,1,1,0.9964728756236917
1,2432,0,0,0.3428389463168549
1,2433,0,0,0.08129308867738035
1,2434,1,1,0.9116142573838489
1,2438,0,0,8.913527425774174e-05
1,2440,0,0,0.011109141205669673
1,2445,0,0,0.012776697565551385
1,2448,0,0,0.0011119254966717063
1,2451,0,0,0.0005880976669983999
1,2459,0,0,6.3839297041212944e-06
1,2462,0,0,0.00025488216534731364
1,2465,1,1,0.8063977071071667
1,2466,0,0,0.038860806881356194
1,2468,0,0,0.05691637648438541
1,2469,0,0,0.0002143834772540024
1,2476,0,0,0.30279930564446267
1,2477,0,0,0.3899647840702347
1,2480,0,0,0.2729228636020387
1,2486,0,0,0.0019200186654967839
1,2488,0,0,0.012119488056227043
1,2496,1,0,0.22716329350949277
1,2497,0,1,0.5691870949798549
1,2500,0,0,0.11165398014254811
1,2503,0,0,0.0025137499436508628
1,2506,1,1,0.991246060361546
1,2518,0,0,0.0158579013912836
1,2519,0,0,0.05818234525605457
1,2532,0,1,0.5432376967316142
1,2533,0,0,0.01379231871390241
1,2544,1,1,0.9823698081139657
1,2548,0,1,0.8229223673351377
1,2550,0,1,0.714100433375299
1,2553,0,0,0.26984363708430714
1,2554,1,1,0.9709288829750637
1,2556,0,0,0.10981990416002313
1,2560,0,0,0.06761679005569425
1,2562,0,0,0.042338087960709245
1,2563,0,0,0.026167816889230457
1,2570,0,0,9.784486742864729e-07
1,2571,0,0,0.008767707723834197
1,2573,0,0,0.01955086094492062
1,2585,0,0,0.001250000641739592
1,2588,0,0,0.019970052133544285
1,2590,0,0,0.09525100549816523
1,2595,0,0,0.17648457432407297
1,2603,0,0,0.010124641378460577
1,2608,1,1,0.620307138190096
1,2614,0,0,0.3374310234626058
1,2615,0,0,0.000555089941159725
1,2616,0,0,0.36700483570398823
1,2618,0,0,0.009068533186384306
1,2621,0,0,0.0016699101367408909
1,2624,0,0,0.39542729848898717
1,2631,1,0,0.47098750509918336
1,2632,0,0,0.0005076746932562294
1,2637,0,0,0.49849610822497525
1,2648,1,1,0.8083005118806266
1,2654,0,0,0.010478983297995308
1,2660,1,1,0.7492220198932223
1,2668,1,1,0.9781642858672108
1,2670,0,0,0.007222578980417939
1,2672,0,0,0.00024355119511572842
1,2675,0,0,0.04007607730287163
1,2679,0,0,0.006338468501003407
1,2689,0,0,4.178110123704037e-05
1,2690,0,0,4.8718119769737324e-05
1,2692,0,0,0.02771340225339751
1,2697,0,0,0.039228261523529956
1,2698,0,0,0.03273903940742654
1,2710,0,0,0.3894004764051724
1,2714,0,0,0.11917932276190013
1,2727,0,0,0.0006207259609106263
1,2732,0,0,0.005561634642504786
1,2735,1,1,0.6640288407053894
1,2739,0,0,0.003747084735532441
1,2744,1,1,0.9578904991608842
1,2746,0,0,0.006636581547751099
1,2749,0,1,0.5657066771373146
1,2752,0,0,0.0033806005926194644
1,2754,0,0,0.0004380910857325076
1,2761,0,0,1.1202040539185257e-05
1,2773,0,0,0.009126300505863555
1,2776,1,1,0.8338965737316849
1,2783,1,0,0.26259255939625337
1,2784,1,0,0.2990169090380879
1,2785,0,0,0.0047707202941572775
1,2795,1,0,0.0072640711106603615
1,2797,1,1,0.9989259043590661
1,2803,1,1,0.7232708167268624
1,2807,0,0,0.48048059022092776
1,2814,1,1,0.6852691552758327
1,2818,0,0,0.0028460950264303834
1,2821,1,0,0.1368710528347005
1,2826,1,1,0.9523841171677947
1,2834,0,0,0.009158373877436177
1,2835,0,0,0.0088128502936245
1,2846,1,1,0.5265640826160632
1,2848,0,0,5.242663097272203e-05
1,2860,0,0,0.02047024547712805
1,2866,0,0,0.32719439387142196
1,2867,1,1,0.5098131916226397
1,2895,0,0,0.0004626634648540895
1,2906,0,0,0.018096910003169216
1,2917,0,0,8.69985721215314e-05
1,2926,0,0,0.0038773557607193585
1,2930,0,0,0.005621180592912728
1,2933,0,0,0.00011490287875649214
1,2963,1,1,0.9904827027945445
1,2966,0,0,0.004615253747523383
1,2968,0,0,0.3230744004460115
1,2970,1,1,0.9374319675052442
1,2971,1,1,0.7822907522431848
1,2973,0,1,0.5209872843388187
1,2977,0,0,0.0005861403568382954
1,2984,0,0,0.017352908526121605
1,2990,0,0,0.036144252572443726
1,3005,0,0,4.36202109215666e-05
1,3006,0,0,0.4972662323141449
1,3008,1,1,0.8937642906401804
1,3016,0,0,0.04091516762286922
1,3017,1,1,0.9220730958400135
1,3022,0,0,0.010219388565760382
1,3026,0,0,4.8560546199832355e-05
1,3035,0,0,0.4505914042929318
1,3041,1,1,0.6454743566966591
1,3044,1,0,0.07750954985760886
1,3047,0,0,0.0062704949765891565
1,3049,0,0,0.00661894081277565
1,3064,0,0,8.612920399217573e-05
1,3067,0,0,0.03600185800171917
1,3070,0,0,0.2120417072063595
1,3077,0,0,0.005131149608222542
1,3084,0,0,0.14072603626455707
1,3085,0,0,0.05179803600169669
1,3090,1,1,0.7608555285111857
1,3115,0,0,0.22080609386651057
1,3127,0,0,0.027935766522614397
1,3129,0,0,0.48896314043553746
1,3141,0,0,0.3364827958033635
1,3143,0,0,0.0010494830261941373
1,3147,0,0,0.030564286786505458
1,3150,0,0,0.000268270209981538
1,3155,0,0,0.0068060309533847785
1,3156,0,0,0.00010232202829580232
1,3161,1,1,0.9571433997851996
1,3167,1,1,0.8396505645802458
1,3171,0,0,0.05221831242088832
1,3172,0,0,0.08113445990349905
1,3181,0,1,0.6698405591392276
1,3192,0,0,0.0005365696558943374
1,3195,0,0,0.0018885611817997911
1,3201,0,0,4.480642575082547e-07
1,3203,0,0,0.027039853299928224
1,3205,0,0,0.021440666292598203
1,3214,1,1,0.9266350849152988
1,3215,1,1,0.663372379952421
1,3216,0,0,0.0017682223281925986
1,3218,0,0,8.295124542273133e-05
1,3219,1,0,0.4924263594811571
1,3224,1,0,0.24021624554246668
1,3228,1,1,0.9412779251068273
1,3232,1,1,0.9683102704721602
1,3234,0,0,0.35075521080093264
1,3238,0,0,0.00047184923501000006
1,3240,0,0,0.0002708247707556584
1,3241,1,0,0.46937908786380167
1,3249,0,0,0.006570586524539105
1,3251,0,0,7.582912224612037e-05
1,3255,0,0,0.4301835074482648
1,3262,0,0,0.19991029551779196
1,3267,0,0,0.1094278519555658
1,3275,0,0,0.006276099772594417
1,3284,1,1,0.7162210636360333
1,3285,0,0,0.00014494092456011264
1,3290,1,1,0.7522689160167846
1,3291,0,0,0.0018298571192576771
1,3293,0,0,0.2995836419575181
1,3295,1,0,0.2619079705657744
1,3297,0,1,0.5866258916604858
1,3300,0,0,0.0002901983724502786
1,3302,1,1,0.9778586572752478
1,3304,0,0,0.06921171175424919
1,3309,0,0,0.26259321035874994
1,3311,0,1,0.7443944793315964
1,3313,0,0,0.009197242640485213
1,3315,0,0,0.00434075537247809
1,3318,0,1,0.633857746669888
1,3323,0,0,0.010376343936409568
1,3332,0,0,0.08246188182198237
1,3334,0,0,0.0003078333411546745
1,3335,1,0,0.43289558693052543
1,3341,1,0,0.3044114717072896
1,3346,0,0,0.00010789689810266526
1,3349,0,0,0.0013154222397990171
1,3361,0,0,0.04456921806786707
1,3363,0,0,0.02036995202818013
1,3364,0,0,0.008545274545025117
1,3369,0,0,0.3002356995975466
1,3372,0,0,0.013337301691297931
1,3377,0,1,0.6787155480020657
1,3380,0,0,0.000665371774205536
1,3383,0,0,0.0006393517213918891
1,3384,0,0,0.1227106654754462
1,3389,0,0,0.00018192508087881798
1,3405,1,0,0.4617578763699397
1,3412,0,0,0.3597470471051603
1,3413,0,0,0.05208310690081234
1,3420,0,0,0.00019050381908296586
1,3428,0,1,0.5612616615482326
1,3435,0,0,0.30875264764033794
1,3442,0,0,0.008921874619379716
1,3443,0,0,0.025930482980990623
1,3453,1,1,0.8205845052922403
1,3457,0,0,0.00042476580249463066
1,3458,1,1,0.9864518856179821
1,3459,1,1,0.9975336646335048
1,3465,0,0,0.0264081764354121
1,3490,0,0,0.0023926052372520083
1,3493,0,0,0.40692381517823156
1,3495,0,0,0.0032863510607889414
1,3500,1,1,0.9872762222216396
1,3507,0,0,0.006522661555583996
1,3508,0,0,0.07789191332252132
1,3514,1,1,0.9908708039903791
1,3520,0,0,0.29154677567851
1,3524,1,1,0.7238862796797105
1,3527,0,1,0.7850544479239763
1,3532,0,0,2.8644739700749877e-05
1,3550,0,0,0.004364281648550793
1,3552,0,0,0.2320003629967075
1,3555,1,1,0.9704193806123028
1,3556,0,0,0.17751843112809768
1,3557,1,1,0.889323839276612
1,3563,0,0,0.039152341259940465
1,3567,0,1,0.6947184128832714
1,3573,0,0,0.0013923639485525772
1,3574,0,0,0.044555158560871645
1,3575,0,0,0.021012401415491374
1,3577,0,1,0.9693418435093274
1,3587,1,1,0.9134426437000033
1,3588,1,1,0.99168985118672
1,3589,0,0,0.1307687129789189
1,3596,0,0,0.08349094389016816
1,3598,1,1,0.9535142981079439
1,3599,0,0,0.04571989557266958
1,3605,1,1,0.9997295274982395
1,3610,1,1,0.9884403307801843
1,3614,0,0,0.07216659066040507
1,3615,0,0,0.01993301682163099
1,3624,0,0,0.0020685412537029043
1,3626,0,0,0.004660313399581054
1,3629,0,0,8.213955784860935e-06
1,3638,1,0,0.20683638821459194
1,3648,0,0,0.00599757970296665
1,3649,0,1,0.620786410360367
1,3653,0,0,0.0010631140437807206
1,3654,0,0,0.007852150453742128
1,3656,0,0,0.09503365885333966
1,3660,0,1,0.7754155523679129
1,3663,0,0,0.04858628343503449
1,3664,0,0,0.36769386014734895
1,3665,0,0,0.0066103323392432385
1,3667,0,0,0.023762369591017327
1,3673,1,1,0.8946777729661775
1,3683,0,0,0.0032804790727030547
1,3684,0,0,4.938596438620376e-05
1,3692,0,0,5.176169121255869e-05
1,3697,0,0,0.3274925242291093
1,3698,0,1,0.5291575342320517
1,3699,0,0,0.0015246710540456215
1,3700,1,1,0.912961307048358
1,3712,1,0,0.29374993868466126
1,3732,0,0,0.0018649343422752441
1,3747,0,1,0.524136324399999
1,3756,0,0,0.023736118218468622
1,3766,0,0,0.0010397953958336047
1,3767,0,0,0.000543910152935931
1,3768,0,0,0.26545812464502777
1,3769,0,0,0.0038187843571672255
1,3770,1,1,0.9754935200497142
1,3786,0,1,0.9540595395535358
1,3788,1,1,0.8276280060969585
1,3790,0,0,0.00299661617822059
1,3791,0,0,0.00018815610748228962
1,3792,0,0,0.17908309611286094
1,3805,0,0,0.12089630970732551
1,3807,0,0,0.00026201887833707786
1,3812,0,0,0.3457451081372562
1,3818,1,0,0.05914030015441029
1,3824,0,0,5.66966513050335e-05
1,3832,1,0,0.25439231173967
1,3833,1,1,0.5806234573930259
1,3834,0,0,0.00021204262394939564
1,3839,0,0,0.12294374187287681
1,3841,0,0,0.24197945860407638
1,3845,0,0,0.07343284932300427
1,3853,0,0,0.024646457666742567
1,3854,0,0,0.02966453273314895
1,3859,0,0,0.07959607748381858
1,3863,0,0,0.0036334225410082606
1,3865,1,0,0.38835220797009373
1,3874,0,0,0.005075365190210677
1,3875,1,0,0.3636843181363261
1,3881,0,0,0.053362730294297736
1,3883,0,0,0.0010595617038417673
1,3899,0,0,0.005890697462085974
1,3905,0,0,0.002342205029778637
1,3923,0,0,0.18518062448538342
1,3926,0,0,9.308137860300731e-05
1,3927,0,0,5.684385253405239e-05
1,3929,1,1,0.9052785119584853
1,3930,0,1,0.9307753053438904
1,3935,0,1,0.7130441401084683
1,3936,1,1,0.9480417729707089
1,3937,0,0,0.00032813520555455646
1,3938,0,0,0.00014237524642001466
1,3944,0,1,0.6199611056942405
1,3947,1,1,0.988665327060434
1,3949,0,0,0.00426568874218977
1,3967,0,0,0.0009886438387526084
1,3969,0,0,0.04178490934118346
1,3973,0,0,0.310591195683472
1,3981,0,0,0.0003763679120852975
1,3983,0,0,0.021740265651736163
1,3998,0,0,0.05926777404390523
1,4000,0,0,0.04769747031033999
1,4001,0,0,0.0024492817850583722
1,4004,0,0,0.38574796439233244
1,4006,0,0,0.001199375460440148
1,4016,1,1,0.9030160350661829
1,4017,0,0,0.4466721384680031
1,4025,1,1,0.9970648321739211
1,4034,1,1,0.9857290062980785
1,4039,0,0,3.296697061125565e-05
1,4046,0,0,1.6056941394924122e-05
1,4049,0,0,0.12747529263881288
1,4053,0,0,0.026449137657719977
1,4058,1,0,0.034838760269324726
1,4060,0,0,0.042195512786772575
1,4064,0,0,0.006930552341432976
1,4070,0,1,0.5498232352510112
1,4074,1,1,0.8583833406983763
1,4079,0,0,0.006009319377309355
1,4080,0,0,0.00026421208885323103
1,4082,1,0,0.45270172062969716
1,4086,1,0,0.45164309142057163
1,4093,0,0,0.0029153387697325216
1,4094,0,0,0.026699569798008794
1,4104,0,0,0.12359988999143905
1,4112,0,0,0.050137085016696906
1,4115,0,0,0.04397270212297011
1,4121,1,1,0.9067263664250375
1,4122,0,0,9.221750433466398e-05
1,4129,1,1,0.9424037619365567
1,4133,0,0,0.48646638929690306
1,4134,1,1,0.7299190021312323
1,4139,0,0,0.004074713202369821
1,4140,0,0,0.2835290254018753
1,4141,0,0,0.00027074179262660515
1,4153,0,1,0.6585656497999995
1,4155,1,1,0.6043695735356241
1,4159,1,0,0.011489743327782756
1,4168,1,1,0.8245482955602621
1,4170,0,0,0.0009166883752902224
1,4174,0,0,0.27217570525007906
1,4175,0,0,0.03151783121328402
1,4189,0,0,0.3497445984491989
1,4194,1,0,0.20328236797536456
1,4196,0,0,0.015942332454413562
1,4206,0,0,0.012301702893479885
1,4212,1,0,0.245511956391617
1,4213,0,0,0.010386779311921867
1,4216,0,0,0.029645581684141664
1,4223,1,1,0.9926641731897293
1,4224,0,1,0.8107884952192089
1,4239,1,1,0.7683092116427127
1,4241,1,0,0.08828961001218752
1,4245,0,0,0.020779472866364408
1,4246,0,0,0.004368701112177637
1,4250,0,0,0.032451832989669714
1,4252,0,0,0.010216922862839683
1,4254,1,1,0.9610491566512427
1,4256,0,0,0.39905964714171954
1,4262,0,0,0.14615129942418362
1,4277,0,0,0.04920892009257278
1,4281,1,1,0.9406845749742796
1,4282,1,1,0.547984371740759
1,4286,0,0,0.004684695174547967
1,4288,0,0,0.1619662692064673
1,4290,0,0,0.13744185168452025
1,4294,0,1,0.8577812741102508
1,4308,0,1,0.7987086527671057
1,4317,0,0,0.20109412787193734
1,4321,0,1,0.5615506180024955
1,4322,0,0,0.0005338171455863113
1,4324,0,0,0.4485702842544162
1,4326,0,0,0.0021575884794947393
1,4331,0,1,0.8100335567847534
1,4332,0,0,0.3053703771607737
1,4334,1,1,0.9680082293965173
1,4339,0,1,0.5794069791162634
1,4341,0,0,8.012316480002664e-05
1,4345,1,1,0.5306959416240334
1,4347,1,1,0.8411402843959538
1,4348,1,0,0.09837535811866363
1,4363,0,0,0.12998623448901622
1,4365,1,0,0.4263843816059617
1,4367,1,1,0.9856627350090749
1,4368,1,1,0.6129928394076143
1,4371,0,0,0.12923428230883835
1,4374,0,0,0.3160914714054735
1,4375,1,1,0.8180494569997372
1,4382,0,0,0.0013355330813087732
1,4390,0,0,0.004308589219610204
1,4392,0,0,0.0010245441266258839
1,4395,0,0,0.4392802209183773
1,4400,0,1,0.7064381638322758
1,4404,1,0,0.06425005195220604
1,4406,0,0,0.0005905620898907736
1,4411,0,0,0.017579786444145463
1,4413,0,0,0.11324557569077967
1,4416,1,1,0.8958231211677421
1,4417,0,0,0.0071887974095014425
1,4422,0,0,0.21199910268315036
1,4429,0,0,0.016342591050855428
1,4431,0,0,0.042899470555708794
1,4437,1,1,0.9905378912439813
1,4440,0,0,0.01106554219311043
1,4441,0,1,0.5800132738266154
1,4445,0,0,0.00029590985682133905
1,4446,1,1,0.9203225517522099
1,4449,1,1,0.9927962259644558
1,4456,0,0,0.3279531474311834
1,4468,0,0,0.016758100970393028
1,4469,0,0,0.0012969653101099594
1,4483,0,0,6.314659096857439e-05
1,4484,0,0,0.3639196176180041
1,4487,0,0,7.834520467911178e-05
1,4489,0,0,0.04600941999557583
1,4494,0,0,0.023859627700078725
1,4502,0,0,0.01663913712764497
1,4508,1,0,0.04898332956242122
1,4509,0,0,0.0033774609512468626
1,4511,0,0,1.4894315937189621e-05
1,4516,0,0,0.00321447313131391
1,4523,1,0,0.048334350445727134
1,4550,0,0,0.014768939586612025
1,4551,0,0,0.32249242451829974
1,4552,0,0,0.13384736756667753
1,4558,0,0,0.00045452930793864476
1,4563,1,1,0.9741763354713774
1,4564,0,1,0.5628578015349115
1,4575,0,0,0.0651899376736055
1,4578,1,1,0.9615894704165252
1,4580,0,0,0.3323482506768336
1,4583,0,0,0.19123259467442522
1,4587,0,0,0.003887872906237015
1,4589,1,0,0.10130108352334614
1,4590,0,0,4.31049808864808e-05
1,4592,1,1,0.9648253124984472
1,4594,0,0,0.20677618164768008
1,4596,0,0,0.00046913482901692944
1,4602,0,0,0.0019382501391104969
1,4607,0,0,0.0004804030392060025
1,4617,0,0,0.0010253651873554416
1,4627,0,1,0.8004844943860169
1,4633,0,0,0.008391337356999717
1,4634,0,0,0.013338701757100212
1,4647,0,0,0.008377492404979175
1,4650,0,0,0.08945924099203179
1,4652,1,1,0.9859906608588862
1,4655,0,0,0.42618985834808976
1,4664,0,0,0.010548152724947125
1,4667,1,1,0.9272027917725206
1,4673,0,0,0.0020935513817454737
1,4675,0,1,0.7336002677342107
1,4679,0,1,0.7926881155702133
1,4680,0,0,0.0538408541735586
1,4688,0,0,0.2199538208620965
1,4700,1,0,0.24880543498171792
1,4701,0,0,0.11280180542037813
1,4704,1,0,0.07447987871610648
1,4705,1,1,0.9236468268654756
1,4708,0,0,0.0239269232511679
1,4710,0,0,0.00020092767676063562
1,4725,0,0,0.002782513435246993
1,4743,0,0,0.026553125797254714
1,4744,0,0,0.000620731705633624
1,4747,0,1,0.8282738328910003
1,4762,1,0,0.0326083775922735
1,4766,1,0,0.21403178007055165
1,4777,0,0,0.2410982095422782
1,4782,0,0,0.26755584883481687
1,4786,0,0,0.0011621489131113784
1,4787,0,0,0.008660573829104018
1,4788,0,0,0.0006392136802030421
1,4789,0,0,0.017383815947888646
1,4802,1,1,0.9746233150808626
1,4804,1,1,0.6363740968458684
1,4809,0,0,0.25564017604443273
1,4818,0,0,0.002635919693828964
1,4821,0,0,0.4263098184405163
1,4834,0,0,0.02306372823588974
1,4835,1,1,0.8673882651792977
1,4852,0,0,0.014103961510990231
1,4854,0,0,0.27136539134626425
1,4860,1,1,0.9525404818520384
1,4864,0,0,0.0147949741510497
1,4866,0,0,0.03678919741420628
1,4871,0,0,0.01481552251239977
1,4884,1,1,0.8482441163332938
1,4890,0,0,0.039236935543689976
1,4891,0,0,0.2867125145112047
1,4909,1,1,0.9513832295470571
1,4913,0,0,0.1536685065814691
1,4914,0,0,0.021692886455229196
1,4921,0,0,0.02476106969300776
1,4925,0,0,0.015456819764964647
1,4930,1,1,0.9952231946961333
1,4935,0,0,0.09468371879403499
1,4942,1,1,0.9733960103915553
1,4944,0,0,0.038490764933253735
1,4946,0,0,0.4675343665279651
1,4953,0,0,0.006858035743691673
1,4954,0,0,0.0004204560855109954
1,4958,1,0,0.010493635329661778
1,4962,1,1,0.9828262474002499
1,4969,1,0,0.02850489939327692
1,4975,1,1,0.9446666099423136
1,4979,0,0,0.3386344128713505
1,4986,0,0,0.04106259350469288
1,4990,0,0,0.4696364194138443
1,5001,0,0,0.0038942622523543092
1,5003,0,0,0.055714207052445376
1,5007,0,0,0.0002559379854249778
1,5047,0,0,0.00010783372526501674
1,5067,0,0,0.007483609689544663
1,5069,1,1,0.8547512297312034
1,5075,0,0,0.0008154061071557418
1,5088,0,0,0.04348022559303294
1,5093,0,0,1.080868337160282e-05
1,5099,0,0,0.0021955508582047487
1,5100,0,0,0.22352701604325032
1,5101,0,0,0.23195751334539563
1,5104,0,0,0.0005150612789588285
1,5108,0,0,0.013606962654947726
1,5119,0,0,0.28310581244738603
1,5128,0,1,0.5814411547345095
1,5129,0,0,0.0029088674053140175
1,5132,0,1,0.6114927818948503
1,5133,1,0,0.13184666423880434
1,5137,0,0,0.0027793095390098842
1,5138,0,0,4.111159864007561e-05
1,5139,0,0,0.000889176323905947
1,5146,0,0,0.002921185612336097
1,5148,0,0,0.15111225043286342
1,5149,0,0,0.06292332595317027
1,5150,0,1,0.9232703549195318
1,5162,0,0,0.13166600460551464
1,5167,0,1,0.6699476895747255
1,5175,0,0,0.002102332191918876
1,5192,1,1,0.9943097067878327
1,5193,0,1,0.756427703803205
1,5199,0,0,0.14800506555393192
1,5201,0,0,0.007841778516233985
1,5215,0,0,0.007207239335476162
1,5216,1,1,0.8695723284559316
1,5220,0,0,0.018588378980503827
1,5222,0,0,0.009753937172140324
1,5223,0,1,0.5704118526176899
1,5224,0,1,0.882085879348871
1,5228,1,1,0.7213736027726513
1,5231,0,0,0.2924007434264531
1,5233,0,0,0.3085165891070107
1,5241,1,1,0.970522431235001
1,5243,0,0,0.01367237354643971
1,5244,0,1,0.9023296349710694
1,5246,0,0,0.023406196400298597
1,5250,0,0,0.012723853537183893
1,5256,0,0,0.0018164593303150853
1,5258,0,0,0.026156591191583617
1,5266,0,0,0.035623834405647835
1,5268,1,1,0.8675053287115158
1,5270,0,0,0.01730424949950513
1,5271,0,0,0.425810032471887
1,5280,1,1,0.9207318670226494
1,5281,0,0,0.20342679344872142
1,5283,0,0,0.32211321690553263
1,5290,0,0,0.008205053898326924
1,5307,0,0,0.006809291866215886
1,5311,0,0,0.0002722343231291696
1,5312,0,0,0.0009484574851658722
1,5316,1,0,0.44367258328025355
1,5317,0,0,0.0007992133650870966
1,5322,0,0,9.658852294701798e-05
1,5326,0,0,0.00394022639398802
1,5328,0,0,0.2836218048912953
1,5330,0,0,0.024587136116890437
1,5335,0,0,0.11106327701970292
1,5340,0,0,0.11487324712750765
1,5352,0,0,0.000786425003169716
1,5355,0,0,0.0023392591995312633
1,5357,0,0,0.06437819880210098
1,5363,0,0,0.0010159193343398046
1,5371,1,1,0.9747523835441427
1,5373,0,0,0.3135822148861185
1,5375,0,0,0.0006969064082834448
1,5376,0,0,0.32424049001072197
1,5377,1,0,0.048255714972587474
1,5380,1,1,0.8100601679144422
1,5381,0,1,0.7401473987471782
1,5384,0,0,0.00031785707674418734
1,5387,1,1,0.7900355931988717
1,5389,1,1,0.669878877010122
1,5417,0,0,0.026384769028867702
1,5427,0,0,0.05144789828962932
1,5430,1,0,0.14414607834813636
1,5442,0,0,0.0011550910392605328
1,5444,0,1,0.6440572221457297
1,5450,0,0,0.04903563469172446
1,5451,0,0,0.33529936962158186
1,5468,0,0,0.0007284176284382516
1,5474,1,1,0.6754359597655476
1,5475,0,0,0.21703424622826434
1,5486,0,0,0.018597994291279788
1,5487,0,0,0.02674843958215334
1,5492,0,0,0.02297760981896262
1,5496,1,1,0.8860166104044309
1,5505,0,0,0.0005185928506896231
1,5508,0,0,0.0010932234824594953
1,5511,0,0,0.0004438336809712867
1,5515,0,0,0.0007549933080457533
1,5524,0,0,0.440515713297458
1,5531,1,0,0.315436039031396
1,5544,0,0,0.3022292276960301
1,5548,0,0,0.037194119958457554
1,5555,0,0,0.11314781874760371
1,5563,0,0,0.003766644143338645
1,5564,0,0,0.002248859743679078
1,5571,0,0,0.1333622174910522
1,5579,0,0,0.0024401344378983977
1,5582,0,0,0.010415612308852252
1,5584,0,0,0.014451532185826009
1,5591,0,0,0.00055473147177152
1,5593,0,0,0.48837038061187127
1,5598,0,0,0.16721151440747056
1,5599,0,0,0.48276028818057193
1,5602,1,1,0.8980345643276453
1,5610,1,1,0.9361267768671777
1,5621,1,1,0.9992542016952877
1,5630,0,0,0.025917066121577202
1,5631,0,0,0.1390960932123796
1,5633,0,0,0.06972988869370281
1,5646,0,0,0.0007993687022818883
1,5653,0,1,0.5424112239504322
1,5656,0,0,0.10354310832839514
1,5668,0,0,0.01184967596108068
1,5674,0,0,0.050443410541198094
1,5676,0,0,0.003554415162335653
1,5677,0,0,0.0033305138962742282
1,5690,0,0,0.00031857272576418945
1,5700,0,0,0.03453509963460296
1,5722,0,0,0.4821158362728581
1,5728,0,0,1.1544411852670954e-05
1,5731,0,0,0.0779328693842321
1,5735,1,1,0.614681296506945
1,5736,0,0,0.0407685382522817
1,5737,0,0,0.000998675297238108
1,5746,0,1,0.6788130786129943
1,5747,1,1,0.9569840094484363
1,5758,0,0,9.993109743289562e-06
1,5764,0,0,0.06743635659367808
1,5776,0,1,0.8745920217657148
1,5777,0,1,0.9544437790832054
1,5783,1,1,0.9314324824501725
1,5794,0,0,0.00020549479781757193
1,5796,1,1,0.9975418254899848
1,5805,0,0,0.0013719898249347326
1,5806,0,0,0.01208050503483548
1,5812,1,1,0.8640772957697018
1,5813,0,0,0.15185628229821518
1,5824,0,0,0.014341709183075136
1,5831,0,0,0.0009978222332334085
1,5832,0,1,0.9352015044391774
1,5836,0,0,0.00016968569641909753
1,5845,0,0,0.00026021754229145803
1,5855,0,0,0.005081770876863492
1,5856,0,0,0.021447022913372017
1,5863,0,0,0.00045480259472617247
1,5868,1,1,0.9605380446084765
1,5875,0,0,0.0004213285611556577
1,5879,0,0,0.0007285486949912756
1,5885,0,0,0.11752040798643748
1,5886,0,1,0.8894375885695954
1,5892,0,0,0.029891139797253437
1,5900,0,0,0.3288065554498288
1,5909,1,1,0.9891453777557113
1,5913,0,0,0.013115833213032066
1,5920,0,0,0.00020305550171822933
1,5922,1,1,0.7758126750066039
1,5925,0,0,1.17670962327258e-05
1,5941,0,0,0.014227289130709055
1,5942,1,0,0.47310315427590366
1,5948,0,0,0.476262480225917
1,5954,1,1,0.8662257974463973
1,5963,0,0,0.07331265144538067
1,5978,1,0,0.4790986572318994
1,5986,0,0,0.15361027626884435
1,5989,0,0,0.11171976923044462
1,5992,0,0,0.032417925384765574
1,5994,1,1,0.9943587873935362
1,5998,1,1,0.8171678769330577
1,6004,0,0,0.0396848314969493
1,6010,0,0,0.08953478532446403
1,6028,0,0,0.004416041970658047
1,6035,0,0,3.572531290238392e-05
1,6057,1,1,0.5720545525049495
1,6058,1,1,0.8312383589648078
1,6064,0,1,0.5630932963631534
1,6084,0,0,0.0050338809898163115
1,6085,0,0,0.016138362254244525
1,6088,0,0,0.0010733965106460147
1,6091,1,1,0.664022841746821
1,6094,0,0,0.0021278355950262173
1,6095,0,0,0.1088532878320186
1,6098,1,0,0.019369649361745813
1,6103,1,0,0.15019870644004146
1,6106,0,0,0.00017443207182410553
1,6107,0,0,0.01666247376483874
1,6115,0,1,0.826523612814221
1,6118,0,0,0.01224111783428288
1,6119,1,1,0.5455207269983733
1,6124,0,0,0.008816176772562141
1,6125,0,0,0.0014599755134305143
1,6127,1,1,0.9926336902877859
1,6129,1,1,0.9797672812269419
1,6132,0,0,0.1442020494681013
1,6135,0,0,0.019037674838511324
1,6139,0,0,0.05547743189673857
1,6151,0,0,0.02999743640632292
1,6152,1,0,0.13218824765135498
1,6156,0,0,0.31076753286482933
1,6158,0,0,0.4038537789024316
1,6161,0,0,8.548324234432456e-05
1,6172,0,0,0.00016461676893114163
1,6174,1,0,0.01711536445591581
1,6176,0,0,0.006823614253259045
1,6177,0,0,0.0244452492607278
1,6186,0,0,0.11697480640879752
1,6187,0,0,0.0010523644735030533
1,6193,0,0,0.0009927376682005485
1,6195,0,0,0.0009655398498114358
1,6204,0,0,0.0013714546256632554
1,6221,0,0,0.010074104101475493
1,6235,0,0,0.1823042189381713
1,6241,0,0,0.004311692772701775
1,6243,0,0,0.0511649873247797
1,6244,0,1,0.844510184208736
1,6248,0,0,0.21682161026501415
1,6249,0,0,0.004597454523245083
1,6251,0,0,4.040583736505032e-05
1,6255,1,1,0.9877996749878746
1,6263,0,0,0.009525670082283345
1,6268,0,0,0.0022130863676451417
1,6269,0,0,0.21749495626645862
1,6279,0,0,0.013485085757969273
1,6283,0,0,0.22929693147630723
1,6288,0,0,0.011113769298774567
1,6291,1,1,0.8698640058500465
1,6294,0,0,0.11934795393418089
1,6295,1,0,0.18293601288328917
1,6307,0,1,0.5373403427509157
1,6312,0,0,0.02012496078005137
1,6315,1,1,0.8038505806175139
1,6321,0,1,0.5880395292207542
1,6326,1,1,0.9801521363242115
1,6332,0,0,0.013935195992300007
1,6343,0,0,0.1942059696221267
1,6347,0,1,0.6075697056170836
1,6349,0,0,0.010675627408394518
1,6352,1,1,0.9261907672705756
1,6356,0,0,0.01772098105541324
1,6358,1,1,0.7031102355151181
1,6361,0,1,0.6013448896092266
1,6362,1,1,0.9766032280993132
1,6374,0,1,0.743722408375198
1,6377,0,0,0.004535306482693014
1,6381,0,0,2.5564313391657818e-06
1,6389,0,0,0.0013238859604065487
1,6392,0,0,0.02750258339838066
1,6394,0,0,0.0002475150190836757
1,6395,0,0,0.030152691591682684
1,6397,0,0,0.02817233274860234
1,6403,0,0,0.060240856875228135
1,6413,1,1,0.7128042005102976
1,6414,0,0,0.17279578653051503
1,6416,0,1,0.6117938442135975
1,6418,0,0,0.0003126553826492635
1,6420,1,1,0.8974691477139014
1,6423,0,0,0.12431179907562935
1,6425,0,0,0.003416786922396611
1,6432,0,0,0.0047083580662163685
1,6445,1,1,0.886683103116729
1,6447,0,0,0.0006832996821742498
1,6449,0,0,0.006727130449717625
1,6459,0,0,0.0017892613332447667
1,6470,1,1,0.9832662572224431
1,6498,0,1,0.7969559406374963
1,6505,0,0,0.09528458104161508
1,6508,0,0,0.0739046399635959
1,6509,1,1,0.9468394820154008
1,6511,0,0,0.0001395579261367381
1,6512,0,0,0.00016858474959256477
1,6516,0,0,0.2792834480338085
1,6518,0,0,0.25170642564620704
1,6522,0,0,0.06134696590325374
1,6546,1,1,0.8382862340118008
1,6552,1,1,0.7702937683639975
1,6555,0,0,0.004566267821667288
1,6556,0,0,0.20773403711973767
1,6568,1,1,0.5887689206335209
1,6569,0,0,0.2594098812896109
1,6571,0,0,0.022110425420786426
1,6576,0,0,6.870664698363785e-05
1,6587,0,0,0.0603814330350825
1,6594,0,0,0.09531227005830173
1,6604,0,0,0.0420791323886522
1,6615,1,1,0.9968895017090825
1,6621,0,0,0.00026474439967596715
1,6626,0,0,0.0009503312056864688
1,6628,1,1,0.8878862564174157
1,6629,0,0,9.997362012921e-05
1,6630,0,0,0.020760751788201606
1,6631,0,0,0.014705437087047753
1,6639,0,1,0.6055896211964886
1,6643,1,1,0.5767115706281728
1,6646,0,0,0.34423970789508945
1,6648,0,0,0.0006963529546670461
1,6650,0,0,0.0012362539140271253
1,6651,1,1,0.9857522339741513
1,6658,1,1,0.9363264915626764
1,6664,1,1,0.9511430311664112
1,6666,0,0,0.0003992469042577359
1,6679,0,0,0.010587128476360405
1,6685,1,0,0.24839277839778282
1,6690,0,0,0.001043926076409529
1,6691,0,0,0.006146703867284807
1,6706,0,0,0.005383354167559413
1,6711,1,1,0.8384232786622071
1,6712,1,1,0.8171171682558198
1,6716,0,0,0.0008831012509773215
1,6717,0,0,0.004453662719678653
1,6722,0,0,0.09142999719696486
1,6724,0,0,0.2268543641386434
1,6738,0,0,0.010366170764434302
1,6739,0,1,0.6699621265148797
1,6740,0,0,0.000539379212463793
1,6742,0,0,0.18275386119575832
1,6743,0,0,0.03778472516105472
1,6758,0,0,0.07043485936598638
1,6760,0,0,0.017429682636810585
1,6761,0,1,0.986082042180636
1,6769,0,0,0.0642662823642571
1,6774,0,0,0.2579858190570479
1,6801,0,0,0.01232688702397192
1,6803,0,0,0.023495276556538783
1,6820,0,0,0.029212554534473533
1,6823,0,0,0.00314895652564379
1,6826,1,0,0.33660173518992864
1,6828,0,0,0.033113201159064756
1,6832,0,1,0.6996286766054133
1,6847,0,0,0.3497381878195566
1,6853,1,1,0.8795400260264864
1,6861,0,0,0.08002993999781444
1,6867,0,0,0.0734322934095141
1,6870,0,0,0.003981056366133732
1,6886,0,0,0.018291970075008927
1,6906,0,0,0.021933050985031854
1,6908,0,0,0.023105339548027907
1,6912,0,0,0.006078342145241738
1,6915,0,0,0.004170984821754244
1,6917,0,0,0.0060740456990170865
1,6918,0,1,0.5922169379336446
1,6919,0,0,0.05053796370923554
1,6920,0,0,0.010949588793955571
1,6934,0,0,0.0035397547287804505
1,6938,0,0,0.012135043404310606
1,6945,1,0,0.19984314688803706
1,6946,0,0,0.0057249821125528915
1,6947,0,1,0.840592998086073
1,6953,0,0,0.1546281187309588
1,6967,0,0,0.22667441912356426
1,6969,0,0,0.0004361088802718812
1,6975,1,1,0.7639574862471428
1,6981,0,0,0.1254226404621541
1,6982,1,1,0.9255480425818265
1,6986,0,0,0.0423161395091753
1,6992,0,0,0.040836829309275256
1,6993,0,0,0.08483226356876812
1,6995,0,0,0.02547365072190303
1,7004,0,0,4.3828212121131215e-05
1,7006,0,0,0.0039146995974175935
1,7016,0,0,0.004191476699822826
1,7017,0,0,0.49008666499160625
1,7019,1,0,0.3420967490905685
1,7020,1,1,0.9697730751843595
1,7021,0,0,0.22628817674215382
1,7028,0,0,0.4174788833261514
1,7046,1,1,0.9992296840525048
1,7047,0,0,0.0008584944204172496
1,7052,0,1,0.617891779455984
1,7060,0,0,0.3081114198910492
1,7061,0,0,0.34843573378066117
1,7063,0,0,4.6233963640610534e-05
1,7064,0,0,5.075807259303337e-05
1,7071,0,0,0.00021664908038502206
1,7075,0,0,0.06715142369245805
1,7080,0,0,0.0005409394011612463
1,7085,0,0,0.004233845259834689
1,7088,0,0,0.1048109482170071
1,7100,0,0,0.0016506211106860587
1,7102,0,0,0.0028127061827819366
1,7103,1,0,0.035391832981224024
1,7105,0,0,0.0005570137686497662
1,7108,0,0,0.07669499479687317
1,7114,0,0,0.3701789109628582
1,7118,0,1,0.8073893827504434
1,7121,0,0,0.12020103651034424
1,7123,0,0,0.12260578520407196
1,7126,0,0,0.44422354613705206
1,7134,0,1,0.6807461054996157
1,7145,0,0,0.09944301845325708
1,7153,1,1,0.7887917048326047
1,7156,1,1,0.9321351425112118
1,7157,1,1,0.824541511663611
1,7159,0,0,0.3853009198674845
1,7161,0,0,0.001619713123075386
1,7171,1,0,0.22717749192528935
1,7174,0,1,0.9241749921446402
1,7183,1,1,0.9335649780479539
1,7203,0,0,0.09021413776007738
1,7208,0,0,4.8527619156440587e-05
1,7210,0,0,0.004109587643778858
1,7211,0,0,0.0003425514921759445
1,7216,0,0,0.008003293993844458
1,7217,0,0,0.0005943109414244497
1,7238,1,1,0.9459448536003061
1,7247,0,0,0.12077779225016393
1,7250,0,0,0.0003945657578992327
1,7253,0,0,0.013459528042056367
1,7254,0,0,0.0040102937871040484
1,7267,1,1,0.8598920420761454
1,7269,0,0,0.03350010031505965
1,7271,0,0,0.0011160476551702624
1,7272,0,0,0.023197067587574602
1,7293,0,0,0.1963903068260549
1,7297,0,0,0.18147502014308073
1,7299,0,0,0.032669518775672444
1,7304,0,0,0.030701308065103353
1,7317,0,0,0.0012229740258168384
1,7321,0,0,0.00193971909642189
1,7323,1,1,0.9865168237433137
1,7330,1,0,0.006182013808917688
1,7342,0,0,7.947854447906204e-06
1,7345,1,1,0.9858361370045805
1,7355,1,1,0.7897006207250941
1,7357,0,0,0.0021897084885151652
1,7361,0,0,0.01251345363762111
1,7364,1,1,0.9729316740261277
1,7382,0,0,0.100598822585084
1,7391,0,0,0.2820248489709845
1,7404,0,0,9.226736353505228e-05
1,7410,0,0,0.026555039103114634
1,7413,0,0,0.0020837827044718335
1,7417,0,1,0.8364441546855506
1,7418,0,0,0.006473932214815745
1,7420,0,0,0.01691325031950158
1,7438,0,0,0.05036246195409557
1,7447,0,0,0.004253148715729272
1,7450,0,0,0.07097510588230117
1,7457,1,1,0.9137874233905297
1,7459,0,0,0.017048925234972426
1,7461,0,0,0.0006373542163416167
1,7463,0,0,0.014582954325129205
1,7466,0,0,0.024895968458040558
1,7474,1,1,0.893388643334228
1,7475,0,0,0.0006455217274673487
1,7477,0,0,0.0020289085189385005
1,7481,0,0,0.024845787816735822
1,7482,0,0,0.0004073876051867739
1,7486,0,0,0.005565213874448243
1,7488,0,1,0.8248145231944242
1,7490,1,0,0.006550167304611853
1,7492,0,0,0.0015853869245380631
1,7505,1,1,0.8016414963147557
1,7510,0,0,0.05608057175791461
1,7514,0,0,0.0005988641397445284
1,7516,0,0,0.01678860388254424
1,7529,1,1,0.9830040643828167
1,7538,0,0,0.0001536139279908943
1,7543,0,0,0.022036315677870708
1,7546,0,0,0.010786985255118753
1,7547,0,0,0.000672186288060373
1,7548,1,1,0.9904876144674203
1,7549,1,1,0.570191673061678
1,7558,0,0,0.0003025649954912623
1,7560,0,0,0.0017078353639010978
1,7563,1,1,0.9605755549300989
1,7569,0,0,0.28932158205000724
1,7571,0,0,0.01057059661643099
1,7575,1,1,0.6300359617928138
1,7584,0,0,0.21111211594889914
1,7589,0,0,0.07465997826462123
1,7590,0,0,0.009015808533870698
1,7595,0,1,0.847220567422746
1,7611,0,0,0.006717266231546084
1,7612,0,0,0.029374949341206578
1,7619,0,0,0.013578416937849567
1,7625,0,0,7.218806875061502e-05
1,7632,0,0,0.4347281379441265
1,7637,1,1,0.9381655364245505
1,7638,1,0,0.3319362069460016
1,7647,0,0,0.10028330065855753
1,7648,1,1,0.9722634589773133
1,7649,0,0,0.00799623003692304
1,7655,0,0,0.10708541316777648
1,7659,0,0,0.3673758018025409
1,7661,0,0,0.03332953593073812
1,7670,0,0,0.017221441968706456
1,7671,0,0,0.0004447124460190931
1,7675,1,1,0.918884732391983
1,7677,0,0,2.373301721796013e-06
1,7683,0,0,0.17000941165040884
1,7684,1,1,0.956086528489554
1,7687,0,0,0.04775349200100505
1,7697,1,1,0.9968800695183416
1,7709,0,0,0.032458535774247683
1,7712,0,1,0.9076266864848658
1,7720,0,0,0.1345730505492527
1,7728,0,0,0.0012882676024877082
1,7729,0,0,0.11377263384412056
1,7733,0,0,0.13298369687302938
1,7737,0,0,0.00827277398910555
1,7742,0,0,0.00026509938143663063
1,7750,1,1,0.5997564771800353
1,7760,1,1,0.9753814851500093
1,7765,0,0,0.15360164911782007
1,7772,0,0,0.003397738875812107
1,7774,0,0,0.001595676884595445
1,7785,1,1,0.9892493324379897
1,7797,0,0,0.17504030152420774
1,7799,0,0,0.24289806828414187
1,7801,0,0,0.18059584062415768
1,7802,0,0,0.09025366836682026
1,7803,0,0,0.2970442550060977
1,7805,0,0,7.194221682883461e-05
1,7809,1,1,0.6913925947643855
1,7813,0,0,0.09420902139168139
1,7816,0,1,0.5281014860416008
1,7821,0,0,0.009479121868377483
1,7823,0,0,0.04150955550427917
1,7832,0,0,0.21598895337983068
1,7841,0,0,0.006053705956256363
1,7843,0,0,0.0499887472546222
1,7846,0,0,0.12920414489932935
1,7851,0,0,0.02267391520300116
1,7855,0,1,0.5768294886398468
1,7863,0,1,0.8694846951239377
1,7867,0,0,7.098310830784722e-05
1,7875,0,1,0.516108296652463
1,7877,0,0,0.0001786743947626997
1,7883,0,0,0.0018157007278362608
1,7888,0,0,0.3540904568909034
1,7890,0,0,0.43329769927705797
1,7892,1,0,0.2651666760056231
1,7909,0,1,0.8553853132740366
1,7910,0,0,0.0065047007921260475
1,7930,1,1,0.8119161817519828
1,7934,0,0,0.1827940019013896
1,7936,0,0,0.037522034419299036
1,7941,0,1,0.9358690265112182
1,7948,1,1,0.9890737960795788
1,7951,0,0,0.0006344879440011429
1,7952,0,0,0.004206597560860771
1,7955,1,0,0.07385540972594924
1,7961,0,0,0.0008369789276757842
1,7967,0,0,0.00015581572785990997
1,7971,0,0,0.4304217537551525
1,7972,0,0,0.13750422810935808
1,7987,0,0,0.010195644064012667
1,7997,0,0,0.00031449067977214575
1,7999,0,0,0.00027536875753790454
1,8009,0,0,0.009192720126792408
1,8011,0,0,0.0003564074487571134
1,8018,0,0,0.17873268316163135
1,8024,0,0,0.05608364207591616
1,8025,0,0,0.0013437043724928725
1,8026,0,0,0.22144153672227815
1,8028,0,1,0.8610745514380951
1,8029,0,0,0.06617301660419724
1,8030,0,0,0.001359769638844549
1,8036,0,0,0.0005975182518370274
1,8037,0,0,0.012470272534338845
1,8043,0,0,0.01045687105469467
1,8058,0,0,0.008787425001632992
1,8059,0,0,0.0010930280972653165
1,8061,1,0,0.2080727877742946
1,8070,0,0,0.10463648204274281
1,8073,1,0,0.4060514898586592
1,8083,0,1,0.5636459938707006
1,8086,0,0,0.00010083763838333798
1,8088,0,0,0.0018744130017457916
1,8090,0,0,0.08309958313414169
1,8097,0,0,0.028999481486641564
1,8099,0,0,0.02641187157814803
1,8100,1,0,0.26643549458731564
1,8121,0,0,0.000673537240417289
1,8127,0,0,0.00026406752749120755
1,8142,1,1,0.9440826438072901
1,8143,1,1,0.9966861043645248
1,8146,0,0,0.04129296089941555
1,8154,0,0,0.010193103324771385
1,8164,1,1,0.7435594835793372
1,8165,1,0,0.3016472787799158
1,8166,0,0,0.44415823678164973
1,8200,0,1,0.5436433754409176
1,8203,0,0,7.96189306526542e-06
1,8204,1,1,0.9879930272344547
1,8209,0,0,0.08588461124203083
1,8214,0,0,0.1246816969837839
1,8216,0,0,0.00046445081665751135
1,8222,0,0,0.005376689590902376
1,8224,1,1,0.9315118839794735
1,8235,0,0,0.0960108181945726
1,8238,0,0,0.021321679369509693
1,8239,1,0,0.16658199947117774
1,8240,0,1,0.5882982096714234
1,8241,0,0,0.09520842011717415
1,8242,0,0,0.023282656159138115
1,8245,0,0,0.058697016884494115
1,8246,0,1,0.5639638571529818
1,8251,0,0,0.0001167919661177464
1,8257,0,0,0.0003262519112608583
1,8258,0,0,0.004705831530754893
1,8259,0,0,0.02247465362630282
1,8261,0,0,0.1378209840602618
1,8279,1,1,0.9982175679082489
1,8281,1,1,0.5705880009243878
1,8282,1,1,0.8755307576411323
1,8284,0,0,0.3382060200256988
1,8288,1,0,0.2524305210484598
1,8289,1,1,0.8373653453638554
1,8293,0,0,0.030515516128438714
1,8302,0,0,0.13701282373650478
1,8304,0,1,0.8602617446319497
1,8305,0,0,0.07464182255413186
1,8322,0,0,0.009464588440665727
1,8327,0,0,0.00215248355707464
1,8333,0,1,0.9408282718157472
1,8337,0,1,0.9695318537777622
1,8340,0,0,0.04131382789460633
1,8359,0,0,0.0002876948479400704
1,8364,1,1,0.7389084873233053
1,8365,0,0,0.08997419918489533
1,8370,1,1,0.8553309532281296
1,8373,0,0,0.0980158185954008
1,8377,0,0,0.021964184642424528
1,8383,0,1,0.8911966189914525
1,8384,0,0,0.25550622228448394
1,8392,1,0,0.09356329878517419
1,8394,1,1,0.98816773255786
1,8396,0,0,0.004635712970812671
1,8408,0,0,0.2860425778541291
1,8412,0,0,0.0007535495922783745
1,8413,0,0,0.0066909547425081034
1,8416,0,0,0.09404365523809151
1,8420,0,0,0.00039607811432875725
1,8421,0,0,0.019141142428992133
1,8438,1,0,0.4607508789834655
1,8444,0,0,0.00012410312742421026
1,8450,0,0,0.007060852877489315
1,8451,1,0,0.010242661809738157
1,8462,0,0,0.010994441790851017
1,8471,0,0,0.4372246426928437
1,8476,0,0,0.009575981289352416
1,8486,0,0,0.00795588936137677
1,8494,1,1,0.971424059333621
1,8498,1,1,0.8790913514553179
1,8499,0,0,0.00010834813107500621
1,8506,0,0,0.3398042444692103
1,8508,0,1,0.8530640772005328
1,8519,0,0,0.03709835933777675
1,8526,0,0,8.067038035642116e-05
1,8533,1,0,0.39571366890613574
1,8534,0,0,0.09197985827106032
1,8535,0,0,0.011853248360160539
1,8536,0,0,0.0006412499156015517
1,8540,1,1,0.7356027237572127
1,8547,0,0,0.3176944655484683
1,8550,0,0,0.0005555681222072552
1,8555,0,0,0.02299351738721815
1,8556,0,0,0.05748674026848396
1,8559,1,1,0.5311186058144514
1,8561,0,0,0.0020852342904572416
1,8566,0,0,0.0009680655596581807
1,8569,0,1,0.7946095538045007
1,8580,1,1,0.9258016683792327
1,8583,0,0,0.13112811879894729
1,8586,0,0,0.004818893987673818
1,8592,0,0,0.10586554612963803
1,8595,0,0,0.004751032461078734
1,8599,0,0,2.9527796776958163e-05
1,8602,0,1,0.9179416204406132
1,8603,0,0,0.004552731289447517
1,8609,0,0,0.03247864281659054
1,8615,1,0,0.3771635384547597
1,8617,0,0,0.014771667102958711
1,8621,0,0,0.007476650000425421
1,8626,0,0,0.038448034156968194
1,8628,1,1,0.9927491471415916
1,8629,0,0,0.0002799368608419501
1,8631,0,0,0.04590533228488731
1,8633,0,0,0.4024141247408288
1,8638,0,0,0.0002567183658791451
1,8641,0,0,0.0024975845637073475
1,8644,1,1,0.9761758367797385
1,8650,0,0,0.002873425829573112
1,8654,0,0,0.10532889333100282
1,8658,0,0,0.013503791350643534
1,8662,0,0,0.0051287349354983604
1,8664,0,0,0.05366107554160243
1,8672,0,1,0.8926109497757141
1,8687,0,0,0.0027723641934462437
1,8688,1,1,0.8105628267031281
1,8696,0,0,0.0075974946618843735
1,8698,1,1,0.8522290890667301
1,8703,0,1,0.8317568286712095
1,8705,0,0,0.02671504561269362
1,8709,0,0,0.06952695755203092
1,8711,0,0,0.17649939352834937
1,8719,0,1,0.8549323505147184
1,8725,0,0,0.2119043526513158
1,8736,1,1,0.9471993368768028
1,8738,0,0,0.23619889499380856
1,8740,0,0,0.2774846425176609
1,8748,0,0,0.004993357450498541
1,8753,0,0,0.010294632886589317
1,8754,0,0,0.0008041982649801112
1,8756,0,1,0.5063324862398424
1,8763,0,0,0.3928220221242078
1,8765,0,0,0.0005278441898154157
1,8766,0,0,0.37553975769915593
1,8767,0,0,0.019097760034132414
1,8768,0,0,0.02123300320081957
1,8787,1,0,0.228388924275745
1,8788,0,0,0.19010870926617557
1,8804,0,0,0.049641423895017266
1,8808,1,0,0.126175749446201
1,8813,0,0,0.0015485172847661097
1,8814,0,0,0.06616651300169517
1,8818,0,0,0.0005599031713138498
1,8819,1,1,0.9269990663980026
1,8820,0,1,0.5146365029917078
1,8821,0,0,0.005981228346753184
1,8831,0,0,0.011595937462579791
1,8835,0,0,0.48982393101309335
1,8836,0,0,0.08345131764047697
1,8838,0,0,0.0016679695788380606
1,8844,1,1,0.8105291496692377
1,8856,0,0,0.003476466780235068
1,8857,0,0,1.7738882219986692e-05
1,8870,0,0,4.1983972304632735e-06
1,8876,0,0,0.0017489737956331735
1,8878,0,0,0.000772919982591721
1,8881,0,0,0.007718477016959597
1,8893,1,1,0.7836632007853376
1,8894,1,0,0.49689125117124255
1,8898,0,0,0.008512251032975175
1,8900,0,1,0.7626964355765009
1,8905,0,0,0.000594131696013907
1,8908,0,0,0.0028459855246768307
1,8910,0,0,0.3713031458538252
1,8913,0,1,0.9566888861080162
1,8914,0,0,0.0003704631334969545
1,8929,0,0,0.046258103303832745
1,8935,0,0,0.0022034136676571834
1,8937,0,0,0.19927758556755323
1,8938,0,0,0.011210632737669925
1,8950,0,0,0.015696753757788385
1,8951,0,0,7.605498412445397e-05
1,8961,0,0,0.18268894702831634
1,8965,0,0,0.03354031425911855
1,8972,0,1,0.9766610338012024
1,8980,0,0,0.015145160579841407
1,8999,0,0,0.0036381227506367022
1,9007,0,0,0.07205147389018567
1,9014,0,0,0.16701282168906
1,9019,0,0,0.46228633997590185
1,9023,0,1,0.7554279266711739
1,9027,0,0,0.001456305524153487
1,9029,0,0,0.0004143895104737431
1,9037,0,0,0.0003255084858723023
1,9039,0,0,0.0017926374525536087
1,9041,0,0,0.04676560479635686
1,9046,0,0,0.006470105045792843
1,9048,0,0,0.001235333044865057
1,9059,0,0,0.05512573928293872
1,9060,0,0,0.020908733544863584
1,9061,1,1,0.6034394914137257
1,9070,0,0,0.0421603304464504
1,9072,0,1,0.7459620467258116
1,9076,0,0,0.0008888667512202679
1,9081,0,1,0.9458960855407518
1,9085,0,0,6.893710989860662e-05
1,9088,0,0,0.00010800241439695248
1,9097,0,0,0.00041263602306787576
1,9098,0,0,0.0019089924641724886
1,9100,0,0,0.00022727761520834855
1,9105,0,0,0.0008254885273401715
1,9112,0,0,0.35681998880753774
1,9116,0,0,0.3976060124253553
1,9119,1,1,0.9534102416004037
1,9122,0,0,0.0023964034840638533
1,9125,0,0,0.0018599385017454262
1,9141,1,1,0.8972960682820705
1,9152,0,0,0.0866449699510613
1,9153,0,0,0.004768702980130917
1,9155,0,0,0.00427678495102587
1,9163,0,0,0.01296538596610002
1,9172,0,0,0.04535975943622847
1,9174,0,0,0.36553506204954084
1,9183,0,0,0.00045317804611154345
1,9184,1,1,0.9963302294143361
1,9187,0,0,0.01609897267458965
1,9189,0,0,0.0006970174973184895
1,9195,0,0,0.23789029862503566
1,9197,1,0,0.31862893268192566
1,9198,0,0,2.158735222587318e-05
1,9206,0,1,0.5419849482479562
1,9211,0,0,0.012896415650551503
1,9212,1,0,0.48751098786592484
1,9214,0,0,0.0031976269586244522
1,9215,0,0,0.0005046539787652752
1,9217,0,0,0.0005966495442716918
1,9220,1,1,0.9083962170534973
1,9245,0,0,0.4095953003546424
1,9246,0,0,0.00044868580157919066
1,9247,0,0,0.0016219997586205495
1,9250,0,0,0.0034857499594780324
1,9266,0,0,0.011687331741346176
1,9268,1,1,0.6604873709671253
1,9270,0,0,0.03731758705908556
1,9274,0,0,0.0027931094851532264
1,9276,0,0,0.02002547262695974
1,9279,0,0,0.00038648511407992145
1,9281,0,0,0.05073097739662551
1,9283,0,0,0.3549932483985335
1,9288,0,0,0.024986541947381483
1,9291,1,1,0.9557886118368841
1,9299,0,0,0.001054243105401867
1,9301,1,0,0.13390206196950252
1,9302,0,0,0.24766912661376053
1,9304,0,0,0.020043995300461383
1,9313,1,1,0.9604309400522769
1,9316,0,0,0.009427933063582566
1,9322,0,0,0.3083369804985703
1,9324,0,0,0.0544780323272445
1,9326,1,1,0.5640848516805427
1,9334,0,0,0.021818608025224506
1,9340,0,0,0.004126871400421169
1,9342,0,0,0.0008536565664374505
1,9344,0,0,0.0014153806361246436
1,9347,0,0,0.07769888447576744
1,9351,0,0,0.1470561310591206
1,9359,0,0,0.0001781117071476845
1,9373,0,0,0.1346138700769628
1,9383,0,0,0.015047753540231258
1,9390,0,0,0.007839629878215723
1,9391,0,0,0.4995981823942599
1,9395,0,0,0.027109307311547193
1,9400,0,0,0.03271488787889687
1,9408,0,0,0.12898147853139802
1,9411,0,0,0.00013944344281611236
1,9418,0,1,0.6884453206331009
1,9420,0,0,0.002059416447338951
1,9423,0,0,0.01735182399982452
1,9427,0,0,0.007978296776817804
1,9429,0,0,0.15294402750271102
1,9435,0,0,0.0006275097934860578
1,9438,1,1,0.6352826675235687
1,9439,0,0,0.010159881547291381
1,9441,1,1,0.5418390359945693
1,9446,0,0,0.04286422638718047
1,9447,0,0,0.06356858267766756
1,9449,0,0,0.013190879862462009
1,9454,1,1,0.8805120200158203
1,9460,0,0,0.20104327368333363
1,9462,0,0,0.00024579726383269665
1,9464,1,1,0.7759935929066745
1,9466,0,0,0.0010683320239630312
1,9469,0,0,0.02182284279101591
1,9472,1,1,0.7360420376368383
1,9484,1,0,0.39514563898885086
1,9485,0,0,0.03771308201059918
1,9486,0,0,0.39689458446281906
1,9491,0,0,0.014307164814669794
1,9492,0,0,0.006710329340495585
1,9499,0,0,0.010180396624731703
1,9506,0,1,0.652224055718394
1,9510,1,0,0.3644883752365793
1,9520,0,0,0.06226412779152044
1,9526,1,1,0.9911621373177757
1,9527,0,0,0.012921645283457621
1,9528,0,0,0.10475965780364464
1,9537,1,1,0.6871768267173936
1,9538,1,1,0.9142360014790518
1,9539,1,1,0.9771570855066913
1,9540,0,0,0.0031386137707794712
1,9543,0,1,0.7075267144904185
1,9547,0,0,0.2627282907020273
1,9552,0,0,0.051966532948441446
1,9553,1,1,0.9212652280540892
1,9557,0,0,0.00022816989776565255
1,9565,0,0,0.009328384699170201
1,9570,0,1,0.934165711609204
1,9574,0,0,0.0005303887746836974
1,9577,0,1,0.8083457282263417
1,9600,0,0,0.04126179496771753
1,9603,1,0,0.04293641426991213
1,9616,0,0,0.1814613465927707
1,9620,0,0,0.00256693287944496
1,9641,1,1,0.9774727850641025
1,9650,1,1,0.9266193530315742
1,9655,0,1,0.7795332005834734
1,9656,0,0,0.4900570353792055
1,9657,1,1,0.9281097969725538
1,9660,0,0,0.00012102474722581692
1,9666,0,0,0.004267664754434589
1,9670,0,0,0.021354075938239472
1,9676,1,0,0.12731847713897776
1,9677,0,0,0.1870917061352746
1,9687,0,0,0.002927405833248301
1,9705,0,0,0.00014950618654925956
1,9711,0,0,0.013413284692781923
1,9713,0,0,0.013636517157182719
1,9722,1,1,0.9897768146635297
1,9727,0,0,0.46745248454449423
1,9730,0,0,0.2867939846705314
1,9751,0,0,0.008983271053256884
1,9756,1,1,0.9815033964080361
1,9767,0,1,0.5296778486385674
1,9771,0,0,0.3884300154536877
1,9772,0,1,0.570519377625737
1,9774,0,0,0.005505461204322028
1,9778,0,0,0.2195591231369433
1,9782,0,0,2.939599522118125e-05
1,9785,0,0,0.015532836554099172
1,9786,0,0,0.0012506160913375362
1,9788,1,1,0.9308533411532927
1,9797,0,0,0.0010382474414811853
1,9807,0,0,0.0007749478895351464
1,9810,0,0,6.042023656132141e-06
1,9814,0,0,0.00023354135768781272
1,9824,0,0,0.08083970305096014
1,9828,0,1,0.7680871904893021
1,9832,0,0,0.03558400900187661
1,9833,0,1,0.8386070088579466
1,9836,0,0,8.651504289511855e-05
1,9840,0,0,0.0050638912863386065
1,9854,0,0,0.0026488231824398785
1,9860,0,0,0.0009437084753722234
1,9862,1,0,0.4844579931069907
1,9866,0,0,0.23671202243590986
1,9870,0,0,0.23763711460829767
1,9873,1,1,0.5207453142011421
1,9875,0,0,0.0007114560334678167
1,9880,0,0,0.34743765388121167
1,9883,0,0,1.796085250170278e-05
1,9884,0,0,0.0007783980024774055
1,9889,1,1,0.7960504636133492
1,9895,0,0,0.16654443656463672
1,9898,0,0,0.07853863485467905
1,9903,1,1,0.9933432507476563
1,9910,0,0,0.017623668220893066
1,9915,0,0,0.09119047960947378
1,9916,0,0,0.01657115825158894
1,9926,0,0,0.19412285023001302
1,9928,0,0,0.0002652869020184712
1,9931,0,0,0.25100432667414263
1,9932,0,0,0.0075011835819943406
1,9938,1,0,0.18966406484138845
1,9939,0,1,0.8078518461317213
1,9949,0,0,0.06365454910201399
1,9957,0,0,0.0060054181143175105
1,9961,0,0,0.002171365224100898
1,9962,0,0,0.15935116243664602
1,9971,0,1,0.688634956372475
1,9973,1,1,0.8357798751310956
1,9977,0,0,0.2546076067008518
1,9981,0,0,4.199529072106763e-06
1,9986,0,0,0.03815605523426544
1,9990,0,0,0.17428597226646636
1,9998,0,0,8.078692636597402e-05
1,10000,0,0,0.0024877331766525006
1,10001,0,0,0.03274725977409336
1,10005,1,1,0.8387309487274482
1,10017,0,0,0.0005865389614379357
1,10021,0,0,0.013021313917355327
1,10028,0,0,5.740610526391199e-05
1,10031,0,0,0.0007215147176763613
1,10040,1,1,0.8964442178967539
1,10041,0,0,0.076040418029161
1,10045,0,0,0.0014342064230211187
1,10054,0,0,0.4065582234286977
1,10055,0,0,0.24035796745754323
1,10064,0,0,0.45237433436228414
1,10065,0,0,0.0014759655089125914
1,10069,0,0,0.0005489051871326101
1,10084,0,0,0.3709828924368458
1,10086,0,0,0.23528570903887502
1,10087,0,0,0.0015532836261565406
1,10090,0,0,0.0019466464905562929
1,10092,0,0,0.23168620624471362
1,10093,0,0,0.004710798429729263
1,10098,0,0,0.0012401290202067076
1,10100,0,0,0.012611036040519724
1,10104,0,0,0.06434801341824939
1,10107,0,1,0.6531607669315537
1,10109,0,0,0.00045068273832448905
1,10110,0,1,0.7699310031207797
1,10111,0,0,0.10510475387357755
1,10120,1,1,0.5188216738333536
1,10122,1,1,0.625558368053736
1,10124,0,0,0.011033558073963917
1,10127,0,0,0.0008476537246650955
1,10129,1,1,0.8309609434160962
1,10139,0,0,0.21981789362620643
1,10141,1,1,0.9595899272380106
1,10145,0,0,0.029083472562546387
1,10156,0,0,0.043676092247968014
1,10159,0,0,1.119303945688896e-06
1,10176,1,1,0.9974850384295643
1,10184,1,1,0.9868043729510808
1,10186,0,0,0.12958376279938594
1,10194,0,0,0.0023543970305626495
1,10200,1,1,0.9183316575492659
1,10208,1,1,0.9088908430839553
1,10211,0,1,0.6062779405355904
1,10219,0,0,0.17097411024581555
1,10223,0,0,0.0006291596042563296
1,10225,1,0,0.30178980416844164
1,10231,0,0,0.030417672501466403
1,10234,0,1,0.9564249762453368
1,10245,0,0,0.0005612777652418046
1,10246,1,1,0.6370039869559658
1,10251,0,0,0.010140072397833853
1,10268,1,1,0.7781317460336097
1,10271,0,0,0.0724901780887449
1,10273,0,0,0.033122478833493466
1,10282,0,1,0.7836562974241255
1,10286,0,0,0.05231584541145782
1,10289,0,0,0.033098286025476556
1,10295,0,0,0.059193616056034896
1,10301,0,0,0.0014788688359510538
1,10304,0,0,0.18444161974128986
1,10316,0,0,0.0021062354463251467
1,10322,0,0,0.3945626347397258
1,10323,1,1,0.9617701763746913
1,10340,1,0,0.25658553638680387
1,10349,0,0,0.0004746597383419833
1,10353,1,1,0.8022717774650037
1,10355,1,0,0.05922641102510691
1,10364,0,0,0.019039756797843185
1,10365,0,0,0.036375320446416434
1,10367,0,0,0.34601870663844875
1,10368,0,0,0.01014306212516362
1,10376,1,0,0.286106658632799
1,10377,0,0,0.008050330466614092
1,10382,0,1,0.6678527870165848
1,10388,0,0,0.06586746267172905
1,10390,0,0,0.03551523323045804
1,10393,0,0,0.0032737124070976557
1,10410,1,1,0.6137229363658743
1,10412,0,0,0.03912806545999583
1,10416,0,0,0.006732667081928666
1,10421,0,1,0.808381392341456
1,10427,0,0,0.19726624337299709
1,10429,0,0,0.007145409693918775
1,10430,0,0,0.2177268625284129
1,10438,0,0,0.007241242490780483
1,10443,0,0,0.007012251497080889
1,10470,0,0,0.4079950454112871
1,10475,1,0,0.16276258991629114
1,10477,0,0,0.0010220441953823164
1,10478,0,0,0.01085850286508101
1,10484,0,0,0.10712460703884413
1,10488,0,1,0.5340018850334506
1,10492,0,0,0.35749730362735765
1,10499,1,1,0.833827239243442
1,10500,1,1,0.9577041241679897
1,10502,1,1,0.5691600736537749
1,10510,0,0,4.565807430459179e-05
1,10511,0,0,0.24456317714039785
1,10518,0,0,0.35212122268248736
1,10523,1,1,0.9266682679848045
1,10530,0,0,0.00967227604792979
1,10531,0,0,0.009789405556151818
1,10535,0,0,0.0017054925521721388
1,10542,0,0,0.05807918666871291
1,10549,0,0,0.00020415984448921194
1,10555,0,0,0.0008564946990435665
1,10568,0,0,0.0017979032361753636
1,10571,0,1,0.858342051243091
1,10573,0,0,0.0001229428252271486
1,10574,0,1,0.7494615095001734
1,10576,1,1,0.9149150961884926
1,10577,0,1,0.7006735390972699
1,10582,0,0,0.21101127147172696
1,10584,0,0,0.005512343795865856
1,10585,0,0,0.04263825928229378
1,10596,0,0,0.23802124168268743
1,10601,1,1,0.7856885789894417
1,10605,0,0,0.1137770152503279
1,10618,0,1,0.8520972844250496
1,10623,1,0,0.3590207085716476
1,10624,0,0,0.00017876370960315385
1,10626,0,0,0.430008658227632
1,10632,1,1,0.6809675484976307
1,10645,0,1,0.9200725423564822
1,10646,0,0,0.005374957792723677
1,10647,0,0,5.4589498597694424e-05
1,10648,0,0,0.011931018939082473
1,10658,0,0,0.0064454054818945394
1,10676,0,0,0.041995919385385015
1,10677,0,0,0.00011735432235404937
1,10678,0,0,0.29604909183533007
1,10681,0,0,9.412884031108446e-05
1,10697,1,1,0.9987494381971496
1,10718,0,0,0.0009984996600145757
1,10726,0,0,0.0030145409049498286
1,10738,0,0,0.00015841692857772866
1,10739,0,0,0.07426915256755878
1,10752,0,1,0.8785849334711908
1,10753,1,1,0.8251937850849356
1,10766,0,0,0.10648813649124929
1,10773,0,0,0.0434753205878601
1,10775,0,1,0.5689177850519526
1,10779,1,1,0.9810222716762564
1,10781,0,0,0.0043988234313770075
1,10784,0,0,0.0005343480080730221
1,10788,0,0,0.0148127272846498
1,10792,1,1,0.7008047887769797
1,10799,0,0,0.0030076793626870085
1,10800,0,0,0.0033644188276113966
1,10804,0,0,0.036854523366274844
1,10806,1,1,0.5257359550665728
1,10807,0,0,0.03321177651413132
1,10810,0,0,0.007877877248565548
1,10822,0,0,0.0040723716747342615
1,10828,0,0,0.007772345489415179
1,10831,0,0,0.00028383068165256897
1,10834,0,0,0.19364194963558365
1,10838,0,0,0.0002857677497102532
1,10839,0,0,0.025319233501062872
1,10843,0,0,0.0001980626293185234
1,10849,0,0,0.2737848008360223
1,10852,1,1,0.5517284144718689
1,10859,0,0,0.00045494589183188607
1,10862,0,0,0.02442608177331572
1,10863,0,0,0.0009756026779699254
1,10867,0,0,0.0008796770692444932
1,10871,0,1,0.8948419356501917
1,10874,1,1,0.9863044922639455
1,10880,0,0,0.011527691239298848
1,10881,1,1,0.9873664728196605
1,10889,0,0,0.07648080312994893
1,10891,0,0,0.00022478993935689043
1,10896,0,0,0.4768093941782401
1,10899,0,0,0.0004089342435337397
1,10900,0,0,0.00039622898951175974
1,10901,1,1,0.9044885759822175
1,10906,0,0,0.05458507829556673
1,10912,0,1,0.9123138037779489
1,10914,0,0,0.07268521401504369
1,10923,0,0,0.0007970343095700694
1,10924,0,0,0.1900967560950301
1,10944,0,1,0.52093633625169
1,10950,0,0,0.0031064858134311367
1,10968,0,0,0.060356873629054474
1,10972,0,0,0.0010897915460559356
1,10973,0,0,0.02987349153058948
1,10975,1,1,0.9960922261093701
1,10977,0,0,0.007151461990813533
1,10983,0,1,0.6770559411429339
1,10986,1,1,0.7803409959657822
1,10987,0,0,0.0040407918209564445
1,10997,0,0,0.026825408866899537
1,10998,0,0,0.011705361645230372
1,10999,0,0,0.3163290297615123
1,11001,1,1,0.7396835862930071
1,11003,0,0,0.013390717920457885
1,11006,0,0,0.009320963110445358
1,11008,0,1,0.7323783955000915
1,11009,1,0,0.01479956685355046
1,11014,0,0,0.008444533521255845
1,11024,0,0,0.08881936832318185
1,11033,0,0,0.060253346224302576
1,11041,0,0,0.14869291640804763
1,11042,0,0,0.0007080951495460786
1,11061,0,0,0.0008634992498474528
1,11069,0,0,0.00029763945621012213
1,11071,1,1,0.9953679021609748
1,11075,0,0,0.3414300616372701
1,11076,1,1,0.904740849673798
1,11079,0,0,0.013116460524481522
1,11082,0,0,0.08513816061544041
1,11083,0,0,0.004576975786394065
1,11086,0,0,0.007278511674430236
1,11087,1,1,0.7802232155613998
1,11093,0,0,0.29496127156513025
1,11097,0,0,0.4230386542064889
1,11098,1,1,0.980809525964896
1,11103,0,0,0.001270097735401419
1,11108,1,1,0.9755852668346605
1,11111,0,0,0.0604204082347451
1,11112,1,1,0.7540197348597455
1,11115,0,0,0.00045127319576122844
1,11118,0,1,0.6655444114764637
1,11121,0,0,0.0005448925574210872
1,11131,1,1,0.8296412846784552
1,11144,0,0,0.0022621768625955994
1,11145,0,0,0.003019522014787111
1,11162,1,1,0.9811024511024027
1,11164,0,0,0.00013145896887755727
1,11169,0,0,6.187331400832459e-05
1,11174,0,1,0.9350531285043856
1,11180,0,0,0.0012317094872939729
1,11181,0,0,0.0537193791823858
1,11184,0,0,0.0026686592389076943
1,11194,0,0,0.00462879702243874
1,11196,1,1,0.9879458239724521
1,11203,0,0,0.0006516416457737253
1,11209,0,0,0.007598494949534531
1,11212,0,0,0.02442210272522512
1,11214,1,1,0.9081620669268632
1,11220,0,0,7.344899054525971e-05
1,11226,0,0,0.009172745994186507
1,11247,0,0,0.12163682468311035
1,11248,0,0,0.0003412940735327857
1,11252,1,1,0.9848474496321198
1,11268,1,1,0.9806755937271466
1,11272,1,1,0.9122162217206419
1,11276,0,0,0.4349947505539004
1,11278,1,1,0.5492925240639964
1,11282,0,0,0.37148013033521826
1,11284,0,0,4.1214445187716534e-05
1,11292,1,0,0.010783597334180722
1,11294,0,0,0.001975571307014007
1,11334,0,0,0.3302244181550455
1,11336,0,0,0.059423692498848005
1,11337,0,0,0.007780138534558781
1,11341,0,0,0.021093154188273962
1,11342,0,0,0.15578483672571358
1,11350,0,0,0.004658195802824344
1,11354,0,0,0.3126121303907255
1,11355,1,1,0.9784026195785083
1,11361,0,0,0.02168822496839098
1,11366,0,0,4.545018712808796e-05
1,11368,0,0,0.05730364245083045
1,11370,0,0,0.3685972414189252
1,11378,0,0,0.04605694154546407
1,11382,0,1,0.7093093230210632
1,11389,0,0,0.17650316155958495
1,11391,0,0,0.001479695540504297
1,11393,0,0,0.19255280318396706
1,11398,0,0,0.017157513873174348
1,11406,0,0,0.003093292896445076
1,11410,0,1,0.8733499740755026
1,11411,0,0,0.030551970903785648
1,11415,1,1,0.9985404178335552
1,11419,0,0,0.04050372784951226
1,11420,0,0,0.00935241695725794
1,11423,0,0,0.0032545082977648364
1,11424,0,1,0.79239619425985
1,11425,0,0,0.0490470680253216
1,11446,0,1,0.7180095520492276
1,11448,0,0,0.0037546521693551716
1,11449,0,0,0.2820253423694478
1,11458,0,0,0.2390773674594401
1,11461,0,1,0.6013935694268091
1,11462,0,0,0.020314822547356445
1,11468,0,0,0.016269812582219535
1,11469,1,0,0.34338762676816464
1,11475,0,1,0.8187980000828673
1,11480,1,1,0.9800071643657489
1,11481,0,0,0.010568592680684639
1,11483,0,0,0.22105556514675426
1,11484,0,0,0.09627040074729087
1,11486,0,0,0.005292780130546164
1,11492,0,0,0.009379650693494808
1,11495,0,0,0.003749046000013061
1,11497,0,0,0.0019922671242418965
1,11499,1,1,0.9941994595394208
1,11500,0,0,0.00048412892883919085
1,11508,0,0,0.029283151799307117
1,11521,1,1,0.9714289768291337
1,11527,0,0,0.01626887723004012
1,11530,0,0,0.00022391011376411652
1,11536,0,0,0.019014845994081844
1,11542,1,1,0.9583297334395459
1,11544,0,0,0.004064680251730156
1,11550,1,1,0.9348993043271906
1,11561,0,0,2.4258450037569345e-05
1,11563,0,0,0.0020067293703441157
1,11566,0,0,0.025773048067359437
1,11571,0,0,0.04105564838192227
1,11577,0,0,0.4285377055374699
1,11580,0,1,0.5037771269657345
1,11584,0,0,0.0023389396931953084
1,11591,0,0,0.0003804030117221539
1,11592,0,0,0.044197519401269196
1,11597,0,0,0.003454110530663125
1,11612,0,0,0.109523937984008
1,11615,0,0,0.007275228278299597
1,11616,1,0,0.049110066589632864
1,11622,0,0,0.004841273892476712
1,11625,0,0,0.013297768150343399
1,11634,0,0,0.0006624869361260911
1,11637,0,0,0.31558838341654494
1,11641,0,0,2.487437941082757e-05
1,11645,0,0,0.00020242929196067198
1,11649,0,0,0.28869051600010487
1,11652,0,0,0.2892381045769816
1,11654,0,0,0.00041027723992837476
1,11657,1,1,0.9932462824934879
1,11660,0,0,0.22147916191512454
1,11663,0,0,0.00405624766823817
1,11666,0,0,0.010518431398993368
1,11671,0,0,0.017754807855128996
1,11688,0,0,0.3946381563308802
1,11691,0,0,0.1205857484930475
1,11692,0,0,0.0013808693944501738
1,11693,0,0,0.005214368955150151
1,11723,1,1,0.9613640646163158
1,11724,0,1,0.6324835978956324
1,11725,0,0,0.018506886239650057
1,11732,0,0,0.006754657744604064
1,11733,0,0,0.0029655712737571534
1,11735,0,0,0.3313977908422825
1,11747,0,0,0.0014074901843785718
1,11748,0,0,0.04540697806625606
1,11767,0,0,0.026173225682984858
1,11769,0,0,0.17406052319701812
1,11778,1,0,0.1245543795465393
1,11781,0,0,0.0004015456734857111
1,11792,0,0,0.04033801923699774
1,11796,0,0,0.0011884501850462131
1,11799,1,1,0.9196398692711836
1,11809,0,0,0.014579084830613697
1,11817,0,0,0.10068469886196514
1,11819,0,0,0.0011707516990640489
1,11826,0,0,0.060907871870429516
1,11830,0,0,0.04208023628375157
1,11832,0,0,0.0001256932085521895
1,11833,0,1,0.6722128814175764
1,11840,0,0,0.0009533587484346239
1,11841,0,0,6.974345023737828e-07
1,11844,0,0,0.0005532816946755325
1,11855,1,0,0.08330455708587314
1,11861,0,0,0.002220354421450443
1,11866,1,1,0.9883996474314282
1,11870,1,1,0.9707707965141656
1,11883,0,0,0.007268011708871417
1,11891,0,0,0.00018120408692495768
1,11895,0,0,0.00035059928935540075
1,11898,0,0,0.0008595134329239725
1,11900,1,1,0.9508630814931612
1,11904,0,0,0.00022353779172381297
1,11909,1,1,0.7992994898420411
1,11918,1,1,0.7679655989548176
1,11919,1,1,0.5001124548557219
1,11923,0,1,0.9135330683202292
1,11924,0,0,0.16496801788260515
1,11925,0,0,0.04717864510526666
1,11929,0,0,0.0007357830003856214
1,11934,0,0,0.0022464354224078905
1,11954,0,1,0.9207125370783708
1,11955,0,0,0.004737960463978857
1,11963,0,0,0.0029131697494807623
1,11964,0,0,0.3609573607219615
1,11985,0,0,0.04356999494749079
1,11987,1,1,0.9845953093253034
1,12000,1,0,0.43511604097150286
1,12011,0,0,0.00012560493756106662
1,12023,1,1,0.7034890599038043
1,12029,0,0,0.0012042327810422133
1,12030,0,1,0.5511903099717826
1,12032,0,0,0.2923038107956631
1,12041,1,0,0.1407902044139644
1,12047,1,0,0.3172883503560993
1,12049,0,0,0.0026224148263501094
1,12055,0,0,0.001137355579444634
1,12057,1,1,0.969167855826523
1,12062,0,0,0.048731221229666194
1,12068,0,0,0.020962444105869994
1,12077,1,1,0.9752132373815091
1,12078,1,1,0.9000582600739927
1,12092,0,0,0.010894746006570939
1,12095,1,1,0.5411583706555052
1,12117,0,0,0.11117126814202997
1,12125,1,1,0.9440805223967231
1,12127,0,0,0.0015852535962760845
1,12128,0,0,0.0016416614960432215
1,12130,0,0,0.1644966299031805
1,12132,1,1,0.99522365453881
1,12139,1,1,0.8447911844087974
1,12141,0,0,0.0011610980324736164
1,12144,1,1,0.9334702369607204
1,12146,0,0,4.775733056348744e-07
1,12149,0,0,0.00016880375848918347
1,12150,1,1,0.8641209516061319
1,12152,0,1,0.5328459050202924
1,12155,0,0,5.775003215001798e-05
1,12170,0,0,0.001046661312445077
1,12173,0,0,0.00248767761667445
1,12174,0,0,0.02482537485609708
1,12180,0,1,0.8988170981031175
1,12190,0,0,0.11033800333547084
1,12193,0,0,0.002718637249265572
1,12209,0,0,0.004803910614156686
1,12215,0,0,0.00035079930413890037
1,12217,0,0,0.49732672092449054
1,12219,0,0,0.16340839713970745
1,12226,0,0,0.3042236624650863
1,12232,0,0,0.007536501057674694
1,12234,1,0,0.23846636254033388
1,12236,0,0,0.05473904606304681
1,12242,0,0,0.008101145712649714
1,12254,0,0,8.845884743446906e-05
1,12257,0,0,0.07333583103355895
1,12260,0,0,0.004535106817175924
1,12261,0,1,0.9653778956369893
1,12266,0,0,0.0078691527330644
1,12271,0,0,0.39940398175800224
1,12281,0,0,0.026512167430775606
1,12282,0,0,9.83800680077586e-05
1,12288,0,0,0.00046616443129964214
1,12292,0,1,0.884398026595122
1,12299,0,0,0.0010217032784349753
1,12300,0,0,4.6005849452999095e-05
1,12303,0,0,0.39213329669590397
1,12307,0,0,0.000336912703403955
1,12309,1,1,0.9555646737574013
1,12317,0,0,0.00013878366049663963
1,12320,1,1,0.9798180498125925
1,12324,1,1,0.99900010239022
1,12340,1,1,0.9225587531875323
1,12342,0,0,0.013321428550355367
1,12365,0,0,0.47241345637378945
1,12369,0,0,0.08552228786544043
1,12375,0,0,0.468585001270469
1,12377,0,0,0.0026397106445232303
1,12390,0,0,0.07498923454770386
1,12395,0,1,0.5506686134264752
1,12397,1,1,0.7042015365736237
1,12398,0,0,0.0011450097446755278
1,12399,0,0,2.6693061848516302e-05
1,12400,0,1,0.5382891189312305
1,12419,0,0,0.004702202944284926
1,12424,0,0,0.30100323062893636
1,12434,0,0,0.34651591348991034
1,12436,0,0,0.005231234346933632
1,12439,0,0,0.020067400923487074
1,12444,0,0,0.28794696990047475
1,12449,0,0,0.001217339027871878
1,12450,1,0,0.09078982534812195
1,12453,0,0,0.010782239805036361
1,12454,0,0,0.007316827908017075
1,12455,1,1,0.872199705651192
1,12468,0,0,0.01342116495637874
1,12473,1,0,0.1342861209310823
1,12474,0,0,0.009232879832040634
1,12475,0,0,0.0014869668493760228
1,12479,0,0,0.315862444770554
1,12486,0,0,0.000266733453231005
1,12500,0,0,0.003230350713497278
1,12501,0,1,0.7611489220034163
1,12505,1,1,0.7114017728819171
1,12522,0,0,0.2972489671178253
1,12525,0,0,0.21428147285428878
1,12539,1,1,0.9435685483294941
1,12548,0,0,0.014703041568236585
1,12553,0,0,0.1895055024912683
1,12555,1,1,0.9160899216129241
1,12559,0,0,0.0009080588205052095
1,12564,1,1,0.6461909898918863
1,12565,0,0,0.0022712908403638406
1,12570,0,0,7.013520554449426e-05
1,12571,0,1,0.8769541668196716
1,12575,0,0,0.011015775543342902
1,12584,0,1,0.6818191421384742
1,12588,0,0,0.00013272866152110808
1,12591,0,0,4.044854024490408e-05
1,12598,0,0,6.999739545064325e-05
1,12599,0,0,0.2957768882688641
1,12602,1,0,0.46350934595830856
1,12617,0,0,0.004115728263529176
1,12622,0,0,8.18742257701551e-05
1,12623,0,0,0.05795751415139615
1,12624,0,0,0.0040589406317022925
1,12629,1,1,0.7870916188933895
1,12649,0,0,0.009744940946365913
1,12664,0,0,0.011043633776772277
1,12665,0,1,0.8450798766180229
1,12674,1,1,0.6635605064447494
1,12681,0,1,0.8657036481761055
1,12682,1,1,0.8916981145596957
1,12687,0,0,0.030572119868287402
1,12689,0,0,0.14747885705978195
1,12692,1,1,0.9829011366404962
1,12693,0,0,0.034533038413713586
1,12698,1,1,0.8799815767808342
1,12699,1,0,0.30861875914089254
1,12703,0,0,3.9951186668829256e-05
1,12708,0,0,0.00044235291065261676
1,12709,0,0,0.030300729449977543
1,12718,0,0,0.003865172970108854
1,12720,0,0,0.0010635801757645088
1,12721,1,1,0.9703707858572623
1,12730,0,0,0.018076726282777938
1,12731,1,1,0.9608940167798617
1,12734,0,0,0.010487774320925496
1,12750,0,0,0.011619642352236741
1,12754,0,0,8.876604232809452e-06
1,12764,0,0,0.36747040745677145
1,12771,0,0,0.021723099886464085
1,12774,0,0,0.002758963225346592
1,12775,0,0,0.42805590928729637
1,12779,0,0,0.19901120625604463
1,12782,1,1,0.6990701624558462
1,12784,0,0,0.005059774802258618
1,12787,0,0,0.0052742406522048825
1,12789,0,0,0.00025575181990449556
1,12793,0,1,0.5646886371600099
1,12796,0,0,0.0004451444343184879
1,12801,0,0,0.00031498579087989813
1,12820,1,1,0.999523601833519
1,12833,0,0,0.025965808099517224
1,12853,0,0,0.007274210906275196
1,12854,1,1,0.9129662225846916
1,12857,0,0,0.00011407433448739201
1,12858,0,0,6.167448836041495e-05
1,12859,0,0,0.04684387367579242
1,12866,1,1,0.6831563256269868
1,12872,0,0,0.022531975734586873
1,12874,1,1,0.8524594922491427
1,12875,0,1,0.9580029533109227
1,12877,0,0,0.20283895827564982
1,12883,0,0,0.040485504831390795
1,12903,1,1,0.9599162518869908
1,12917,0,0,4.662540609156737e-05
1,12922,1,0,0.020008399732436108
1,12924,1,1,0.9382164716675869
1,12929,0,0,0.004364565353418296
1,12938,0,0,0.0007081794257198105
1,12942,0,0,0.14259070577760796
1,12945,0,0,0.13909903630356685
1,12953,0,0,0.005916880769440554
1,12961,0,0,0.0034183907987803967
1,12968,0,0,0.06974812093618817
1,12974,0,1,0.794286853312529
1,12979,1,1,0.9659837415922082
1,12985,1,1,0.9655035394903915
1,12986,1,0,0.15780815316373323
1,12987,1,1,0.9825426932132396
1,12988,0,0,0.0347356872619075
1,12992,0,0,0.04375747028957591
1,12993,0,1,0.9568873250518133
1,12998,0,0,0.042200819957026
1,12999,0,0,0.005181784702889473
1,13005,1,1,0.9797191599935812
1,13012,0,0,0.018814866401933094
1,13016,0,0,8.471188346252716e-05
1,13017,0,0,0.08561603435887204
1,13020,0,0,0.0011507423986393634
1,13032,1,1,0.5186403014382445
1,13036,1,0,0.14045902314576264
1,13038,0,1,0.8824252533300512
1,13045,0,0,0.26893474238444853
1,13046,0,0,0.005166618220072425
1,13050,0,0,0.3590625048927735
1,13065,0,0,0.00014717985835710558
1,13066,0,0,0.002772917201613045
1,13068,0,0,0.0001555605837282839
1,13070,0,0,0.16237691261140674
1,13077,0,0,0.03200132637640989
1,13080,0,0,0.12695549654574173
1,13087,0,0,0.0009507167381496406
1,13090,0,0,0.0027663046362354005
1,13096,0,1,0.6775077406024215
1,13101,1,1,0.6629822137322046
1,13105,0,0,0.004540487807858098
1,13106,0,1,0.8269718968309518
1,13108,1,1,0.9616349430047215
1,13111,0,0,0.41780285400222567
1,13129,1,0,0.42488529802816877
1,13133,1,1,0.9663196458365685
1,13136,1,0,0.011212279803834154
1,13138,1,1,0.9965385718085643
1,13151,0,0,0.00019455587799398327
1,13156,0,1,0.7681330837923711
1,13157,0,0,0.0008318635219849168
1,13159,0,0,0.00017754199847197773
1,13164,0,0,0.3489819041580207
1,13173,1,1,0.9752845802294208
1,13179,0,0,0.3239619812162568
1,13180,1,1,0.8616447836532941
1,13181,0,0,0.17417818404539753
1,13186,1,1,0.6212331867402827
1,13193,0,0,0.004700658940497971
1,13203,0,0,0.08908961845597065
1,13209,0,0,0.011168821004285765
1,13221,1,1,0.5445680673764318
1,13229,1,1,0.9494193034687946
1,13242,0,0,0.0024969734782989863
1,13243,0,0,0.0120621509081445
1,13248,0,0,0.20019514096077942
1,13251,0,0,0.024751167022776483
1,13253,0,0,0.002783027857796104
1,13254,0,0,0.32997659734978024
1,13255,0,0,0.0628387376484233
1,13258,0,0,0.1124045903715313
1,13262,0,0,0.0045277749929502455
1,13266,1,1,0.9725454043913894
1,13268,0,0,0.000736104928446113
1,13269,0,0,0.0030564864788057257
1,13279,0,1,0.9675817315564579
1,13286,0,0,0.0020137374850730354
1,13294,1,1,0.9934977803226167
1,13301,0,0,0.028129796801576897
1,13303,0,0,0.010835736546982989
1,13305,0,1,0.5959192867528146
1,13310,0,0,0.26511357346012876
1,13314,1,1,0.8130091916459682
1,13315,1,0,0.48530000170177345
1,13325,0,0,0.15253417756954288
1,13334,0,0,0.008360633436084746
1,13335,1,1,0.8056567550593391
1,13339,0,0,0.005768378503398359
1,13341,1,1,0.5492426103905705
1,13343,0,0,0.10287612201726166
1,13345,0,0,0.04556042728769921
1,13347,1,1,0.7200302806580731
1,13357,0,0,0.005049106807104784
1,13359,0,0,0.0018336946420023999
1,13363,0,0,0.034124656984023526
1,13368,0,1,0.5927836553005674
1,13369,1,1,0.5092963022621795
1,13371,0,0,0.0015716959223712795
1,13372,0,0,0.001931084908598268
1,13373,0,0,0.39006892108787194
1,13374,0,0,0.0019098334299304503
1,13377,0,0,0.49510506207076216
1,13390,0,0,0.0005624848896758872
1,13401,0,0,2.1517377146953364e-05
1,13416,0,0,0.04995190667693415
1,13422,0,0,0.07253305289879769
1,13432,1,1,0.998949894657833
1,13441,0,0,0.0047002150591352095
1,13442,1,0,0.4908296861273608
1,13461,0,0,1.3481750539020053e-05
1,13465,0,0,0.0018796682263629474
1,13468,1,1,0.8815847575479955
1,13469,0,0,0.00010264308449891691
1,13475,0,0,0.030105794056221054
1,13476,0,0,0.15580054717185
1,13483,1,0,0.00044008866791978143
1,13486,0,0,0.02446074462273709
1,13489,0,0,0.016742147103971514
1,13492,0,0,0.00017442683838548193
1,13495,0,0,0.004900272759886197
1,13497,1,1,0.7287558065493626
1,13498,0,0,0.011638068908608534
1,13499,0,0,0.01869148824675474
1,13500,1,0,0.03933721653328363
1,13507,1,1,0.9835459255739492
1,13511,1,1,0.9918425638223801
1,13514,0,0,0.006576441364504652
1,13525,0,0,0.0007284076914624949
1,13528,1,1,0.648284698580008
1,13530,0,0,0.0065169233506076505
1,13547,0,0,0.002004129920011835
1,13549,1,0,0.2614505104203448
1,13550,0,0,4.874166977455095e-05
1,13555,1,1,0.8170817057701495
1,13562,0,0,0.0015952112796991087
1,13566,0,0,0.02532050899354036
1,13570,0,0,0.003631585941638403
1,13571,0,0,0.00038224243076709005
1,13572,0,0,6.981634686983611e-05
1,13575,1,1,0.9889985913944705
1,13581,0,0,0.0001598482391435551
1,13582,0,1,0.924028266372821
1,13583,1,1,0.8232998074808714
1,13595,1,0,0.15729627054509543
1,13598,0,0,0.020683713744199375
1,13605,0,0,4.065596828612256e-05
1,13606,0,0,0.00017842142058895874
1,13609,0,0,3.564864000461885e-05
1,13626,0,0,0.0004435497765265094
1,13630,0,0,0.1756941858320568
1,13635,0,0,0.0040129730910426435
1,13637,0,0,0.07865329937668933
1,13642,0,0,0.14789863344053322
1,13655,1,1,0.6512141727784556
1,13657,0,0,0.0005854590959687111
1,13667,0,1,0.758127558384958
1,13673,0,0,0.24432762532720617
1,13676,0,0,0.11175991976612307
1,13680,0,0,6.447422301336782e-05
1,13683,0,1,0.5675426907435157
1,13684,0,0,0.0020239349515771736
1,13685,0,0,6.7472044417795954e-06
1,13690,1,0,0.38652018027822915
1,13708,0,0,0.0009888368111089605
1,13714,0,1,0.549371928796095
1,13718,0,0,1.9974333587833316e-05
1,13721,0,0,0.003987284086045474
1,13722,0,0,0.007308388921449218
1,13726,1,1,0.999564267775863
1,13730,0,1,0.7656278528821919
1,13732,0,0,0.029674892800013286
1,13735,0,0,0.4184939839696849
1,13738,0,0,0.00614214677955879
1,13739,0,0,0.021417441744939644
1,13740,0,0,0.3669393582114193
1,13743,0,0,0.0002672848052153851
1,13751,0,0,2.663816196550059e-05
1,13753,0,0,0.35823530082820976
1,13762,0,1,0.5343306554786249
1,13770,0,0,0.2275623913518943
1,13773,0,0,0.23876438679556533
1,13774,0,0,0.022550791004680326
1,13775,0,0,0.0878335530762117
1,13778,0,0,4.6586986962120664e-05
1,13795,0,0,0.001153544676765212
1,13799,0,0,0.0018806622947449148
1,13801,0,0,0.03164370896197991
1,13818,1,0,0.0485322113138783
1,13825,0,0,0.0002831450997347787
1,13832,0,0,0.22835181594148105
1,13842,0,0,0.0007724286890471275
1,13844,0,0,0.0005481094790205364
1,13848,0,0,0.0018700107369293672
1,13851,0,0,0.0003894493279346358
1,13861,1,0,0.010217638856184957
1,13873,0,0,0.002934895493688806
1,13891,0,0,0.0002625375907281939
1,13923,0,0,0.1056217056100679
1,13927,1,1,0.6556045689807171
1,13939,0,0,0.0008882643515117145
1,13945,0,0,0.10362804115259128
1,13946,0,0,0.4286948616559793
1,13947,0,0,0.009369100024932589
1,13950,0,0,0.3675907392098805
1,13952,1,0,0.19895351484809365
1,13959,1,1,0.9881332590290599
1,13964,0,0,0.015499132751488665
1,13969,0,0,0.009280208376253566
1,13975,0,0,0.09271460201564953
1,13976,0,0,0.024002669866691622
1,13988,0,0,0.017949332367309553
1,13996,0,0,0.0005502262844856884
1,14000,0,0,0.0014654186842889118
1,14001,1,1,0.9709018446395394
1,14016,1,1,0.99791252790271
1,14025,1,1,0.927939141176525
1,14026,0,0,0.034168803113544845
1,14028,1,1,0.920869146849878
1,14044,0,0,0.0007172088509768779
1,14054,0,1,0.930830318870449
1,14055,0,0,0.017160526530480214
1,14056,0,0,0.20810845741523393
1,14062,0,0,0.18481469424799532
1,14071,0,0,0.0014320729143688247
1,14075,0,0,0.015506848489048097
1,14085,0,0,0.00018646604117242814
1,14088,0,0,0.00020455740456285063
1,14089,0,0,0.00016030305826113286
1,14092,1,1,0.9600581802130608
1,14096,0,0,0.007823343349059493
1,14099,0,1,0.5479099696502828
1,14102,0,1,0.9101607048116134
1,14104,0,0,0.00011544225059293448
1,14107,0,0,0.1825998460421521
1,14110,0,0,5.689380425240662e-05
1,14113,0,0,0.024526525038325354
1,14115,0,0,0.012450832375682291
1,14120,0,0,0.0013264334586389657
1,14125,0,0,0.11398101559948318
1,14129,0,0,0.0012085468431175706
1,14130,1,1,0.6680915986580878
1,14136,1,1,0.8280083324319164
1,14138,0,0,0.0001696207117474459
1,14142,0,0,0.000679031683581221
1,14144,0,0,0.0010119386010339878
1,14150,0,0,0.0009122484250644022
1,14153,0,0,0.3967825762450884
1,14155,0,0,7.705924499290036e-06
1,14156,0,0,0.023176284703250307
1,14164,0,0,0.00020959176542435667
1,14167,0,0,0.12974132446260586
1,14168,0,0,0.001015514272021476
1,14171,0,0,0.23293009158273054
1,14173,0,0,0.00011640801864105197
1,14176,0,0,1.981377315261961e-05
1,14182,0,0,0.16419771211040493
1,14185,1,1,0.9685692630716484
1,14188,0,0,0.0009739727108986433
1,14193,1,0,0.34666348933845303
1,14200,0,0,0.0429767252845818
1,14204,0,0,5.845266398629778e-06
1,14205,1,1,0.9105935792225858
1,14207,1,1,0.9459117262204807
1,14220,0,0,0.0002759644494699397
1,14225,0,0,0.03048483407457254
1,14235,0,0,0.016567037289834014
1,14251,0,0,0.0008828536563277525
1,14257,0,0,0.4045542942213194
1,14262,0,0,0.005200620585978371
1,14263,0,0,0.00602554107591395
1,14268,0,0,1.849044903594158e-05
1,14271,0,0,0.04208560053387187
1,14275,0,0,0.000535013324415816
1,14278,1,1,0.6922786135634112
1,14290,0,0,0.25639962393696963
1,14293,0,0,0.017779483541203425
1,14294,0,1,0.6257275842435128
1,14303,0,0,2.1501639354656257e-05
1,14305,0,0,0.00411073089238232
1,14309,0,0,0.11622165472998709
1,14310,0,0,0.003066774271525419
1,14313,0,0,0.0002994679806504879
1,14316,1,1,0.6779618037502818
1,14323,0,0,0.12792157435304935
1,14327,1,1,0.8815642766492597
1,14330,0,0,0.00010456683866973373
1,14339,0,0,0.008612356371642937
1,14343,0,0,0.012922481600403013
1,14346,0,0,0.007165942162936915
1,14352,0,0,0.0003154324468688318
1,14354,0,0,0.005393913353346897
1,14360,0,1,0.9320281297207719
1,14361,0,0,0.16953690518857129
1,14362,1,1,0.9861143092984275
1,14363,1,1,0.9840258254132852
1,14365,1,1,0.9609019121944398
1,14369,1,1,0.9098309318500706
1,14370,1,1,0.6831483216039954
1,14371,0,0,0.0641787374771651
1,14376,0,1,0.8679261482660235
1,14383,0,0,0.0017009736682211873
1,14388,1,0,0.19668650677600139
1,14394,0,1,0.7235834742696001
1,14397,0,1,0.6116547707308371
1,14401,0,0,0.0015797535342524462
1,14402,0,0,0.009609121530820762
1,14404,0,1,0.8166723841975772
1,14405,0,0,6.717159194858944e-05
1,14406,0,0,5.165653949528278e-05
1,14420,0,0,0.002113275720594222
1,14429,0,0,0.001107628469918724
1,14433,0,0,0.2083940213293862
1,14442,0,0,0.09104507437031506
1,14456,0,0,0.0008713343704209943
1,14462,0,1,0.8592355325462513
1,14463,0,0,0.0011148272844576578
1,14465,0,0,0.010190520276182918
1,14468,1,1,0.9200453689786156
1,14473,0,1,0.9218360027279253
1,14478,0,0,0.16943143900431698
1,14479,0,0,0.07208831690306705
1,14481,0,0,8.058352573540412e-05
1,14487,0,0,0.14975716111196113
1,14493,0,0,0.13274243144228215
1,14495,0,0,0.01145413896556008
1,14506,0,1,0.8734671190951462
1,14508,1,1,0.7143667786294297
1,14519,0,0,9.03019057720766e-05
1,14522,0,0,0.000350435737381566
1,14527,0,0,0.12951510616856493
1,14535,0,0,0.2511444790233486
1,14537,0,0,0.00240579708314129
1,14538,0,0,0.2320923226224126
1,14549,0,0,0.06326907285937708
1,14552,0,0,0.14158943456467477
1,14553,0,0,0.030522215995028357
1,14554,0,0,0.0002403512752007967
1,14566,0,0,0.004188338816231908
1,14569,0,0,0.07388217198889996
1,14570,1,1,0.9559715078334786
1,14574,0,0,0.12423291828411527
1,14576,1,1,0.7879639890613133
1,14577,0,0,0.006579882300041075
1,14578,0,0,0.0021962716535459306
1,14580,0,0,0.005782651021780077
1,14589,1,1,0.8504051515836092
1,14590,0,0,0.0006100628125299266
1,14591,0,0,0.007538227839353126
1,14595,0,0,0.1469700710445348
1,14596,0,0,0.014229752809755728
1,14612,1,1,0.9306970525902654
1,14613,1,1,0.7133425689339694
1,14615,0,0,0.3553979329125533
1,14622,0,0,0.2360793331084527
1,14630,0,1,0.6410431760402704
1,14634,1,1,0.5425543831124866
1,14636,0,0,0.00012506985946353854
1,14640,0,0,0.01984909681348375
1,14654,0,0,0.057419772657509326
1,14655,1,1,0.825024193288464
1,14660,1,1,0.9787541894029346
1,14663,1,1,0.9266800773465554
1,14665,0,1,0.5803806997457354
1,14666,1,1,0.9957413021315268
1,14668,0,0,0.0006118221172635292
1,14670,0,0,0.31392972768169675
1,14680,1,1,0.7544833266531538
1,14689,1,0,0.32086983361955884
1,14695,0,0,0.0011412560161357492
1,14699,0,0,0.010869926124431792
1,14702,0,0,0.0001784041131979069
1,14711,0,1,0.7973955854583972
1,14714,0,0,0.20010844827262966
1,14716,0,0,0.00024060794849120734
1,14724,0,0,6.998617609142465e-05
1,14728,0,0,0.0016284513338840026
1,14745,1,0,0.22783026200625908
1,14750,0,0,0.1535527579121835
1,14752,0,0,0.0009998539588772896
1,14765,0,0,0.007413448681383248
1,14766,0,0,0.021562946145805912
1,14769,1,0,0.06549276486522969
1,14772,0,0,0.05157659333563172
1,14777,0,0,0.26893431676215085
1,14778,1,1,0.8093852995637475
1,14788,1,1,0.9727507074424836
1,14789,0,0,0.037829303697488874
1,14791,0,0,0.09250781580132336
1,14797,0,0,0.07818543297054434
1,14798,0,0,0.020748483967814348
1,14802,1,1,0.9935436764185194
1,14808,0,0,0.0017980931916477037
1,14814,1,1,0.7462505000349909
1,14818,0,1,0.8756719912316953
1,14833,0,0,0.021781630161806974
1,14845,0,0,0.0025431845363123166
1,14851,0,0,0.06892220309237214
1,14852,0,0,0.3612983807952003
1,14856,1,0,0.02385763529403391
1,14858,0,0,0.0013595755655467486
1,14859,0,0,0.012554792411194823
1,14863,0,0,0.0024423972660043863
1,14864,0,0,0.03160524384599623
1,14873,0,0,0.012643669174901371
1,14882,0,0,0.34948723190882763
1,14889,0,0,0.03199272043749397
1,14890,0,0,0.012299956335276176
1,14895,0,0,0.001443001458659697
1,14901,0,0,0.004163255113887919
1,14903,0,0,0.011123265052924339
1,14915,0,0,0.01504626365423965
1,14921,0,0,0.003681154036192952
1,14932,1,1,0.8507959806370917
1,14936,0,0,0.14640837396855827
1,14937,1,0,0.009691747058312637
1,14939,0,1,0.6409746661952345
1,14944,1,1,0.7170873846356243
1,14949,0,0,0.010933119708854666
1,14952,0,0,0.0032112615821105893
1,14958,0,0,0.10202744445661324
1,14961,0,0,0.013905556830592735
1,14964,0,0,0.005492344978384486
1,14967,1,0,0.43387000591405755
1,14977,1,0,0.006225161041253318
1,14980,0,0,0.012808145232280523
1,14984,0,0,0.0006844335581579992
1,14985,0,0,0.0005231277096069629
1,14988,0,0,0.00048742742683144684
1,14990,1,1,0.9974391534908941
1,14991,0,0,0.17727550808420292
1,15005,1,1,0.9382758652347576
1,15008,0,0,0.03818134157632339
1,15012,1,1,0.543228985744765
1,15014,1,1,0.9958774245550706
1,15016,0,0,0.3186539441894169
1,15018,0,0,0.0032279463337963887
1,15023,0,0,0.01796824631674195
1,15029,1,0,0.2821357304524865
1,15033,1,1,0.6486544061458944
1,15055,0,1,0.569873453590349
1,15060,0,0,0.001168926785556137
1,15065,0,0,0.003494486562307793
1,15069,0,0,0.31856774561605444
1,15070,0,1,0.594677957223791
1,15073,0,0,0.03024682643227602
1,15076,0,0,0.004512153369984533
1,15080,0,1,0.5718713582222341
1,15088,0,0,0.006653431415075641
1,15089,0,0,0.0003393243013970313
1,15090,0,0,1.2446876959346821e-05
1,15093,0,0,0.003498472237524804
1,15096,0,0,0.4485247547347518
1,15101,0,0,0.03625864878832821
1,15102,1,1,0.9618916095300265
1,15105,0,0,0.0059003662360629355
1,15107,1,1,0.8342309733225068
1,15112,0,1,0.6935462291832554
1,15123,1,0,0.10632736283336448
1,15128,0,0,0.00145151581368977
1,15138,0,0,0.11154760036785553
1,15163,0,0,0.0022321361343774835
1,15169,0,0,0.3855564358439085
1,15170,0,0,1.0600619008928507e-05
1,15171,0,0,0.030155897029964945
1,15175,0,0,0.02704683861873769
1,15177,0,0,0.2628096756979851
1,15178,0,0,0.4201986716596573
1,15179,0,0,0.0027536304888411823
1,15182,0,1,0.6910126375742671
1,15190,1,1,0.6852867433627224
1,15195,1,1,0.9511657735428903
1,15199,0,0,0.13522988315616286
1,15210,1,1,0.8725977144636659
1,15212,0,0,0.003644198848824139
1,15215,0,1,0.656285931788688
1,15216,0,0,0.0003369512993386697
1,15217,0,0,0.2296815890641709
1,15221,0,0,0.05081771512313247
1,15237,0,0,0.0015779547636894532
1,15240,0,0,0.0038332312358973697
1,15263,0,0,9.102394571459097e-06
1,15268,0,0,0.000497667296006763
1,15269,0,0,0.02626424970602055
1,15272,0,0,0.23667841180366112
1,15281,0,0,0.01902093299824027
1,15285,0,0,0.005465287066422846
1,15286,0,0,0.001191043817188241
1,15291,0,0,0.0016912111267753903
1,15311,1,1,0.9030536309555514
1,15313,0,0,0.0035620135266974592
1,15314,0,0,0.18151915478003064
1,15317,0,0,0.00017532531819506903
1,15320,0,0,0.23408320124855767
1,15324,0,0,0.21866020143471637
1,15326,0,0,0.022069819739586938
1,15334,1,1,0.977757408874806
1,15336,0,1,0.8876638684797151
1,15339,1,1,0.751861095486428
1,15341,1,1,0.8461197830180931
1,15344,1,1,0.9676798325830127
1,15347,1,1,0.5654720487849325
1,15354,0,0,0.002796464099199707
1,15355,0,0,0.2668980835826665
1,15357,0,0,6.4804848828664275e-06
1,15371,1,1,0.9798800288976443
1,15373,0,0,0.0013650627538865615
1,15382,0,0,0.00010556156987885598
1,15383,0,0,0.22303714084206222
1,15394,0,1,0.8838281638551245
1,15404,1,0,0.028841399304033396
1,15419,0,0,0.0006530696872893413
1,15421,0,0,0.0003302495479569215
1,15422,1,1,0.6594039109364291
1,15425,0,0,0.04150175524876197
1,15427,0,0,0.00013653990628819334
1,15430,1,0,0.17662414835993143
1,15431,0,0,0.09012569710385267
1,15436,0,0,0.001087689483795188
1,15440,1,1,0.9955128989287054
1,15441,0,0,0.16794013431612928
1,15443,0,0,0.3146784690190981
1,15445,1,1,0.9747981824060683
1,15449,0,1,0.9100857422929787
1,15451,0,0,0.040741645282876
1,15455,0,0,0.016657150389744833
1,15456,1,1,0.5924745066643162
1,15460,0,0,0.025723583089700037
1,15462,1,1,0.9967702562037077
1,15472,0,0,0.00010479966327269662
1,15475,0,1,0.5377866711777597
1,15478,0,0,0.27407318939088654
1,15479,0,1,0.6709408267982913
1,15482,1,0,0.11124529984267663
1,15486,0,0,0.00022348623036636
1,15487,0,0,8.520269733616634e-05
1,15488,0,0,8.184089240058617e-05
1,15494,0,1,0.7403697138623956
1,15496,0,0,0.002280395422458616
1,15501,1,1,0.6445681524359244
1,15504,1,1,0.9333565316076219
1,15507,0,0,0.33978683444150454
1,15515,0,0,0.0030390444190970217
1,15523,1,1,0.6305232850951834
1,15525,0,0,0.021331818003377957
1,15527,0,0,6.747887200508845e-05
1,15530,0,0,7.777588510339836e-05
1,15531,0,0,2.1573232878470995e-05
1,15532,0,0,0.012682333965467276
1,15536,0,0,0.003642561070848545
1,15540,1,1,0.6599988197267709
1,15545,0,0,0.007937898522027566
1,15546,0,0,0.00039316927050557195
1,15561,0,0,0.00016005663020079915
1,15568,1,1,0.9912824008059333
1,15570,0,0,6.779937903396516e-05
1,15575,0,1,0.8717180408583346
1,15576,0,0,0.0024289157010003795
1,15584,0,0,0.00019285950702101003
1,15594,0,0,0.05100059323841596
1,15595,0,0,9.559128915185474e-05
1,15607,0,0,0.28528683171002767
1,15610,0,0,0.08564656905088641
1,15612,1,1,0.9880624320216989
1,15618,1,1,0.6142745376770803
1,15622,0,1,0.5600689427919854
1,15624,0,0,0.0004934321970908214
1,15625,0,0,0.09666422809241325
1,15626,0,0,0.04864147114937405
1,15634,1,1,0.8845843513006401
1,15636,0,0,0.03286377133877815
1,15637,0,0,0.0787153987585375
1,15639,1,1,0.995242430504053
1,15666,0,0,0.0167061669258687
1,15667,0,0,0.0017761798129584496
1,15673,0,0,0.004427603995643572
1,15680,1,1,0.839657705171512
1,15695,1,1,0.9666288098105915
1,15702,0,0,0.01865514806137645
1,15711,0,1,0.689855766691634
1,15712,1,1,0.6782432281024109
1,15713,0,0,0.3233109415833198
1,15717,0,0,0.11119644349373067
1,15729,0,0,0.09644328151026682
1,15737,0,0,0.008804903514918633
1,15751,0,0,0.01914928649260364
1,15757,0,0,0.03123538542457098
1,15763,0,0,0.05144772672340904
1,15765,1,1,0.9649687002771048
1,15766,0,1,0.8861294196147882
1,15767,0,0,0.22924053047585013
1,15772,0,0,0.19390212751510053
1,15778,0,0,8.916636207190122e-05
1,15780,0,0,0.00029033492374280263
1,15786,0,1,0.6374295397298055
1,15787,0,0,0.0009368478719113874
1,15789,0,0,0.10608663756371321
1,15797,0,0,0.09095849792566829
1,15798,0,0,0.2126992400029703
1,15803,0,0,0.051956867630902785
1,15805,1,0,0.2766892792607221
1,15806,1,0,0.18119567161407274
1,15810,0,0,0.00018308057264448615
1,15821,0,0,0.321199999366174
1,15825,0,0,0.06149209586160485
1,15839,0,0,0.004472938235594556
1,15842,1,1,0.7628896304701458
1,15848,0,0,0.23630729622571228
1,15861,1,1,0.5844241770899553
1,15864,0,0,0.06342724714184068
1,15867,0,1,0.6516124507746052
1,15871,0,0,0.0006166176513955833
1,15875,1,0,0.29888964574007804
1,15880,0,0,0.001138479710180777
1,15882,1,1,0.6254081495434862
1,15884,0,0,0.1786662504882619
1,15888,0,1,0.7495942439823471
1,15895,0,0,0.0087847081363417
1,15898,0,0,0.002159906402131178
1,15902,0,1,0.8609562830586339
1,15912,0,0,0.00222731659452486
1,15915,0,0,0.00043058969005118204
1,15916,0,0,0.09043889707448356
1,15922,0,0,0.003329018191767372
1,15925,0,0,0.21440755355191823
1,15927,0,0,0.021089549527999712
1,15928,1,1,0.9990726945223422
1,15929,0,1,0.6319312178463016
1,15937,0,0,0.001958850086099835
1,15940,0,0,0.09784840352684747
1,15949,0,0,0.22002378763149127
1,15957,0,0,0.01836570656961716
1,15958,0,0,0.044946117846819934
1,15964,0,1,0.8100824488952202
1,15970,0,0,0.0019509708022747566
1,15976,1,1,0.9914315780088462
1,15981,0,0,0.001579470128312963
1,16004,0,0,0.2707128193027422
1,16006,0,0,0.229231856434014
1,16009,0,0,0.0015071339268612832
1,16010,0,0,0.39125984150380827
1,16017,1,1,0.683156215276907
1,16028,0,0,0.0007241227565987759
1,16033,0,0,0.001668964653155462
1,16036,0,0,0.008149560386968306
1,16037,0,0,0.270680038509172
1,16044,1,1,0.7001975924413796
1,16045,0,0,0.03350374701797989
1,16052,1,1,0.8622493772881914
1,16055,1,0,0.18612839691380884
1,16056,1,1,0.8005426762699741
1,16064,0,0,0.0019813441685759656
1,16068,0,1,0.8628604599668276
1,16071,0,0,0.005678238045607133
1,16072,0,0,0.2434546101308114
1,16076,0,0,0.027617299951095253
1,16083,0,0,0.010245532231544348
1,16086,0,0,0.005741441545699405
1,16087,0,0,0.001017775627299007
1,16088,1,0,0.4230688458857418
1,16097,0,0,0.0005838837044445833
1,16104,0,0,0.0006243831393172192
1,16114,1,1,0.9979562668010418
1,16121,0,0,0.0019384733514127685
1,16124,1,0,0.25833540307743313
1,16125,0,1,0.6293707742995306
1,16126,1,1,0.8768795960488526
1,16139,0,0,0.13801003164713854
1,16142,0,0,0.03981798144237927
1,16144,1,1,0.8823042783210234
1,16145,0,0,0.2213418696213341
1,16151,1,1,0.9640812820723544
1,16157,1,1,0.8451692462467648
1,16162,0,0,0.03399756460359381
1,16180,0,0,0.04152737057964738
1,16181,0,0,0.0013467577403074274
1,16182,0,0,9.296710653922505e-05
1,16187,1,1,0.9287242784063816
1,16207,0,0,0.0005669052647142447
1,16208,0,0,3.4188875724100405e-05
1,16223,0,0,0.2522609569370036
1,16225,0,0,0.033721104274649964
1,16226,0,0,4.028257921417703e-05
1,16228,0,0,0.006423250017210933
1,16232,1,0,0.010163614790053024
1,16240,1,0,0.2997226913428516
1,16242,0,0,0.4782401720012105
1,16247,0,0,0.0014650088558099026
1,16249,1,1,0.9812291163546241
1,16255,1,0,0.3579989270566468
1,16257,0,0,0.01068764016028014
1,16258,1,1,0.9964578108179561
1,16260,0,0,0.031242603065201838
1,16263,0,0,0.0033689639826978207
1,16270,0,0,0.3594423465263074
1,16273,0,0,0.0022686156334098587
1,16274,0,0,0.0179523250512508
1,16275,0,0,0.000177362910900524
1,16281,0,0,0.09088257257735383
1,16286,1,1,0.9481447834176967
1,16306,0,0,0.0001607273835071195
1,16309,0,1,0.5204712937528685
1,16318,0,0,0.33312177037644364
1,16328,0,0,1.1964211327378048e-05
1,16331,1,0,0.11168419299425791
1,16346,0,1,0.6848947762842774
1,16349,0,0,0.14422039750499197
1,16363,0,0,0.0007750095121827308
1,16364,0,1,0.9053907221042236
1,16384,0,0,0.004107623957388148
1,16386,0,0,0.002725490850387482
1,16397,0,0,0.11833119984945856
1,16398,0,0,0.005459807852054381
1,16403,0,0,3.206074664017641e-06
1,16406,0,0,0.18248618528529573
1,16428,0,0,0.2560281364904699
1,16431,0,0,0.006605081602620472
1,16434,0,0,0.0014306772446981764
1,16437,0,0,0.28459934089005684
1,16440,1,1,0.5744841639540874
1,16443,0,0,0.0001676525454073504
1,16444,0,0,0.006877814790611535
1,16451,0,0,0.004323356088708545
1,16460,1,1,0.9661919838046893
1,16466,0,0,0.0726239866479255
1,16467,0,0,0.0003311368380670814
1,16470,0,1,0.719655209605486
1,16479,0,0,0.42311798210159834
1,16480,1,1,0.9313185273792264
1,16483,0,0,0.039520008873669014
1,16489,0,0,0.011060977685046868
1,16492,0,0,0.00045051965358375404
1,16495,0,0,7.171662912944292e-05
1,16498,0,0,0.03181316226452687
1,16502,0,0,1.8282537439830004e-05
1,16507,0,0,0.036645127105745745
1,16514,0,0,0.00027537857274632926
1,16516,1,0,0.3265254589028453
1,16522,0,0,0.0015191328029069704
1,16523,0,0,0.000368508709304172
1,16524,1,1,0.9797992755713337
1,16526,0,0,0.008293046194191744
1,16533,0,0,1.0786745156001916e-05
1,16536,0,1,0.6611499650987176
1,16539,0,0,0.04920513404101534
1,16541,0,0,0.0711482566166435
1,16543,0,0,0.017499291179891255
1,16547,0,0,0.039215027453501854
1,16549,1,1,0.97677489664038
1,16550,0,1,0.6844500919571813
1,16551,0,0,9.450793182484247e-05
1,16553,0,0,0.0010308847864071104
1,16554,1,1,0.5801232631078411
1,16560,0,0,0.003512700919293544
1,16565,0,0,5.3189229088955266e-05
1,16571,0,0,0.07243890057574921
1,16575,0,0,0.003755228786593248
1,16578,0,0,5.8788291646534526e-05
1,16582,0,0,0.15847085530494245
1,16584,0,0,0.0812529982837716
1,16601,0,0,0.0007052972502601095
1,16604,0,0,0.05905135299278847
1,16607,0,0,0.08550171137564141
1,16608,0,1,0.6490046634438014
1,16609,0,0,9.60986004046458e-05
1,16611,0,0,0.006246005996804055
1,16613,0,0,0.022465923448232634
1,16623,1,1,0.7756250165185704
1,16625,0,0,0.0010614239195893514
1,16632,0,0,0.030892363151916787
1,16633,0,0,0.00847574170339048
1,16640,1,1,0.8440682164157699
1,16644,0,0,0.006843739584572654
1,16647,0,0,3.9237386755114836e-05
1,16649,0,0,0.10033759227439715
1,16650,0,0,0.0012866984571729314
1,16656,1,1,0.8135657610445874
1,16658,0,1,0.779987047153096
1,16661,0,0,0.03563872298334435
1,16666,0,1,0.8188225704983223
1,16667,1,0,0.12535647779130177
1,16673,0,0,0.0003902970368246813
1,16674,0,0,0.00024147197297898332
1,16685,1,1,0.9954986906118208
1,16688,0,0,0.0038724860382475853
1,16692,0,0,0.0002497749404109006
1,16705,0,1,0.6108592739745812
1,16706,0,0,0.04855976836987792
1,16710,1,1,0.9885825042959189
1,16713,1,1,0.8703106611307337
1,16715,0,0,0.001756821053978057
1,16716,0,1,0.8886208382124745
1,16719,0,1,0.5276421815189882
1,16720,0,0,0.01608349277738352
1,16721,0,0,0.002909350383675645
1,16722,0,0,0.02134537467329496
1,16727,0,0,0.019875147163715766
1,16729,0,0,0.24787067138528496
1,16748,0,0,0.012580537831204153
1,16750,1,1,0.7592507672388646
1,16752,0,1,0.5680574130487139
1,16759,0,0,5.3133000268566833e-05
1,16760,0,0,0.00030122988874677585
1,16764,0,0,0.0035711490924071453
1,16779,0,1,0.5992004103150589
1,16790,0,0,0.00016999307415949697
1,16804,0,0,0.010407720697986409
1,16814,1,0,0.4229868925759453
1,16816,0,0,0.0006755235792759163
1,16820,1,0,0.1898199023758835
1,16821,1,1,0.994924359948367
1,16827,0,0,0.00017952620070080992
1,16828,1,1,0.9181105191850194
1,16831,0,0,0.009688541865816644
1,16833,0,0,0.017661612595031285
1,16836,0,0,0.1263155811729288
1,16839,0,0,0.2711353390338759
1,16842,0,0,0.002419248127337962
1,16844,0,0,0.04197707713592578
1,16846,0,0,0.11344930210018933
1,16851,0,0,0.0007879757817624545
1,16855,0,0,0.021883354114268897
1,16858,0,0,0.08909053334658087
1,16861,1,1,0.9575675916158465
1,16870,0,0,1.3089097882544443e-06
1,16875,1,1,0.9569907312349677
1,16880,0,1,0.7652027431983536
1,16882,0,0,0.07886780286511269
1,16888,1,1,0.9930216997772108
1,16889,0,0,0.0005950227808617084
1,16901,0,0,0.31542509436817273
1,16905,0,0,0.008260272709478794
1,16908,0,0,0.0022407295293904645
1,16909,0,0,0.0004929201635767134
1,16910,0,0,8.63960506261865e-05
1,16915,1,0,0.3451766625680326
1,16918,0,0,0.024763001268982437
1,16922,0,0,0.00018126770776746024
1,16932,0,0,0.018798579457700828
1,16937,0,0,0.0009000716847700227
1,16942,0,0,0.0016347032970881084
1,16950,0,0,0.005548033252800907
1,16953,0,0,0.0011932817861945782
1,16966,0,0,0.0012920768315446544
1,16989,1,1,0.9729534161835224
1,17004,0,0,0.0011072954613294626
1,17009,1,1,0.9997023211910812
1,17015,1,1,0.6880412932978215
1,17022,0,0,0.051544920070157554
1,17028,0,0,0.00857433204751078
1,17041,0,0,0.22833640774334096
1,17042,1,0,0.03661775332408586
1,17050,0,0,0.02027407693876056
1,17052,1,0,0.017848973660041838
1,17059,0,0,9.721269422097352e-05
1,17061,0,0,0.022670222575681267
1,17065,0,0,0.04444396726449838
1,17069,0,0,0.21568222295779568
1,17073,1,1,0.9178671408414986
1,17077,0,0,0.4865594971941571
1,17082,0,0,0.0875543192993343
1,17084,0,0,0.02305130428934565
1,17085,1,0,0.4245337641596152
1,17089,1,1,0.7687947633508249
1,17095,0,0,0.0015079978896430782
1,17096,0,0,0.003185201033165386
1,17106,0,0,0.00037365669717726014
1,17110,0,0,0.08974002960064537
1,17118,0,0,0.0029124520128073744
1,17123,1,1,0.5372098372628392
1,17124,1,0,0.43351578875393976
1,17125,0,0,0.18963475844929142
1,17127,0,0,0.00023513720236410427
1,17140,0,0,0.049187766477123446
1,17173,0,0,3.590561053165113e-05
1,17174,0,1,0.7795910702512127
1,17177,0,1,0.8610635295164535
1,17187,0,0,0.1812701885549811
1,17188,0,0,0.026540184351712563
1,17189,0,0,0.00041102518722398114
1,17193,1,1,0.9944095127976741
1,17209,0,0,0.004794494638646652
1,17210,1,0,0.362450778975352
1,17213,0,0,0.009110355350852525
1,17222,0,0,0.005782365706211307
1,17224,0,0,0.0019268605297257653
1,17225,0,0,0.0014463816130144194
1,17231,0,0,0.0026516436448449955
1,17242,1,1,0.5571092639210578
1,17247,0,0,0.348016866653337
1,17252,0,0,0.000268965831371834
1,17254,0,0,0.009999562900843154
1,17257,0,0,0.0026379332253784874
1,17258,0,0,0.021441962690656145
1,17263,0,0,0.06314966106311125
1,17265,0,0,0.054854849324225116
1,17267,1,0,0.09326274432319688
1,17268,0,1,0.5705357812506561
1,17271,1,1,0.9329984152135847
1,17274,0,0,0.021836596426239835
1,17275,0,0,0.02233470554809622
1,17278,0,0,0.36832311176912286
1,17281,1,1,0.7808177223973252
1,17283,1,0,0.1302584316045083
1,17291,0,0,0.05927282288992249
1,17300,0,1,0.7385791812103134
1,17304,0,0,0.32452388174035063
1,17305,0,0,0.0003914492284501385
1,17306,0,0,0.01483780761143155
1,17307,1,1,0.8924277903313442
1,17308,1,1,0.9776107260851156
1,17309,0,0,0.022307056524523
1,17311,0,0,0.0340534640945017
1,17315,0,0,0.02369713941246561
1,17324,0,0,0.012799634728146924
1,17325,1,1,0.991766826643058
1,17334,0,0,0.02862195533297519
1,17343,0,0,0.002049433898142761
1,17346,0,0,0.00817530418216317
1,17351,0,0,0.0010225339712026165
1,17356,1,1,0.6879813582499562
1,17372,0,0,0.3179655476567857
1,17381,0,0,0.07337700189023723
1,17382,0,0,0.004006894119964673
1,17384,0,0,0.00457554816030026
1,17389,0,0,0.004001806686448583
1,17400,0,0,0.17758356283820612
1,17402,0,0,0.010070871954293046
1,17409,0,0,0.0004826792094523859
1,17412,0,0,0.000282722227573101
1,17418,0,0,0.00028008120192025884
1,17420,0,0,0.08173584037012577
1,17433,0,0,0.0012783815146852476
1,17434,0,0,0.0056828771856028025
1,17435,1,0,0.23543766873161925
1,17438,0,0,0.33898366220149384
1,17446,0,0,0.008867339110103093
1,17447,0,0,0.0022278920711665874
1,17448,1,1,0.9497516267582977
1,17451,0,0,0.0963475072090716
1,17453,0,0,0.05275427201658989
1,17454,0,0,0.00012447411255933662
1,17470,0,1,0.9859701577609459
1,17473,0,0,0.00013377685501772557
1,17474,1,1,0.8039341754927656
1,17487,0,0,0.06549776986746046
1,17493,0,0,6.570754679233588e-05
1,17494,1,1,0.998296348799773
1,17497,0,0,0.02620829000485928
1,17501,0,0,0.0006995757680830833
1,17504,1,1,0.8610907718465443
1,17505,0,0,0.00930394231562822
1,17515,0,0,0.010740953720140611
1,17521,0,0,5.374018715954243e-05
1,17547,0,0,0.050092264603388365
1,17555,0,0,0.02169309625057904
1,17557,0,0,0.05131433152200494
1,17568,0,0,0.005309394041572859
1,17576,0,0,0.00022731602657528367
1,17586,0,0,0.04494106437084345
1,17590,1,0,0.11928680586851484
1,17596,0,0,0.0008261157976142291
1,17601,1,1,0.8800200744475803
1,17616,0,0,0.35448466032623077
1,17626,0,0,0.0004956811410191691
1,17627,0,1,0.8617787223487545
1,17629,0,0,2.0189277672172465e-06
1,17630,0,1,0.8749609826264697
1,17635,0,0,0.052759979050018335
1,17647,0,0,0.0020346866013685305
1,17648,0,1,0.5473526197673008
1,17655,0,0,2.2708494303611087e-05
1,17666,0,0,2.1527275054480686e-05
1,17669,0,0,0.37799877447114144
1,17671,0,0,0.06279475105939236
1,17680,0,0,0.37610507330381643
1,17682,1,1,0.995643698636003
1,17683,1,1,0.6465119698565267
1,17691,0,0,0.006440928518163023
1,17693,1,1,0.5758940088605607
1,17697,0,0,0.00956687325100407
1,17701,1,1,0.701494518007067
1,17709,0,1,0.8354713411247153
1,17717,0,1,0.9172723145808324
1,17719,0,1,0.5486690268610851
1,17730,1,1,0.991790348497833
1,17732,0,0,0.4408481155235219
1,17734,0,0,0.00017766340941687442
1,17735,0,0,0.016365778155980268
1,17738,0,0,0.026558778407949162
1,17741,0,0,0.31097208337014254
1,17743,1,1,0.9935134394127356
1,17746,0,0,0.030205307161134988
1,17747,0,0,0.007907302317175577
1,17749,1,0,0.3976584699176931
1,17758,0,0,0.01461752289541881
1,17760,0,0,0.10285458488560496
1,17761,0,1,0.7636873679407136
1,17764,0,0,0.008283106107156572
1,17768,0,0,0.3761046489806942
1,17775,0,0,0.006187661173570268
1,17780,0,1,0.7242987207720313
1,17781,0,0,0.027029978993358822
1,17784,0,0,7.593482659017817e-06
1,17791,0,0,0.008174622393368218
1,17798,0,0,0.009520086144744117
1,17821,0,0,0.04703281823552973
1,17830,0,0,0.011576087758476829
1,17835,1,1,0.9822081249626203
1,17836,0,0,0.06303751115574045
1,17839,1,1,0.9824675268500184
1,17840,0,0,0.002610104685927559
1,17843,1,1,0.9609658337097021
1,17847,0,0,0.0005416942981160325
1,17851,0,0,0.005811478384922384
1,17857,0,0,1.823322211774866e-05
1,17865,0,0,0.01011477605303088
1,17871,0,0,0.00016380067715293968
1,17873,0,0,0.014664118261960832
1,17874,0,0,0.00043282317676304093
1,17876,0,0,0.19838920573141572
1,17878,0,1,0.5813788541033217
1,17883,0,0,0.0366122556284653
1,17885,0,0,0.00024326745446319375
1,17889,0,0,0.001589443961759776
1,17890,0,0,0.06796076909152551
1,17900,1,1,0.9588779083741505
1,17902,0,0,0.018069578120147818
1,17904,0,0,0.02614508749508792
1,17905,0,0,0.4563289464885566
1,17910,0,0,0.006574073970277437
1,17913,0,0,0.07147852259807867
1,17917,0,0,0.005246165217072809
1,17921,0,0,8.428647176462023e-05
1,17927,0,0,0.2448864185239597
1,17928,0,0,0.2552755772998681
1,17931,0,0,0.004194854885783525
1,17933,0,0,0.00033327143830240105
1,17934,0,0,0.017271716646867136
1,17937,1,1,0.6986759197964147
1,17940,0,0,0.282385631123372
1,17942,1,1,0.9028441525447157
1,17947,0,0,0.012080911318258948
1,17948,0,0,0.10171024784018035
1,17951,1,1,0.9911996168733139
1,17952,0,0,0.003248448817859987
1,17953,1,1,0.9987226883261875
1,17955,0,1,0.5523969418900021
1,17956,0,0,0.250971157329791
1,17959,1,1,0.9988477632493613
1,17962,0,0,0.010478573045101918
1,17968,0,0,0.06822725217861879
1,17971,0,0,0.01688980088942558
1,17974,0,0,0.024765551923608197
1,17981,1,1,0.955644126028171
1,17983,0,0,0.3644286339408634
1,17985,1,1,0.9024826682858149
1,17988,0,0,0.005914274119160591
1,17990,1,1,0.9959367940429237
1,18001,1,0,0.06310619201600753
1,18008,0,0,9.759975561221438e-05
1,18010,0,0,0.045818207760006724
1,18015,0,0,0.0010766118889576773
1,18025,1,1,0.5994830045140447
1,18030,0,0,0.04458618803779905
1,18032,0,1,0.9319944616603109
1,18037,0,0,0.00706128577721171
1,18040,0,0,0.02098917993768622
1,18042,0,0,6.21757105327562e-05
1,18045,0,0,0.0011941950186878001
1,18048,0,0,0.005428003831039406
1,18057,0,0,0.025268296762419457
1,18058,0,0,0.04031502785619177
1,18071,0,0,0.02499154839029512
1,18072,0,0,0.0012525664401703085
1,18084,0,1,0.7362432545097402
1,18090,0,0,0.13320370365696835
1,18103,1,1,0.9598130139463243
1,18107,0,0,0.4586787950182153
1,18108,0,0,0.07922702476299984
1,18111,0,0,0.000673540886656924
1,18113,1,1,0.9475806190819709
1,18120,0,0,0.009547101644823633
1,18122,0,0,0.2642239737876996
1,18129,0,0,0.001325246152227063
1,18142,0,0,0.13473859575872585
1,18148,0,0,0.0012578509080820234
1,18150,0,1,0.5978538455700848
1,18154,0,0,0.0016749259942818548
1,18161,0,0,0.002023902994352563
1,18162,0,0,0.0004111309226320573
1,18165,0,0,0.0010356893049381934
1,18183,0,0,0.00031474977375244777
1,18184,0,0,0.2288859936931121
1,18187,0,1,0.8440883523442279
1,18192,0,0,0.0059586448893017546
1,18193,0,0,0.007369534590841559
1,18197,1,1,0.748804749797862
1,18199,0,0,0.1908882264518745
1,18201,0,1,0.6030774625501012
1,18204,0,1,0.6247629048639811
1,18205,1,1,0.9951827647819007
1,18208,0,0,0.0036012171816082513
1,18210,0,0,0.001154183425969358
1,18217,0,1,0.5228835975892779
1,18222,0,1,0.7157504400025093
1,18223,0,0,0.024619226561784145
1,18228,1,1,0.8288429172739025
1,18230,1,1,0.9587245494816987
1,18240,0,0,0.04929328702597944
1,18266,0,0,0.0062089378038575555
1,18273,0,0,0.06435244745081001
1,18282,0,0,0.05649307376850455
1,18284,0,0,1.896572052183973e-05
1,18286,0,0,0.0011897179506224647
1,18290,0,0,0.006200397105551236
1,18293,1,1,0.8109943686237446
1,18299,1,1,0.904476562745192
1,18303,0,0,0.05848035195777778
1,18308,0,0,2.8442246889326078e-05
1,18314,1,1,0.9508267279030195
1,18325,0,0,0.2463521203000718
1,18329,1,0,0.18907681252409025
1,18333,0,1,0.9855066418685944
1,18336,0,0,0.010767584592593622
1,18343,0,0,0.007039899247507941
1,18344,0,0,0.014102896482085828
1,18347,1,1,0.9433811539746683
1,18365,1,0,0.37577443557590956
1,18366,0,0,0.0022202710237876127
1,18368,0,0,0.371570545683269
1,18371,0,0,0.4924554701587565
1,18373,0,0,0.015044815927780694
1,18378,0,0,0.0011022663965212787
1,18380,0,0,0.1021257426903401
1,18389,1,1,0.9332815507207253
1,18390,0,0,0.0008003432402989615
1,18391,0,1,0.6430327988246626
1,18395,0,0,0.05699505180818063
1,18406,0,0,0.07129142238410248
1,18409,0,0,0.00011272295567585518
1,18416,1,1,0.9333138286908064
1,18423,0,0,0.10708309810719295
1,18427,0,0,0.19433750075064157
1,18429,0,0,0.3715579575388912
1,18432,0,0,0.0012935892801970974
1,18434,0,0,0.4016531773533511
1,18443,0,0,0.0001476610842060763
1,18445,0,0,0.12386780727245568
1,18451,0,0,0.07917617956398142
1,18464,0,0,0.013397142563088577
1,18468,0,1,0.8877524280118954
1,18469,0,0,0.13924873702809176
1,18478,0,0,0.19976452797944985
1,18492,0,0,0.04354475733026603
1,18494,0,0,1.8370424752588115e-05
1,18495,0,0,0.015011153832983513
1,18498,0,0,0.00010859025528610644
1,18505,0,1,0.8065787409004284
1,18510,0,0,0.00025077200893084046
1,18511,0,0,0.0031189370390554702
1,18515,0,0,0.031042536463886296
1,18528,1,1,0.7453769167510392
1,18529,0,0,0.00489578890146441
1,18531,0,0,0.18157288370592106
1,18545,0,0,0.17353857398157357
1,18548,0,1,0.8138744470202232
1,18552,1,0,0.08182726096820003
1,18556,0,0,0.023418246292970436
1,18568,0,0,0.0004285190760685873
1,18569,0,0,0.06640376507548738
1,18591,0,0,0.0004969486851045063
1,18605,0,0,2.223879964553533e-05
1,18613,1,1,0.9409826118254602
1,18618,0,0,0.011587509768709146
1,18623,0,1,0.9603493114613108
1,18627,0,0,0.08034922778156027
1,18649,0,0,0.006574678635636516
1,18661,0,0,0.019514060242710046
1,18666,1,1,0.9549435184610022
1,18669,0,0,0.0035594815613171457
1,18671,0,0,1.6333994244028225e-06
1,18678,0,0,0.2613089719090818
1,18679,0,0,0.007009363140984881
1,18682,1,1,0.9854529953445603
1,18698,0,0,0.04409067679552669
1,18699,0,0,0.0013001445373162404
1,18707,1,1,0.694635215653428
1,18718,0,0,0.06298715965217239
1,18720,0,1,0.5102669796051622
1,18728,0,0,0.00046901372342160306
1,18732,0,0,3.556325545408681e-05
1,18733,0,0,0.22408329071776034
1,18736,0,0,0.0007141699650987558
1,18737,0,0,0.27297294091071145
1,18738,0,0,7.392742835611833e-05
1,18750,0,0,0.3992331696471563
1,18754,0,0,0.1842251502464313
1,18760,1,1,0.8846365404347027
1,18769,0,0,0.005014420382511492
1,18773,1,1,0.9839171644756458
1,18780,1,1,0.9831395214920059
1,18781,0,1,0.8669443705021878
1,18784,1,1,0.9922792923898417
1,18785,0,0,0.018161879840659242
1,18787,1,1,0.6986976634459172
1,18791,0,0,0.0018383281806499047
1,18800,0,0,0.00275372165286708
1,18801,0,0,0.00241883852851893
1,18802,1,0,0.051521886181135367
1,18806,0,0,0.04235657822533122
1,18811,0,0,0.01695916242579626
1,18812,0,0,0.010070056113894176
1,18825,0,0,0.015778237508448676
1,18838,0,0,0.014148171562823992
1,18846,0,0,0.009231850855798873
1,18864,0,0,0.011402073377215457
1,18874,0,0,0.032375214562214816
1,18876,0,0,0.055153830640666875
1,18877,0,0,0.3102421790655825
1,18882,0,0,0.10719975638501636
1,18886,0,1,0.5596154441013451
1,18894,1,1,0.8982704202739815
1,18907,0,0,0.11505894087040244
1,18916,1,1,0.945807577403485
1,18919,0,0,0.0001824189146015426
1,18921,0,0,0.12712713873296425
1,18922,0,0,0.000368001370296092
1,18926,0,0,0.015548554552913726
1,18927,0,0,0.007339868155805416
1,18932,0,0,0.003181867329087594
1,18936,0,1,0.5506522673953917
1,18937,1,0,0.3743395555666648
1,18939,1,1,0.8913470512887329
1,18941,0,0,0.024497273198787754
1,18942,1,0,0.21574928948038838
1,18951,0,0,0.003898392841900434
1,18952,0,0,0.3110506051706853
1,18956,0,0,0.0017104268624122977
1,18962,0,0,0.034696542259943716
1,18963,0,1,0.5168233707964759
1,18964,0,0,0.0017829599991514972
1,18966,0,0,0.000870834313602467
1,18973,1,1,0.9538265565484678
1,18978,0,0,0.00012959279402970382
1,18980,1,1,0.9363497628092518
1,18983,0,0,0.010674151954311067
1,18984,0,0,0.0007376953180138232
1,18985,1,1,0.8689017531246805
1,18989,0,0,0.00017160291777075005
1,19002,0,0,0.013746595637463964
1,19003,0,0,0.01880983299094834
1,19004,1,1,0.9977248388954862
1,19016,0,0,3.571376932397825e-05
1,19019,0,0,0.1357159983058697
1,19021,0,0,0.0419922308486789
1,19033,0,0,0.2675069315979927
1,19044,0,0,0.0007513692968904296
1,19045,0,0,0.2071711486137427
1,19046,0,0,0.00013081209323625211
1,19049,0,0,0.47894065347003184
1,19051,1,1,0.966762984142307
1,19054,0,0,0.01698806368466067
1,19059,0,0,0.14605791996710898
1,19066,0,0,0.013622970902170399
1,19068,0,0,0.08006724650772873
1,19075,0,0,0.09005851150533875
1,19077,0,0,0.01151215235314603
1,19078,0,0,0.0002415607974892592
1,19093,0,0,0.3488388971256774
1,19095,0,0,0.16406179812332986
1,19099,1,1,0.8854856078172059
1,19104,1,1,0.8805689987222018
1,19109,1,1,0.9277496268296168
1,19117,1,1,0.9261436246576182
1,19123,0,0,0.0001891511091236462
1,19126,0,0,0.01516447452192503
1,19128,0,0,0.025599902301532043
1,19129,0,1,0.6972218560020058
1,19130,0,1,0.7563162248603207
1,19138,0,0,0.006674094500090755
1,19145,0,1,0.8467115795833834
1,19149,0,1,0.9310779831466275
1,19150,0,0,0.06875868732213983
1,19169,0,0,0.10033450836823339
1,19183,0,0,0.0011786072126052708
1,19187,0,0,0.0004968879426478015
1,19194,0,0,0.008738114156210975
1,19195,0,0,0.0062856548811976
1,19199,0,0,0.006984050388986544
1,19207,0,0,0.018588657675082013
1,19225,0,0,0.036615248380525746
1,19227,0,0,0.0052738150750416555
1,19229,0,0,0.044108506473996514
1,19230,0,0,0.006060164484771753
1,19239,0,0,0.03033091132242817
1,19240,1,0,0.4417235436115414
1,19241,1,1,0.6600597706925896
1,19250,0,1,0.5231010129572644
1,19253,0,0,0.002006064651696644
1,19258,0,0,0.002248946221162867
1,19264,0,0,0.26587646650790403
1,19265,0,0,0.00040877707306454945
1,19294,0,1,0.5346927795709279
1,19307,0,0,0.19539048884954688
1,19310,1,0,0.01358644665262133
1,19311,0,0,0.04058960104855247
1,19322,0,1,0.5856187353247294
1,19326,0,0,0.055665832218516946
1,19327,1,1,0.8153978265873071
1,19336,1,1,0.5361226557531013
1,19342,0,0,0.49097873647728923
1,19351,1,1,0.9002558274895615
1,19352,0,1,0.8007552728171797
1,19360,1,1,0.7870114252538135
1,19361,0,0,0.03006757547887969
1,19367,0,0,0.03954092572638581
1,19380,1,1,0.9823739147781518
1,19384,0,0,0.0022437809086129183
1,19389,0,0,0.0002850400479508837
1,19391,0,0,0.007513619683731947
1,19399,1,1,0.634246675903534
1,19404,0,1,0.6430879218467032
1,19405,0,0,0.00015773896334627047
1,19412,0,0,0.0015468658409503327
1,19418,0,0,0.00033750095854702156
1,19421,1,1,0.8850353898691624
1,19425,0,0,0.24661173625829821
1,19427,0,0,0.014482002091894144
1,19432,0,0,0.0008357699657610086
1,19436,1,0,0.4001669645416873
1,19438,0,0,0.001302351687360288
1,19443,1,1,0.777096406812145
1,19453,0,0,0.01270817973471729
1,19461,0,0,0.004942400863087534
1,19470,0,0,0.03785435416942291
1,19471,1,0,0.3921587435289154
1,19474,0,0,0.0002841474692786431
1,19486,0,0,0.0009990847789667593
1,19488,0,0,0.0189854456296185
1,19500,1,1,0.8922425065827732
1,19521,0,0,0.0008963251301781442
1,19522,0,0,0.09960712782802157
1,19540,0,0,8.775653274757357e-05
1,19544,0,0,0.00731685053723203
1,19552,1,0,0.23505608048203194
1,19555,1,1,0.8596547529133652
1,19564,0,0,0.12277871783685564
1,19565,0,0,0.0007404556980819347
1,19574,0,0,0.01577862934525208
1,19575,0,0,0.0008999100851930892
1,19581,1,1,0.5378589178658841
1,19584,0,1,0.9717337005354059
1,19593,1,1,0.6793839295916835
1,19595,0,0,0.03558289610216446
1,19600,0,1,0.5681995896625233
1,19610,0,0,0.0006651259533110011
1,19619,0,0,0.14881316219054636
1,19625,0,0,0.08005594269045557
1,19627,0,0,0.043609642212812244
1,19631,0,0,0.002040239060232617
1,19632,0,0,0.039186388946712065
1,19634,0,0,0.002535427526722592
1,19648,0,0,0.09610911913354535
1,19654,0,0,0.00035094489817404166
1,19659,1,0,0.012464390213174602
1,19674,0,0,0.0064833027492372805
1,19675,0,0,0.018412621259278412
1,19679,0,0,6.963096736730156e-06
1,19701,0,0,0.0033671869865530817
1,19702,0,0,0.36292763110214177
1,19705,0,0,0.191522387278919
1,19708,0,0,0.013995946625523812
1,19709,0,0,0.0017463974101366874
1,19716,0,0,0.00377413768311631
1,19722,0,0,0.0178390643789399
1,19724,0,0,0.48912054240380065
1,19732,0,0,0.012386812448496199
1,19736,1,1,0.9449438599796914
1,19741,0,0,0.00044762477732520966
1,19745,0,0,0.05759818651831755
1,19752,1,1,0.7429478601064476
1,19758,0,0,0.18440452790718373
1,19759,0,0,0.0009173013112011082
1,19776,0,0,0.0002377654938318605
1,19789,1,1,0.7184967392121409
1,19790,0,0,0.007465866304364758
1,19793,0,0,0.36692557182256497
1,19803,0,0,0.01965697866774538
1,19806,0,0,0.17890447542465157
1,19816,1,1,0.9836558997018379
1,19817,0,0,0.00011949870382379213
1,19826,0,0,0.02523678535519193
1,19830,0,0,0.0041734568930131945
1,19836,0,0,0.0754915423345922
1,19847,0,0,0.0016228959656300209
1,19850,0,0,0.001609714266680097
1,19859,0,0,0.00023659752683872346
1,19860,0,0,0.0004423388579118757
1,19862,0,0,0.000895813021953891
1,19863,0,0,0.4668560820113163
1,19866,0,0,0.3085374566590096
1,19868,0,0,0.15667944108718113
1,19873,0,0,0.008870751260424577
1,19878,0,0,0.001042482180343947
1,19884,0,0,0.00040689565403674116
1,19885,0,0,0.000820194339539835
1,19888,0,0,0.005204528804242597
1,19890,0,0,0.04083336694683156
1,19895,0,0,0.019907207654560808
1,19905,0,0,0.00534154936887509
1,19907,0,0,0.00026950855484147464
1,19909,0,0,0.020319195672090003
1,19919,0,0,0.4084582258902161
1,19927,1,1,0.6618104402394791
1,19928,0,0,0.005208734373993918
1,19934,1,0,0.27258563670060315
1,19937,1,1,0.9211715840159986
1,19940,0,0,0.3873889053996488
1,19941,0,0,0.0012916930055366345
1,19942,0,1,0.9482766164492368
1,19946,0,0,0.010318062081190328
1,19948,0,0,0.12682420065485095
1,19958,0,0,0.010121086848746864
1,19966,0,0,0.0002879740025101452
1,19976,0,0,0.0026098437143852213
1,19979,0,0,0.0016800985667449072
1,19980,1,1,0.9515575568911977
1,19984,0,0,0.05057432265521269
1,19986,1,1,0.9649760210679487
1,19990,0,0,0.008461053644659228
1,19991,1,0,0.32126480015259384
1,19995,0,1,0.8263580369468356
1,19999,0,0,0.09862388744241196
1,20001,0,0,0.0505067161375844
1,20002,0,0,0.21917262521674288
1,20004,0,0,0.16911699852623824
1,20006,1,1,0.688851927082597
1,20008,0,0,0.0008757574262348474
1,20017,0,0,4.1444539464563656e-05
1,20026,0,0,0.13271152575213682
1,20031,0,0,0.08015967225744335
1,20032,0,0,0.017671607696046886
1,20033,0,1,0.5064042810959961
1,20034,0,0,0.010990571568909256
1,20037,1,1,0.6608158720097272
1,20042,0,0,0.18290447099123155
1,20045,1,0,0.41218006876468677
1,20052,0,0,0.0043895929681291605
1,20058,0,0,0.00030739013539188845
1,20063,0,0,0.0014195855194152531
1,20064,0,0,0.004683217413680438
1,20066,0,0,0.000222234925712207
1,20071,1,1,0.9867490180343195
1,20082,0,0,0.0018602323666058792
1,20083,0,0,7.658842083286604e-05
1,20087,1,1,0.9038579136596685
1,20088,1,1,0.9817013846790484
1,20097,0,0,0.012640186106289626
1,20098,1,0,0.17975699823995261
1,20099,0,0,0.0007677800262822508
1,20102,0,0,0.009726036514568224
1,20107,0,0,0.013850455269298522
1,20121,1,1,0.7927655221646058
1,20125,0,0,0.000742771304446779
1,20128,0,0,5.6847532734593804e-05
1,20129,0,0,0.0007603135519632288
1,20130,1,1,0.9724941446097982
1,20131,1,1,0.6664250437771149
1,20147,0,0,0.043678367512469694
1,20150,1,1,0.5677018465193826
1,20153,0,0,0.0006308458045754925
1,20156,0,0,0.021401309535857498
1,20175,1,1,0.9804627488497774
1,20177,0,0,4.33167572086503e-05
1,20180,0,0,0.00013283812272324314
1,20184,1,1,0.7346051075707428
1,20186,1,1,0.7554225833997541
1,20187,0,0,0.03689300310437887
1,20190,1,1,0.9769693299963821
1,20192,1,1,0.9364864575171479
1,20196,0,0,0.0010093453220485116
1,20199,1,1,0.7194589635625107
1,20203,0,1,0.8967112511654252
1,20204,0,1,0.7443692724835966
1,20208,0,0,0.03426873234962806
1,20209,1,1,0.6357931860944972
1,20212,0,0,0.3930367768331
1,20235,0,0,0.05429278530215196
1,20240,0,0,0.035447690948499436
1,20245,1,0,0.07836535521111522
1,20249,0,0,0.001548348445171712
1,20255,1,1,0.8667730288358904
1,20261,0,0,0.0009294811050440195
1,20262,1,1,0.8035575594296499
1,20264,0,0,0.0016256119413146717
1,20266,0,0,0.002805709405248328
1,20269,0,0,0.009590573416939842
1,20270,0,0,0.0008185468463255268
1,20283,1,1,0.9103330867366959
1,20288,0,0,0.0003277618867916512
1,20290,1,1,0.8193187252511922
1,20293,0,0,0.01303789257841133
1,20296,0,0,0.08084624892450194
1,20298,0,0,0.042479139111486694
1,20301,0,0,0.014737893958635893
1,20321,0,1,0.7296538325017091
1,20330,1,0,0.46865745825983907
1,20338,1,1,0.9415127266016775
1,20339,0,0,0.0006358343855431644
1,20357,0,1,0.6798722972598268
1,20364,0,0,0.004824820128541952
1,20371,1,1,0.9846428926862814
1,20377,1,0,0.14496314291404933
1,20378,0,0,0.4184949662285377
1,20379,0,0,0.22810949711842765
1,20401,0,0,0.014096869616061807
1,20402,1,1,0.9674170775073101
1,20408,1,0,0.3831498340859158
1,20413,0,0,0.009474461302989012
1,20414,0,0,0.005355067607247735
1,20428,0,0,0.04396836012804788
1,20431,0,0,0.21923230753477135
1,20434,1,0,0.07030475423138463
1,20437,0,0,0.06800077405107917
1,20443,0,0,0.0007041388475451101
1,20446,0,0,0.0036989663533191354
1,20455,0,0,4.111500567189509e-05
1,20458,1,1,0.9884968123811918
1,20460,0,0,7.45032845215916e-05
1,20461,1,1,0.7266775023280595
1,20462,0,0,0.0016308423833836109
1,20465,0,0,0.014793461068524614
1,20467,0,0,0.010007230675208222
1,20470,1,0,0.36785745780586887
1,20474,1,1,0.9172507720625444
1,20475,0,0,0.22589746303585345
1,20476,0,0,0.005288007650508009
1,20483,0,0,0.004870345604579971
1,20484,0,0,0.024341011682767238
1,20494,0,1,0.8719535672422395
1,20506,0,0,0.0018856889666477963
1,20530,0,0,0.009082012560337237
1,20533,0,0,3.566847316406256e-05
1,20538,0,0,0.22231428847459836
1,20540,1,0,0.440760564940406
1,20550,1,1,0.9974354558151589
1,20555,1,1,0.8886330852155566
1,20559,1,1,0.8609645436062304
1,20560,0,0,0.006439675745438396
1,20563,0,0,0.004932145042956312
1,20576,0,0,0.002153833577233513
1,20578,1,1,0.9899543511695083
1,20591,0,0,0.0001942867952870217
1,20594,0,0,0.4396229951145177
1,20597,1,0,0.0845023992800989
1,20599,1,1,0.9603632750664955
1,20600,0,0,0.3062804695959814
1,20601,0,0,0.00011053823516127856
1,20604,0,0,0.030129727270801907
1,20606,0,1,0.514597243920128
1,20617,0,0,0.05551906152372062
1,20621,0,0,0.4046895691711765
1,20622,0,0,0.036536707961648394
1,20624,0,1,0.6172250396331111
1,20643,0,0,0.0001334573510837656
1,20650,1,1,0.9407114822332344
1,20653,0,1,0.7123578702409269
1,20655,0,0,0.06524382422645604
1,20659,0,0,0.02047585293696327
1,20660,0,0,2.847537992998246e-06
1,20662,1,1,0.8464637748427001
1,20669,0,0,0.027938200941390906
1,20672,1,1,0.9945691332335248
1,20686,0,0,0.0002453535225568066
1,20689,0,0,0.001333648204221094
1,20691,0,0,0.014123526460865546
1,20692,0,0,0.019228904990823643
1,20694,0,0,0.018939092785210408
1,20702,0,0,0.4200745934891777
1,20709,0,0,0.08982679326088715
1,20712,0,0,0.032082171210971726
1,20719,0,0,0.002520714282039894
1,20731,1,1,0.9830063771194933
1,20732,1,1,0.9571214588083724
1,20734,1,1,0.9947325122440176
1,20736,0,0,0.00858653044070928
1,20741,0,0,0.11530506320249764
1,20743,0,0,0.001296083649859725
1,20744,0,0,0.16936069141210386
1,20749,1,1,0.9055135726077103
1,20754,1,1,0.9768039530179271
1,20759,0,0,0.00025581330164817565
1,20762,0,0,0.021379622394902334
1,20768,0,0,0.00018934210488580642
1,20775,0,1,0.7503430052530745
1,20779,1,1,0.9992173403827694
1,20780,0,1,0.6922420759940581
1,20782,0,0,0.024549423350212204
1,20784,0,1,0.8004416536035922
1,20792,0,0,0.31924214184640937
1,20793,0,0,0.0005032004536781752
1,20794,0,0,0.007749879874396473
1,20798,0,0,0.00021033479094146137
1,20799,1,1,0.6675878243820376
1,20801,0,0,0.0015244852677728411
1,20809,1,1,0.7858045039791216
1,20819,0,0,0.00444125092473064
1,20823,0,0,0.03369772277290503
1,20829,0,0,0.0007885826965298358
1,20831,0,0,3.181535378343926e-05
1,20851,1,1,0.8420780113279842
1,20852,0,0,0.0019446303881146103
1,20877,0,0,0.0024989873195264386
1,20885,0,1,0.9817621133531802
1,20887,0,0,0.20039878045348092
1,20890,1,1,0.9567729818780824
1,20893,1,1,0.9597142286745395
1,20894,0,0,0.030661923366168655
1,20899,0,0,0.012765646553087512
1,20905,0,0,0.22268321272972724
1,20907,0,0,0.0011139511682780466
1,20931,0,0,0.02103451301186032
1,20945,0,0,0.026125858582466892
1,20949,0,0,0.057031555559238334
1,20957,0,0,0.06192453037576788
1,20960,0,0,0.08604026770202235
1,20963,0,0,7.357367871948607e-05
1,20966,0,0,0.11553453696670972
1,20972,1,1,0.9047850248610487
1,20974,0,0,0.0004994164162106809
1,20975,0,1,0.9947741904775069
1,20984,0,1,0.5729243555467992
1,20986,1,1,0.8031932633307644
1,20990,0,1,0.5112142962944607
1,20994,1,1,0.9883486773844974
1,21000,0,0,0.00516195753320521
1,21001,0,0,0.4216939654210897
1,21009,0,0,0.00561942722717945
1,21012,0,0,0.24880532819092407
1,21020,0,0,0.006818155443460065
1,21028,0,0,0.01275362912934438
1,21031,1,1,0.984663931556913
1,21034,0,0,0.008668979178321688
1,21036,0,0,0.05388842774362949
1,21040,0,0,0.011569613573781324
1,21044,0,1,0.7462217758131477
1,21064,0,0,0.00018990785613471272
1,21076,0,0,0.018598975152477683
1,21080,0,0,0.008054244486259396
1,21083,0,0,0.0021913587850590673
1,21085,1,1,0.9786667410739677
1,21089,0,0,0.0265078719441716
1,21090,1,1,0.8674649688122728
1,21091,0,0,6.310674920369434e-05
1,21092,1,1,0.6559639369346468
1,21100,0,0,0.0028861202459101475
1,21103,0,0,0.00045524203979870894
1,21108,1,0,0.014577261902072022
1,21109,0,0,0.014684660108165905
1,21113,1,1,0.9629083947806556
1,21115,0,0,0.00026577977378035083
1,21122,0,0,0.058567674410069624
1,21124,0,0,0.00012078090631388977
1,21125,0,0,0.10740881061311651
1,21135,0,0,0.011539340383512089
1,21136,0,0,0.0058134191116219905
1,21143,0,0,0.05105306949303917
1,21145,0,0,0.008722412517235203
1,21152,0,0,0.3796442586147875
1,21159,0,0,0.00025301290250434464
1,21161,0,0,0.01890845837932422
1,21163,1,1,0.9032533893591793
1,21184,0,0,0.004039178046814042
1,21187,1,1,0.9826887223140364
1,21192,1,1,0.9873063418075815
1,21193,0,0,0.011771097232010188
1,21194,0,0,0.14949739537744444
1,21199,0,0,0.011855731425808412
1,21211,1,1,0.9862304164408506
1,21220,0,0,0.002227588231334125
1,21233,0,0,0.09616339659328578
1,21234,1,1,0.9718722996852102
1,21235,1,0,0.14677553338330457
1,21240,1,0,0.0839827969043221
1,21241,0,0,0.005218421395877956
1,21252,1,1,0.6937173901565533
1,21259,0,0,0.17248813184940953
1,21270,1,1,0.8963202075364638
1,21278,0,0,8.63218409736457e-05
1,21280,0,0,0.0021016672246633753
1,21294,1,0,0.3693470624043097
1,21295,1,1,0.8690624384955612
1,21297,1,1,0.74623768274523
1,21311,0,1,0.8150415134509871
1,21312,0,0,0.04291725245460454
1,21318,0,0,0.4772985418905389
1,21326,1,1,0.9482995835702894
1,21332,0,1,0.955859318349524
1,21334,0,0,0.00320990299381574
1,21343,0,0,0.13752129950125053
1,21345,0,0,0.2069960224838909
1,21348,1,1,0.8498643705805485
1,21354,1,1,0.9990232527926548
1,21358,0,0,0.0015761225335646516
1,21361,1,0,0.42145478311170687
1,21363,0,0,0.017668230733616026
1,21370,1,0,0.2164252466890725
1,21376,0,0,0.0017888886857330066
1,21383,1,1,0.9783551128099667
1,21384,0,1,0.8387370554463048
1,21385,0,0,8.225260761323993e-05
1,21392,0,0,0.42301949914011744
1,21398,1,1,0.5126454648864402
1,21399,0,0,0.0012978319826616332
1,21400,0,0,0.002584960742237191
1,21412,0,0,0.16668302752450673
1,21415,0,0,0.0004637215099538947
1,21428,0,1,0.6545231387124241
1,21432,0,0,0.0729219407233247
1,21449,0,0,0.0063486139953142125
1,21452,0,0,0.0013886136613448672
1,21453,0,0,0.05225503362186325
1,21459,0,0,0.22412820705770262
1,21461,0,0,4.651357347115658e-05
1,21464,1,0,0.41054037734299476
1,21466,0,0,5.418694368276087e-06
1,21467,1,1,0.8067659640937636
1,21474,0,0,0.14004898392483647
1,21478,0,0,0.026275958278041266
1,21480,1,1,0.7948968061383139
1,21483,0,0,0.008623686886159089
1,21485,0,0,0.018229182231330354
1,21488,0,0,0.03632382291508193
1,21489,0,0,0.03880803860428844
1,21491,0,0,0.4949413213446551
1,21504,1,1,0.704832030701712
1,21508,0,0,0.002841639556337202
1,21513,0,0,0.0019011735207746072
1,21518,0,0,2.6797721804563278e-05
1,21521,0,0,0.05076420787686772
1,21527,0,0,4.8190696841395836e-05
1,21529,1,1,0.6504637421383436
1,21530,0,1,0.6155300124714129
1,21531,0,0,0.0005352242043110716
1,21532,1,1,0.9810108645239146
1,21534,0,1,0.6395005360669164
1,21538,0,0,0.004438891171128157
1,21550,0,0,0.00035109811612951566
1,21554,1,0,0.33590962162620314
1,21559,0,0,0.0003930446313291972
1,21560,1,1,0.9837487497409201
1,21561,0,0,0.0008255370233856677
1,21562,0,0,0.009487551124877768
1,21565,0,0,0.10262838607919483
1,21571,0,0,0.0008574198347604645
1,21575,0,0,0.004814349701736388
1,21576,1,1,0.7857969604236495
1,21588,0,0,0.00012049815811730744
1,21590,0,0,0.0001391996263916906
1,21592,0,1,0.5091431235486583
1,21594,0,0,0.00021123109114320075
1,21595,0,0,0.015469088605885934
1,21598,1,1,0.95945393550856
1,21600,0,0,0.0005478616457501944
1,21601,1,1,0.9828114298707903
1,21604,0,0,0.32291003779124156
1,21605,0,1,0.9790064572103543
1,21615,0,1,0.7061559992965212
1,21619,0,0,2.0344102662138446e-06
1,21624,0,0,0.0017059708331952292
1,21626,1,1,0.9310357831327899
1,21634,0,1,0.5566735493548731
1,21636,0,0,4.203510961713649e-05
1,21639,0,0,0.027183025039406974
1,21641,0,0,0.00042550463987591473
1,21642,0,0,0.01626556649385467
1,21643,0,0,9.952021779334218e-05
1,21645,1,1,0.9082484783906916
1,21656,1,1,0.7339408552062058
1,21659,0,1,0.9774371241811046
1,21660,0,0,0.07321410956412977
1,21661,0,0,0.04540212246017228
1,21662,1,1,0.6773438437201247
1,21665,0,0,0.2862514909291422
1,21669,1,1,0.9297337866149777
1,21676,0,0,0.49229874456525996
1,21682,0,0,0.0006260286712021576
1,21688,0,0,0.003404349284560301
1,21690,0,0,0.05518816873556637
1,21693,1,1,0.6748014834709294
1,21698,0,0,0.2918171507337877
1,21724,0,0,0.0003613923161682797
1,21726,0,0,0.0006598759958708594
1,21730,1,1,0.9426020608717495
1,21736,0,0,3.820222978289379e-06
1,21747,0,0,8.89629162846904e-05
1,21748,1,1,0.917762968111586
1,21750,1,0,0.09678440510863069
1,21751,0,1,0.837620126910869
1,21763,0,0,4.841884899056641e-05
1,21769,0,0,0.05036814039346186
1,21774,0,0,0.04319497501422376
1,21775,0,1,0.9454522228979587
1,21777,1,1,0.9777485090574841
1,21784,1,1,0.92550766643589
1,21793,0,0,0.034095502585120785
1,21796,0,0,0.01329414407640081
1,21798,0,0,0.010158822598384144
1,21799,1,1,0.9660680592712702
1,21806,0,0,0.07269568657911694
1,21809,0,0,0.31833867865377885
1,21818,0,0,0.10225742326300614
1,21826,0,0,0.08752645118352938
1,21829,1,1,0.5675467245675193
1,21831,0,0,0.21932933574811078
1,21834,1,1,0.8302901721983832
1,21845,0,1,0.5421895185832445
1,21847,1,1,0.7166930609355007
1,21850,0,0,0.02733075074883449
1,21851,0,0,0.025544260603816593
1,21854,0,0,0.016305214927425427
1,21859,0,0,0.0009773094084544096
1,21861,0,0,0.0005102224367970376
1,21862,0,0,0.0039059415258422127
1,21878,1,0,0.49964732506021414
1,21879,0,0,0.08329608724008691
1,21883,0,0,0.003948381096843976
1,21890,0,0,0.0012445674728509095
1,21909,0,0,0.01239679767381497
1,21915,0,0,0.08653859863633331
1,21924,0,0,0.2689700359386473
1,21932,1,1,0.8946356187575829
1,21933,0,0,6.750613861959544e-05
1,21935,1,1,0.973454388410143
1,21947,0,0,0.08889484678176535
1,21956,1,0,0.40843052276464503
1,21959,0,1,0.5099821641345702
1,21964,1,1,0.7519994256850374
1,21971,0,0,0.4165150963373063
1,21975,0,0,6.4211452795661e-05
1,21976,0,0,0.175768539218027
1,21982,0,0,0.0007404840531612944
1,21983,0,0,2.667068892779113e-05
1,21985,1,1,0.9907117012863881
1,21989,0,0,0.1386861846800512
1,21997,0,1,0.7811095186327692
1,21998,0,1,0.9828926821388385
1,22002,0,0,0.00819665935885233
1,22017,0,0,0.003556050371614171
1,22020,0,0,0.49120975279880896
1,22028,0,0,0.039379895316340584
1,22031,1,1,0.9053547993697035
1,22033,0,0,0.0002709094133596695
1,22039,0,0,0.0023534615715239122
1,22049,1,1,0.9990650807899314
1,22051,0,1,0.9554443513217528
1,22057,0,0,0.008090710782258759
1,22061,0,0,0.2318157498884731
1,22075,1,1,0.8125831551901034
1,22084,0,0,0.0092894982364913
1,22085,0,1,0.6754927321247798
1,22092,0,0,0.017030797323826882
1,22102,0,0,0.010148753438993987
1,22106,0,0,0.019646872719557232
1,22113,0,1,0.5940830652299556
1,22117,0,0,4.291191202266097e-05
1,22120,0,0,0.0026511124572520728
1,22132,0,0,0.051976565063308604
1,22136,0,0,0.012902158299660342
1,22152,0,0,0.0014742127241799032
1,22154,0,0,0.026063298729397652
1,22159,0,0,0.12341807830790798
1,22176,0,0,0.001763071936479658
1,22193,0,0,0.044212652318970744
1,22197,0,0,0.0001834565641812684
1,22201,0,0,0.009247940077682726
1,22206,0,0,0.00679757267571923
1,22207,1,1,0.9322463274799576
1,22210,1,1,0.9596645676924123
1,22223,0,0,0.002593468000533799
1,22227,0,0,0.004989428332765462
1,22229,0,1,0.7792746760246325
1,22236,0,0,0.00411625639233126
1,22238,0,0,0.009809868045325201
1,22244,1,1,0.8015828506281842
1,22257,0,1,0.5439679031067051
1,22258,0,0,0.007058935135625697
1,22263,0,0,0.11245538243416192
1,22270,1,1,0.786598127498892
1,22274,1,1,0.5987959480344068
1,22281,0,0,0.22549950332313545
1,22293,1,1,0.9050440047902797
1,22295,1,1,0.9292645351219369
1,22297,0,0,0.002095759522045433
1,22298,1,1,0.9918407781762977
1,22304,1,1,0.9890053088804869
1,22305,1,0,0.1850023888450742
1,22309,0,0,0.010794661117275749
1,22312,0,0,0.0005060250075202144
1,22316,0,0,0.025105057749693644
1,22326,0,1,0.5375187949438489
1,22328,0,0,0.005585949292173453
1,22330,0,1,0.6107042296067796
1,22338,0,0,0.0022531823812015606
1,22355,1,1,0.8001281951188794
1,22358,1,1,0.974198070525058
1,22361,0,0,5.5789058294447514e-05
1,22364,0,0,0.05943852365474845
1,22366,1,1,0.9769291486607475
1,22367,1,1,0.9847971638147857
1,22368,0,0,0.0005538257814197421
1,22369,1,0,0.07385376819845278
1,22375,1,0,0.29980298699362123
1,22378,0,0,0.0022076641211837035
1,22389,0,0,0.18262425178995945
1,22390,0,0,0.16724849016591595
1,22392,0,0,0.126968654449689
1,22395,0,0,0.12469102180110367
1,22400,0,0,0.14433894658702515
1,22405,0,0,0.3158492235138624
1,22408,0,0,0.12909362891103301
1,22417,0,0,0.0002477473875329352
1,22426,0,0,7.043513786288526e-05
1,22430,1,1,0.8806417696518702
1,22432,0,0,0.0017473342811749207
1,22441,0,0,0.08162389218346813
1,22444,1,0,0.061664773958822174
1,22451,0,0,0.05970477373177412
1,22452,1,0,0.033754177875724496
1,22455,1,1,0.5873876470860943
1,22463,1,0,0.044637737918485326
1,22469,0,0,0.041145272465760885
1,22471,0,0,0.007292563634790209
1,22475,1,1,0.8744174723739051
1,22480,1,1,0.7552984650355157
1,22483,0,1,0.9303268722529435
1,22489,0,0,0.07637149489611805
1,22502,0,0,0.001880957830059902
1,22513,0,0,0.0007722321009096924
1,22516,0,0,0.0006789440972707048
1,22522,1,1,0.7282973229590335
1,22527,0,0,0.011495861100183604
1,22529,0,0,0.06768841500737684
1,22535,0,0,0.17819908818321945
1,22542,0,0,0.021118807193924987
1,22543,1,1,0.7997104910044057
1,22544,0,0,0.0008770111474419377
1,22562,0,0,0.11294822149950588
1,22563,0,0,0.19879765554602913
1,22578,1,0,0.2809910756252293
1,22581,0,1,0.6569019910044872
1,22591,0,1,0.8080909637249193
1,22600,0,0,0.16258692419081375
1,22605,0,0,0.00437007149183186
1,22609,0,0,0.00019717528391486195
1,22618,1,1,0.7680847685429742
1,22622,1,0,0.03612712998426887
1,22626,0,0,0.050533669006419576
1,22631,1,1,0.9097097323854139
1,22637,0,0,0.009204705252225946
1,22638,0,1,0.5846032751099388
1,22647,0,0,0.3612439373288844
1,22652,1,1,0.7039317660257159
1,22654,0,0,0.07218413792026587
1,22661,0,0,0.25867264132184375
1,22673,0,0,0.00834365020701482
1,22676,0,0,0.18967752538414245
1,22685,1,0,0.47054803775649634
1,22690,0,0,0.0016178654412095873
1,22691,0,0,0.0001397666100479704
1,22704,1,1,0.8720435535754958
1,22709,1,1,0.9178012555934119
1,22710,0,1,0.94641013887182
1,22711,0,0,0.00018090135548648128
1,22735,0,0,0.14366427021851264
1,22742,0,0,0.005315779141867282
1,22744,0,0,0.14025820441719117
1,22746,1,1,0.9885164480672038
1,22748,0,0,0.43795286097034963
1,22750,0,0,0.001864175942389113
1,22753,0,0,0.027917551896322623
1,22765,0,0,0.004459948717627514
1,22771,0,1,0.734200767031737
1,22774,0,1,0.8896107259497653
1,22777,0,0,0.4322633251916845
1,22778,0,0,0.0051840649064389495
1,22782,0,1,0.5334207846686339
1,22791,0,0,0.0004004038861552556
1,22794,0,0,0.000942298861307015
1,22807,0,0,0.10279855716816538
1,22808,0,1,0.6012779182043273
1,22810,1,1,0.6346195792818122
1,22813,0,0,0.00018788957210414062
1,22815,0,0,4.362025502621711e-05
1,22830,0,0,0.01043289400751201
1,22833,0,0,0.005582670612547667
1,22841,0,0,0.48377933334185474
1,22843,1,1,0.7668875550583716
1,22845,0,0,0.020386803587808724
1,22846,0,0,0.046007291273040776
1,22870,0,0,0.008586596570103683
1,22874,0,0,0.0005647299882959441
1,22878,1,0,0.42859459558296426
1,22881,0,0,0.008504338507824161
1,22888,0,0,0.2645606800947673
1,22891,1,0,0.018196283207221317
1,22894,0,0,0.001683335612687177
1,22896,0,0,0.2771768368160503
1,22906,0,0,0.053015575031750896
1,22908,0,0,0.02188505330784441
1,22915,0,0,0.005470676855400566
1,22924,0,0,0.2381632724889321
1,22926,0,0,0.1272096320880222
1,22927,0,0,0.00032869261306438794
1,22930,0,0,0.0008194582659782245
1,22937,1,0,0.11617689046955557
1,22943,1,1,0.9101936481408333
1,22945,0,0,0.041284563672622954
1,22949,0,1,0.5190197283621003
1,22952,0,0,0.00446842345641938
1,22958,1,1,0.6742807507671835
1,22971,0,0,5.241788787621103e-05
1,22972,0,0,5.9966496308736955e-05
1,22981,0,0,0.004359539736130654
1,22989,0,1,0.5401730731398895
1,22991,0,0,5.919259126896514e-05
1,22992,0,0,0.05216931354999387
1,22997,0,0,5.799679167070804e-05
1,23004,0,0,0.0023359482858624206
1,23016,0,0,0.003393971418373488
1,23019,0,0,0.011310297598774773
1,23025,1,1,0.9910791700859565
1,23027,0,0,0.00020245566525838236
1,23029,0,0,0.00031069683471959494
1,23032,0,0,0.00027103043890857085
1,23043,1,0,0.19580001747741033
1,23044,0,0,0.09546630900068859
1,23050,0,0,0.0010066836483820871
1,23056,0,0,8.915482381019737e-05
1,23059,0,0,0.024186843036174188
1,23060,0,0,0.003535888501089357
1,23063,0,0,0.3102055723496168
1,23069,0,0,0.276823863528279
1,23074,0,0,0.0005811324534555702
1,23079,0,0,0.004901294275037421
1,23082,1,1,0.677493446695937
1,23085,0,0,0.04367016134902831
1,23086,0,1,0.6513853887336662
1,23089,0,0,0.04984545663446115
1,23090,0,0,0.00020930622638827174
1,23105,0,1,0.9839247326273665
1,23113,0,0,0.004167673160793615
1,23115,1,1,0.9004490622405369
1,23120,1,0,0.33805241211383935
1,23122,0,0,0.013053213123539936
1,23123,0,0,0.039871407650925846
1,23125,0,0,0.000548738489918883
1,23135,0,0,0.027143321801755434
1,23143,0,0,0.0009720338894901285
1,23144,0,0,0.00021685651649796435
1,23146,0,0,0.00570442534222642
1,23148,0,0,0.0016882311416446833
1,23151,0,0,0.0016609773727456546
1,23152,0,0,0.000321104157312096
1,23153,0,1,0.5295509094356969
1,23154,0,0,0.00046560682002146927
1,23157,0,0,0.010965688060640886
1,23159,0,0,0.10278807912499857
1,23166,0,0,0.004288787187912632
1,23168,0,0,8.889523337035616e-05
1,23169,0,0,0.06386762771796246
1,23174,1,1,0.9969489780644583
1,23175,0,1,0.7513743138238063
1,23179,0,0,5.605215560728322e-05
1,23180,0,0,0.04614955413891332
1,23184,0,0,0.00029364040238918324
1,23186,0,1,0.5718214595220438
1,23192,0,0,0.2831057175016972
1,23201,0,0,0.00014650440134810475
1,23206,0,1,0.7806963130772749
1,23211,0,0,0.006422254144525686
1,23212,0,0,0.0002208670833240718
1,23219,0,0,0.04296892973460776
1,23223,0,0,0.004919753778834267
1,23229,0,0,0.0030360300047289476
1,23237,0,0,0.20573134105963015
1,23241,0,1,0.9488213858368935
1,23242,0,0,0.09451614674173858
1,23243,1,1,0.9956483528528957
1,23244,0,0,0.020756310538900546
1,23253,0,0,0.0376697422202463
1,23256,1,1,0.6336668486129805
1,23257,0,0,0.02685975278741899
1,23259,0,0,0.0871905596050637
1,23264,1,1,0.5362568800206962
1,23266,0,0,0.0016654080499936324
1,23267,0,0,0.39356278076570883
1,23270,0,0,0.055099446584482285
1,23271,0,0,0.04073513100332549
1,23272,0,0,0.1800739153542987
1,23275,0,1,0.7422412689101495
1,23281,1,1,0.6089671829093708
1,23286,1,1,0.8520263284802183
1,23288,0,1,0.9302238314537162
1,23295,0,0,0.07717371875469865
1,23297,0,0,0.04959052269263612
1,23305,0,0,0.00017387652876450012
1,23316,0,0,0.0011663477148800112
1,23324,0,0,0.0052405326887889
1,23327,1,1,0.9864456132497083
1,23332,0,0,0.08785706756349741
1,23333,1,1,0.8936433546716428
1,23334,1,1,0.9306325192604684
1,23338,0,0,0.04024446251060374
1,23341,0,0,0.005549824082296585
1,23342,1,1,0.7582563292668677
1,23347,0,0,0.011699028637141897
1,23348,0,0,0.0038471970083386693
1,23351,1,0,0.19745306395572615
1,23357,1,1,0.5237790911051884
1,23359,0,0,0.0011681810096383976
1,23362,1,0,0.10990257293481956
1,23366,0,1,0.683343985761991
1,23370,0,0,0.03347667582409628
1,23371,0,0,0.3344588962743497
1,23372,0,1,0.6751700871278634
1,23373,0,0,0.002304592287191101
1,23375,0,0,0.13775911640985622
1,23377,0,1,0.9653265055169243
1,23378,1,0,0.3732914346222596
1,23381,1,1,0.8591852220273121
1,23388,0,0,0.018118643173110374
1,23391,0,0,0.019774847683187165
1,23393,1,1,0.9964467287596842
1,23396,0,0,0.001396204763740796
1,23397,0,1,0.8745385256054666
1,23399,1,1,0.9709210694908958
1,23403,0,0,0.002704804942058092
1,23420,0,0,0.0015954021079390974
1,23424,0,0,0.005711591685036993
1,23426,0,0,0.25061747080046803
1,23427,0,0,0.00018894401743650455
1,23428,1,0,0.07237275314472646
1,23436,0,0,0.0003821099429945671
1,23443,0,0,0.11424793843755716
1,23458,0,0,0.03449232978836209
1,23462,0,0,0.07428862432249772
1,23464,0,1,0.843838600279803
1,23467,0,0,0.09862094394577481
1,23469,0,1,0.5914246917143116
1,23470,0,0,0.37516739983756886
1,23473,0,0,0.0020996685412704593
1,23479,0,0,0.027544585136405855
1,23480,0,0,0.014195104193402393
1,23488,0,0,0.055485874506978894
1,23492,0,1,0.518974156482584
1,23494,0,0,0.007337690989150335
1,23504,1,1,0.9882624943355578
1,23505,0,1,0.9683894613602374
1,23509,1,1,0.8169066616605267
1,23522,1,1,0.6457133291408107
1,23524,0,0,0.16915139617476024
1,23534,0,0,0.006178198965087254
1,23537,0,0,0.05286387661946995
1,23541,1,0,0.21188922188269174
1,23547,0,0,0.00316511751387536
1,23548,0,0,0.0003654603464144107
1,23550,0,0,0.04561931242722462
1,23551,0,1,0.918752828851804
1,23556,1,0,0.0011539603698043314
1,23557,0,0,0.16328244089390753
1,23571,0,0,0.0027644689680636956
1,23574,1,1,0.9578827111452985
1,23585,0,0,0.03372015018225699
1,23587,0,1,0.6364614948302216
1,23593,0,0,0.00462542073148998
1,23599,0,0,0.4184552569685933
1,23602,0,0,0.00280191099887338
1,23603,0,0,0.0020088178946061803
1,23604,0,0,0.0027482262735117197
1,23616,0,0,0.00354903522105614
1,23617,0,0,0.02661964520014384
1,23620,0,0,0.00027611724772292565
1,23624,0,0,0.11185839578145629
1,23626,1,1,0.8731455982802814
1,23631,0,0,0.1834952114485943
1,23635,1,1,0.9942836608094395
1,23652,0,0,5.3628901608902035e-06
1,23656,0,0,0.008206819553520336
1,23659,0,0,0.005470650179160387
1,23663,0,0,0.013531821967563166
1,23670,0,0,0.03451137186812514
1,23676,0,0,0.05062616930579729
1,23679,0,0,0.08688989248284483
1,23683,1,1,0.9532042258189548
1,23686,0,0,0.21959084786924643
1,23687,0,0,0.023590960358834435
1,23699,0,0,0.014033709206683578
1,23704,0,0,0.04775429746728894
1,23707,1,1,0.574237774043176
1,23709,0,1,0.5252130569325106
1,23710,0,0,1.2887625046139487e-05
1,23715,0,1,0.6391936334235527
1,23717,0,0,0.004815770119006869
1,23718,1,1,0.8557560830145803
1,23721,0,0,0.170404769149997
1,23734,0,0,0.0148718083101741
1,23738,0,0,0.20307726201930415
1,23742,0,1,0.5791544372778977
1,23752,0,1,0.972359462844903
1,23772,0,0,0.02021660901369683
1,23778,0,0,0.4579928046302245
1,23780,0,0,6.738226069460054e-05
1,23782,1,1,0.9056183672108662
1,23786,0,1,0.8981392595083307
1,23787,0,0,0.0017550056616767909
1,23791,0,0,0.000565912811089391
1,23799,0,0,2.180969689536753e-06
1,23812,0,0,0.00017495816284895168
1,23817,0,0,6.299422604659889e-05
1,23821,1,1,0.9689994721999035
1,23825,1,1,0.984752898690406
1,23837,1,1,0.7859654117573515
1,23846,0,0,0.0038456118327637374
1,23850,1,1,0.6240087416233961
1,23852,1,1,0.7614617466488738
1,23866,0,0,0.07871387276408218
1,23870,1,1,0.9264294144679363
1,23874,0,0,0.010355779672244214
1,23888,0,0,0.29908588591705443
1,23890,0,0,0.003170532361148723
1,23894,0,0,0.009181915154197418
1,23896,0,0,1.0057539468679533e-05
1,23906,0,0,0.00264597192920591
1,23907,0,0,0.01774244160147369
1,23909,0,0,0.0890926818249671
1,23910,1,0,0.3012226055365063
1,23916,1,1,0.9660515682006169
1,23922,0,0,0.03750682740133296
1,23924,0,0,0.4354465110910992
1,23925,0,0,0.2600003139047319
1,23935,0,0,0.00019226202275168228
1,23946,1,1,0.6398069269588923
1,23948,1,1,0.8730005096803506
1,23956,1,1,0.9969427452153722
1,23959,0,0,0.353891517450263
1,23973,0,0,0.0036039297720323314
1,23977,0,0,0.4730624440188265
1,23978,0,0,0.002653619653861189
1,23979,0,0,0.10747948083656307
1,23989,0,0,0.013113051623611902
1,23991,0,1,0.5142946411765553
1,23996,0,0,0.00045591343009849605
2,3,1,1,0.5316364328084534
2,4,1,1,0.9842243487075394
2,28,0,0,0.0075592477540336765
2,31,0,0,0.011515568207835523
2,39,0,0,0.37873204018127027
2,42,0,0,0.0008413143473556353
2,68,0,1,0.662590709430566
2,73,1,0,0.360808065481706
2,81,0,0,0.00011328966723737252
2,84,0,0,0.004626851351364787
2,93,0,0,0.01805680383687801
2,96,1,1,0.9752663050135492
2,100,0,0,0.46229079046582255
2,103,0,1,0.8198390077976093
2,105,0,0,0.0012685862430800276
2,107,0,0,0.00048145444887951567
2,108,1,1,0.9913798024820256
2,114,0,0,5.006167500883513e-05
2,119,0,0,0.16143986662718698
2,120,1,1,0.6564775778472326
2,122,0,1,0.9334063184560776
2,123,1,1,0.8763973223252344
2,124,0,0,0.0038226361534090965
2,127,1,0,0.43346629737078685
2,129,0,1,0.7866522781971038
2,130,0,0,1.840503328535814e-05
2,138,0,0,0.002596252986367552
2,147,0,0,0.0003355938347208446
2,155,0,0,0.0005486633744137212
2,157,0,0,9.834330851213724e-05
2,161,0,1,0.7945861045997287
2,177,0,0,0.020527692327882832
2,186,0,1,0.5398166599182457
2,193,0,0,0.2990615354955896
2,194,0,0,0.08637418903877818
2,197,0,0,0.45502546201102084
2,201,0,1,0.8486864655766728
2,208,0,0,0.013858035296611667
2,210,0,0,0.25793028798909434
2,214,0,1,0.6661469242203644
2,219,0,0,0.010333110884910967
2,222,0,0,0.00804426233221314
2,224,0,0,0.014131534122540434
2,227,0,0,0.00397759835817308
2,233,0,0,0.1029543049572373
2,234,0,0,4.6098368103112266e-05
2,236,0,0,0.21857298952670057
2,237,1,0,0.2895203600084447
2,243,0,0,0.4332301399909052
2,251,0,0,0.006423301753340016
2,255,0,0,0.0018356402556571883
2,256,0,0,0.0007170851459646437
2,262,0,0,0.002026749382169585
2,268,0,1,0.9141832400360668
2,271,0,1,0.5282187225852908
2,274,0,0,0.45068203271145924
2,287,0,0,0.00011877997809910118
2,307,1,1,0.9822157910750805
2,308,0,0,0.007233662677506334
2,313,0,0,0.022742170595560926
2,325,1,1,0.9363519259492203
2,330,1,1,0.994469596358164
2,342,0,0,0.008415456908632445
2,351,0,0,0.0002693532875394274
2,362,0,0,0.0026964365439105732
2,363,1,1,0.6845114368190941
2,365,0,0,0.018891162174739545
2,368,0,0,0.039423935904614744
2,371,0,1,0.8194985292082474
2,375,0,0,0.00023088380054735362
2,376,0,0,0.31859214246359285
2,383,0,0,0.03191172746703491
2,392,0,1,0.7016086986038917
2,397,0,0,9.791574006028366e-05
2,405,0,0,0.007073576749045582
2,411,0,0,0.04999845089581943
2,412,0,0,0.00026198142295868484
2,413,1,1,0.9263303721857133
2,417,0,1,0.554927159706694
2,423,0,0,0.0004551508024059933
2,431,0,0,0.000464537745553179
2,435,0,0,0.3184661875590666
2,438,0,0,0.06269639117939653
2,445,0,0,0.1066277728780896
2,449,0,0,0.0030509291374245743
2,451,1,1,0.7172972744817745
2,459,1,1,0.965994192848519
2,461,0,1,0.5258308732394721
2,463,0,0,0.08121082697772172
2,464,1,0,0.25258722072429485
2,468,0,0,0.00027783379444259494
2,469,0,1,0.5732483654854214
2,471,0,0,0.033365517326721154
2,472,0,0,0.0010694859600367125
2,474,0,0,5.35307317007962e-05
2,481,0,0,0.013416506150159936
2,488,0,1,0.8994299480087038
2,494,0,0,0.32956195793094706
2,497,0,0,0.011519592718102918
2,502,1,1,0.9879823127199924
2,503,0,1,0.8261581359256104
2,508,1,0,0.03356671237382869
2,512,0,0,0.005004187651827953
2,516,0,0,0.010123220524001022
2,517,0,0,0.0345493161262578
2,522,0,0,0.0002868129975177719
2,530,1,1,0.89926864746471
2,534,0,0,0.00040184204807566126
2,536,0,0,0.0030276246765530124
2,542,0,0,0.002697252676756366
2,548,0,0,0.09091090482467996
2,556,0,0,0.0034199491274280614
2,565,0,0,0.032998966606683035
2,569,0,0,0.0015147011296951238
2,570,0,0,0.005866744218439482
2,580,0,0,0.0001000915758752148
2,582,0,0,4.1976180094779255e-06
2,583,1,1,0.8791934729468999
2,586,0,0,0.14280066747411702
2,587,0,0,0.0058598651289463784
2,589,0,0,0.38378670056037717
2,600,0,0,0.03071814655476092
2,601,0,0,0.000289643872182743
2,606,1,0,0.43543050142572126
2,611,1,1,0.9928374514402473
2,616,1,1,0.9252043101688711
2,623,0,0,9.892048927615612e-05
2,639,0,0,0.011509647749879864
2,641,0,0,0.013985980037970903
2,647,1,1,0.9326427767164026
2,651,1,1,0.9569863815090496
2,654,0,0,0.0002636742596830845
2,666,0,0,0.000332546320083698
2,668,0,0,0.021201600604467016
2,671,0,0,0.0038285671746954007
2,674,1,0,0.04268639011264072
2,679,0,0,0.43504859872517976
2,680,1,0,0.34731870387275393
2,681,0,0,0.07141752820984625
2,682,0,0,0.0007803623420823225
2,683,0,0,0.015508149301708584
2,684,0,0,0.004815141571495627
2,704,0,0,2.5884790369293408e-05
2,706,0,0,0.36285680105142504
2,709,0,1,0.7331522455670049
2,715,0,0,0.49668103222962917
2,722,0,0,0.3776823001337553
2,723,1,0,0.022129088313598295
2,724,1,1,0.7245982392716527
2,726,1,1,0.8165507336784751
2,727,0,0,0.027896357087026452
2,729,0,0,0.0005246631018942261
2,731,0,0,0.024372049467674715
2,737,0,0,0.06996498527206724
2,740,0,1,0.6385755629004647
2,747,0,1,0.7163658420748585
2,749,0,0,0.0002327916595214332
2,751,0,0,0.0458790965700445
2,755,0,0,0.28014886905883957
2,756,0,0,0.2465389468277674
2,759,0,1,0.7962080120653947
2,767,1,1,0.8387757289253682
2,772,0,0,0.0011892880289710909
2,776,1,1,0.88214473497907
2,779,0,0,0.0034398240128593327
2,784,0,1,0.8282878528631197
2,791,1,0,0.21633148709619696
2,794,0,0,0.004204153814843958
2,813,0,0,0.2519549005238034
2,814,0,0,0.00021835407383988685
2,831,0,0,0.06106855270734772
2,837,0,1,0.7899730475102915
2,838,0,0,0.17007770193217825
2,841,0,0,0.002686629138318512
2,843,0,0,0.09161344932300174
2,845,0,0,0.0005209256005225506
2,854,0,0,0.49460598010901213
2,857,0,0,0.025211260262327218
2,860,1,1,0.9989544941579526
2,862,0,0,0.054854780110426035
2,863,0,0,0.02076403294605277
2,864,0,0,0.0013893089727234239
2,868,0,0,0.00035271936669539376
2,869,0,0,0.40716851601118675
2,874,1,1,0.5234062963177263
2,876,0,0,1.9817281134890863e-05
2,881,0,0,0.003785815206460635
2,894,0,0,0.021213106733682742
2,904,0,0,0.0029968013756763914
2,910,0,0,0.025470307258228426
2,925,0,0,0.002751566572438125
2,941,0,0,3.784822952346498e-06
2,947,0,0,0.013440314883146101
2,949,0,0,0.11561560408889764
2,951,0,0,0.0027443873542866426
2,955,0,0,0.001158278406933405
2,967,0,0,0.02711296258709156
2,974,0,0,4.829796022743537e-05
2,976,1,1,0.8257094847940134
2,984,0,0,0.0008192102797613532
2,994,0,0,0.0023964858476550666
2,995,0,0,0.00022012838511292947
2,1010,0,0,0.12733488554775002
2,1013,0,0,0.04319767666770795
2,1018,0,0,0.0002977867895925737
2,1021,0,0,0.00037404517620147224
2,1023,1,0,0.03438243940227077
2,1024,0,1,0.9070704814069197
2,1027,0,0,0.008938082853389125
2,1031,1,1,0.8860858048707355
2,1032,1,1,0.9458457641195049
2,1033,0,0,0.002271333509119932
2,1039,0,0,0.04287988543058116
2,1051,0,0,0.0004954667858929195
2,1055,0,0,0.006477587822930822
2,1056,0,0,0.013270973722943766
2,1057,0,0,0.012052328654974206
2,1060,0,0,0.2103565375575254
2,1061,1,0,0.011611269301714893
2,1064,1,0,0.15051334944566125
2,1070,0,0,0.00044137718121042157
2,1076,0,0,0.023851408133633102
2,1082,0,0,0.028102113509676677
2,1100,0,0,0.012376882716676871
2,1107,1,0,0.4365855519226623
2,1120,1,1,0.8099885036616291
2,1122,0,0,0.00029358161123959497
2,1130,1,1,0.9834898681439764
2,1137,0,0,0.0015596032345692199
2,1139,0,0,0.2226698862204751
2,1141,1,1,0.9840481409092154
2,1154,0,0,0.0009149408255340476
2,1156,1,1,0.692549524979778
2,1159,0,0,8.039218094325807e-05
2,1171,1,1,0.7908213914503782
2,1173,1,1,0.7666928595518218
2,1177,1,1,0.9730259716452224
2,1183,1,1,0.7804015555149463
2,1186,1,0,0.3741592320785911
2,1192,0,0,0.00014086546272400899
2,1193,1,1,0.8225733443242208
2,1198,0,0,0.25768892236927404
2,1199,0,0,2.025744841174281e-05
2,1202,0,0,0.045038522911494704
2,1205,0,0,0.11927134875424066
2,1212,0,0,0.31329335836964856
2,1216,0,0,0.18443944484439587
2,1222,0,0,0.0011478852888844849
2,1223,0,0,0.006127577079385941
2,1228,0,0,0.004820198373497566
2,1238,1,1,0.9795107422398425
2,1250,0,0,0.10315869367224133
2,1259,0,0,0.36298392731787527
2,1264,0,0,0.00044589278265931613
2,1268,0,0,0.0002510990548417193
2,1278,0,0,0.007883166308998485
2,1286,0,0,0.0008106628570300945
2,1293,0,0,0.2683081435245256
2,1297,0,0,0.0013432920422782539
2,1300,0,0,0.0006789737915781429
2,1302,0,0,0.09133336734103686
2,1312,0,0,0.0006631138309805747
2,1321,0,0,0.0012850625851553539
2,1326,0,1,0.8575286594545566
2,1331,1,1,0.7615978108750835
2,1332,0,0,0.02865043949605614
2,1333,0,0,0.0024549872381824625
2,1335,0,0,0.00024307060073496778
2,1340,0,0,0.18396157804358715
2,1347,0,0,0.003832420353140446
2,1354,1,1,0.8332790239975874
2,1360,0,0,0.018039408649455003
2,1368,0,1,0.5372208611175894
2,1378,0,0,0.3626526696020086
2,1387,0,0,0.13706703829383984
2,1389,0,0,0.0034079444940167992
2,1391,0,0,8.40718477420676e-05
2,1392,0,0,0.014367662640053477
2,1394,0,0,0.00820173817959146
2,1406,0,0,8.940951381362208e-06
2,1413,0,0,0.00020370573431814445
2,1417,0,0,0.0023036447717972564
2,1419,0,0,0.02150149654929298
2,1426,1,1,0.8848406874784541
2,1427,1,0,0.14899576147618682
2,1429,0,0,0.000472052732135053
2,1431,0,0,0.0012745319215947235
2,1437,0,0,0.1210621570512521
2,1443,0,0,0.0016966195503213444
2,1460,1,1,0.5169046799397746
2,1462,0,0,0.0002548083667505104
2,1464,1,0,0.017397425615104246
2,1471,0,1,0.7783071763225142
2,1475,0,0,0.003138411069767161
2,1476,0,0,0.02330075420863917
2,1479,1,1,0.9905225050379305
2,1492,0,0,0.00013792686536377418
2,1497,1,1,0.5235555270726944
2,1499,1,1,0.834207285178373
2,1505,0,0,0.202421561522696
2,1510,0,0,0.309635289903369
2,1512,0,0,0.04211339548030586
2,1513,0,0,0.0033890279788666377
2,1516,1,1,0.9739881408733773
2,1520,0,0,0.037045441979720005
2,1531,0,0,0.4708369884842139
2,1534,1,1,0.7158370607265744
2,1536,0,0,0.02719319121950098
2,1543,1,0,0.09854565820954195
2,1563,0,0,0.006431453821676626
2,1582,0,0,0.07872200967605868
2,1584,0,0,0.4835711474920302
2,1586,0,0,0.15984622434971238
2,1587,1,1,0.9639759190618743
2,1588,0,0,0.005181483610959476
2,1589,0,0,0.011907806055417622
2,1593,1,1,0.978914710505838
2,1594,0,0,0.024043150508898995
2,1597,1,1,0.9662951553092316
2,1601,0,1,0.9102177735327424
2,1602,0,0,0.005152545162279418
2,1605,0,0,0.26204474044722154
2,1607,0,0,0.004334977850655315
2,1609,0,0,0.25349918173221986
2,1611,0,0,0.0874218593638422
2,1615,0,0,0.1984094795819997
2,1627,0,0,0.32831504549217394
2,1634,1,0,0.3863575822480394
2,1635,0,0,0.06317415033007463
2,1644,0,0,0.0016670984840965147
2,1645,0,0,0.4909242072098397
2,1646,0,0,0.0022090618535683913
2,1647,0,0,0.025607887701456812
2,1653,0,0,0.16149188985430316
2,1655,1,0,0.039876394383993416
2,1664,1,1,0.794211381695008
2,1674,1,1,0.9713985050160866
2,1678,0,0,0.012519920525117762
2,1691,0,0,0.03693740347873599
2,1699,0,0,0.325520713906735
2,1700,1,1,0.9768392406713238
2,1701,0,0,0.0005973123001593787
2,1712,1,0,0.12735320753138812
2,1714,1,0,0.07106191702901114
2,1719,0,0,0.0065213875565552715
2,1720,0,0,0.031175931792811147
2,1733,0,1,0.5685634189950336
2,1738,0,0,0.007895085924291969
2,1751,0,0,8.540363600159467e-05
2,1760,0,0,0.00031782092571557886
2,1763,0,0,0.10272911270917717
2,1767,0,0,0.07548045006153824
2,1770,0,0,0.02522730717826454
2,1778,0,0,0.015625283810656313
2,1783,0,0,0.033793651011023544
2,1785,0,0,0.0625932827022603
2,1789,0,0,0.0011268530588575943
2,1791,1,0,0.03032618559901105
2,1814,0,0,0.00023599567949636664
2,1816,0,0,0.0033408564537302015
2,1819,0,0,0.00019879513934404076
2,1823,0,0,0.0007878702005657444
2,1828,0,0,0.015100087766929277
2,1831,0,0,0.0011395795650841253
2,1839,0,0,0.00026644400830578673
2,1843,0,0,3.0112201701655e-05
2,1846,0,0,0.0411584527154753
2,1851,0,0,0.009784700032774951
2,1852,1,1,0.7056660379649813
2,1862,1,0,0.4763954936547148
2,1866,0,0,0.010357256762876896
2,1873,0,0,0.0011609927577258831
2,1875,0,0,0.003152144893082695
2,1894,0,0,0.11018104416788516
2,1903,0,0,0.008850309750053674
2,1907,0,0,0.019602967524272187
2,1911,1,1,0.9297873180651289
2,1918,0,0,0.007067180085453272
2,1921,0,0,0.0018093929320359783
2,1930,0,0,0.073122331538714
2,1932,0,0,7.34670954180768e-05
2,1942,1,1,0.7698282409001114
2,1951,0,0,0.004449219870233113
2,1952,1,0,0.4230434549187244
2,1953,1,0,0.2660737563461984
2,1957,0,0,0.006484544955922298
2,1967,0,0,0.0994390860981049
2,1977,0,0,0.24533385037714237
2,1980,0,0,0.0003176446429705979
2,1982,0,0,0.4659669291664478
2,1985,0,1,0.8349678429780444
2,1986,1,1,0.6769583993379242
2,1991,0,0,2.6231054081409642e-05
2,1998,0,0,0.09331950069620093
2,2020,0,1,0.8808702279287209
2,2021,0,0,0.3752780076965974
2,2023,0,0,0.010536471962100735
2,2026,0,0,0.1267441787048915
2,2027,1,1,0.9403677328345681
2,2029,0,0,0.014129586844155762
2,2035,1,1,0.8599318510371687
2,2041,0,0,0.24025835226737977
2,2044,0,0,0.002964846259213964
2,2050,0,0,0.26395654063280527
2,2054,0,0,0.09288070611610331
2,2062,0,1,0.8815564395027551
2,2067,0,0,0.000804663973514105
2,2070,0,0,0.04584711058340259
2,2075,0,0,0.1272637552418333
2,2076,0,0,0.25602567270517046
2,2091,0,0,0.0907396899845028
2,2095,0,0,0.025742541558086498
2,2097,0,0,2.3089122393098774e-05
2,2098,1,0,0.16331617305204835
2,2099,0,0,0.06774654748318602
2,2101,0,0,0.0023291867177863902
2,2102,0,0,0.14590591996721622
2,2106,0,0,0.009318411599127673
2,2107,0,0,0.005923284822872843
2,2116,0,0,0.14197110127913024
2,2128,1,1,0.8888928597982294
2,2130,0,0,0.03060830167156998
2,2132,1,1,0.8678103458143173
2,2140,0,1,0.8333345681647925
2,2141,0,0,0.0005290432840017582
2,2145,0,0,0.08798132088009997
2,2149,0,0,0.004654085065856789
2,2157,0,0,0.10524727812588022
2,2166,0,0,0.030082335627060888
2,2169,0,0,0.04978207629949971
2,2176,0,0,0.00942067017375654
2,2180,0,0,0.03405547695303019
2,2185,0,0,0.005957722759565496
2,2192,0,1,0.893867550827628
2,2194,0,0,0.38850659500096446
2,2195,1,1,0.9916260475408513
2,2198,0,0,0.049041234444254705
2,2199,1,1,0.7221218052903529
2,2201,0,0,0.28795398896768487
2,2202,0,0,0.026771410144616568
2,2206,0,0,0.14089600240127717
2,2210,0,0,0.00914405988372269
2,2212,0,0,0.006990661784148141
2,2214,0,0,0.3164582562848431
2,2227,0,0,0.013144098892180505
2,2234,1,1,0.9972209672822897
2,2239,0,0,0.12176586650892203
2,2242,0,0,0.13044022001665603
2,2247,0,0,0.004784386268331149
2,2251,0,0,0.09405044909531973
2,2256,0,0,4.161234549229454e-05
2,2259,0,0,0.0008737288025685753
2,2263,0,0,0.002346341618436317
2,2267,1,1,0.9908528032171959
2,2271,1,1,0.9727428497638074
2,2282,0,0,0.00030886739356196426
2,2293,0,1,0.617547614182841
2,2300,1,1,0.7323739053017185
2,2302,0,0,0.0012623457027016967
2,2303,1,0,0.30002993201637085
2,2305,0,0,0.0041594341822857065
2,2307,1,1,0.6435627403272058
2,2312,1,0,0.06195915862618138
2,2313,0,0,0.0020618812332969675
2,2317,0,0,0.007039697013221478
2,2325,0,0,0.00042449012072453185
2,2326,0,0,0.07369618365795783
2,2328,0,0,0.09939572639319098
2,2337,0,0,0.07582415072620438
2,2344,0,0,0.014418166971596683
2,2345,0,0,0.0056732004151052685
2,2347,0,0,0.012062057225598267
2,2348,1,0,0.06534460088945734
2,2351,0,0,0.11875444225627618
2,2353,1,1,0.8895156861690823
2,2354,1,1,0.7834749140810517
2,2359,0,0,0.35095791984102226
2,2360,0,0,0.0014497292006058972
2,2366,0,0,0.17440819446662228
2,2368,0,0,0.0035238865445300607
2,2369,0,0,0.0018290109263881971
2,2375,0,1,0.5363973666068806
2,2376,0,0,0.001885649871893843
2,2379,0,0,0.020150403358291928
2,2388,0,0,0.00284876006543836
2,2405,0,0,0.09509424414041193
2,2418,0,0,0.001753987335358361
2,2422,0,0,0.06310250807316944
2,2427,1,1,0.9936605139194805
2,2428,1,1,0.7559676170484708
2,2435,0,1,0.6900782949309664
2,2441,0,0,0.0035074603774065075
2,2442,0,0,0.4010525354545508
2,2449,0,0,0.004495141524914422
2,2452,0,0,0.19518417505300054
2,2454,0,1,0.9304751526373669
2,2473,0,0,0.027549249107806685
2,2474,0,0,0.10881832009522359
2,2482,1,1,0.9855849287396832
2,2492,0,0,0.0037351654065287433
2,2501,0,0,0.008106096094356034
2,2502,0,0,0.4941800056066269
2,2508,0,0,0.012098732868845226
2,2512,0,0,0.0021783409817225457
2,2514,0,0,0.000783508951788628
2,2526,0,0,0.0032108956451049053
2,2530,0,0,0.0957121164056154
2,2534,0,0,0.0501019117071002
2,2536,1,0,0.08272038608831174
2,2537,0,0,0.1558267834020213
2,2541,1,1,0.9867033583704438
2,2542,0,0,0.10190945265125542
2,2546,0,0,0.34682219698200994
2,2549,0,0,0.3956930891108465
2,2552,0,0,0.04627665923323626
2,2555,0,0,0.10799627535762535
2,2557,1,0,0.02950828435313926
2,2558,0,0,0.014010671927181874
2,2561,0,1,0.8080898884961849
2,2569,0,0,0.008395890044870742
2,2578,1,1,0.9273370912516564
2,2581,0,0,0.0021751067035534395
2,2582,0,0,9.457680874954617e-05
2,2584,0,0,0.018545334928862754
2,2589,1,0,0.49060591853033436
2,2593,0,0,0.01154332419747643
2,2597,0,0,0.0048232051012407455
2,2604,0,1,0.6713400490423359
2,2605,0,0,0.00047922035244817
2,2607,1,1,0.8431185774697444
2,2617,0,0,0.23099468490586078
2,2626,1,1,0.5542018006593508
2,2628,0,0,0.2782500842135954
2,2629,0,0,0.0010200798316854286
2,2634,0,0,0.0013359730988720983
2,2636,1,1,0.7730561022473283
2,2646,0,0,0.0013153180741503883
2,2652,0,0,0.0001886852023290453
2,2665,0,0,0.000646515998079125
2,2681,0,0,0.001587037971490401
2,2682,0,0,0.09328698833287946
2,2683,0,0,0.0016741656263130145
2,2688,1,1,0.9103997224108769
2,2694,0,0,0.03889144580227921
2,2695,0,0,0.0066195293143448625
2,2711,1,1,0.8099794210831953
2,2717,0,0,0.008236003019973135
2,2730,0,0,0.030481989081454813
2,2731,0,0,1.4550646002927241e-05
2,2741,0,0,0.005190823314480583
2,2748,1,1,0.817535775612897
2,2753,0,0,0.3461181644669421
2,2759,0,0,0.03651205139209161
2,2763,0,0,0.4837999855868694
2,2765,0,0,0.017326396396968625
2,2766,0,0,0.00401936972689025
2,2770,1,1,0.6519951635150366
2,2772,0,0,0.00047979880893335436
2,2774,0,0,0.029518746130305182
2,2775,0,0,0.18241823649668235
2,2779,1,1,0.9854441998851834
2,2791,0,0,0.00183089169962983
2,2799,0,1,0.8551140663882876
2,2802,0,0,0.03617655105813794
2,2836,0,0,0.0008078155111142944
2,2837,0,0,0.4998481577322297
2,2843,0,1,0.5683527847752895
2,2845,0,0,0.05817356086516204
2,2850,1,0,0.11694835352136708
2,2864,0,0,0.01404471202417539
2,2868,0,0,0.053165265792569166
2,2870,0,0,0.006792944760417445
2,2872,0,1,0.598264756480438
2,2876,0,0,0.00010351711457127032
2,2877,1,1,0.8501100870853188
2,2880,1,1,0.9713350434605172
2,2881,0,0,0.03537510415762933
2,2883,0,0,0.1206626626024955
2,2884,0,0,0.11817561114898535
2,2897,1,1,0.9631752957969114
2,2902,0,0,0.008224220395151626
2,2904,0,0,0.010146281720810299
2,2919,1,1,0.9761865998846164
2,2920,1,1,0.9816709735167388
2,2927,0,0,0.004767633213786736
2,2928,1,1,0.9947630964490217
2,2931,0,0,0.2211843244705149
2,2951,1,1,0.982490807555836
2,2952,0,0,0.060933194702957556
2,2953,0,0,0.00013964518384061762
2,2954,1,1,0.8913363057101781
2,2957,0,0,0.022826198487742238
2,2959,0,0,0.011222303880635212
2,2960,0,0,0.3363315922506366
2,2962,0,0,0.04100730873765969
2,2975,1,1,0.8711551661130533
2,2978,0,0,0.09299209204994838
2,2981,1,1,0.9966998205234264
2,2983,0,0,0.0005293576381603387
2,2985,0,0,0.08517334109245467
2,2987,1,1,0.6513828221005649
2,2992,0,0,0.009645459666804388
2,2997,0,0,0.4403911430989857
2,2999,0,0,0.00938417785934427
2,3007,0,0,0.2472003324497896
2,3011,0,0,0.0019038563858401016
2,3018,0,0,0.004492088404520598
2,3030,0,0,0.034801113478258976
2,3031,0,0,0.041818925510912326
2,3034,0,0,0.009707233201498588
2,3037,1,1,0.7073078396694937
2,3038,0,0,5.080661350213154e-05
2,3039,0,0,0.0019578257571737042
2,3042,0,0,0.01279796144805748
2,3045,0,0,0.027495540504258037
2,3046,1,1,0.8808064502924667
2,3048,0,0,0.04702516594917192
2,3052,0,0,0.0870510735911389
2,3055,0,0,0.0015775043737207741
2,3087,0,0,0.008745006140973753
2,3095,1,0,0.19553290222425876
2,3104,0,0,0.2091172247128443
2,3105,0,0,0.02019802192891137
2,3113,1,1,0.9878373268197642
2,3123,1,0,0.1403389432162906
2,3124,1,1,0.9944622277187032
2,3128,0,0,0.007139261291629262
2,3135,0,0,0.006397099431194334
2,3138,0,1,0.6613118305005365
2,3145,0,0,0.49627856166243767
2,3146,0,1,0.8771313297459976
2,3148,0,1,0.7545110632860851
2,3149,0,0,0.0033862134844875914
2,3153,0,0,0.006953159886096571
2,3154,1,1,0.9710003023330973
2,3157,1,1,0.8158023363797101
2,3162,0,0,0.008014531518854721
2,3166,0,0,0.3274562395183694
2,3175,0,1,0.7373109525521166
2,3180,1,1,0.9930883786323103
2,3183,0,0,0.00644095083648712
2,3184,0,0,0.22334297320320717
2,3190,1,0,0.04005967362231655
2,3193,0,0,0.0016179537076095294
2,3199,0,0,0.009517820910335562
2,3209,1,1,0.9283619551093771
2,3230,0,0,0.007385856331561536
2,3233,0,0,0.31216001674164845
2,3250,1,1,0.9581440046629389
2,3252,0,0,8.748885622834696e-05
2,3256,1,1,0.5156529074705085
2,3257,0,0,0.01849425604633568
2,3261,0,0,0.03983892709209837
2,3265,0,0,0.0007726191811853721
2,3271,0,0,0.019906949342299696
2,3272,1,1,0.9985728944249145
2,3273,0,0,0.005429710778302883
2,3274,0,0,0.020787429531850577
2,3276,1,1,0.8958770226155992
2,3279,0,0,0.0007640010554805345
2,3282,0,0,0.003123162753019702
2,3283,0,0,0.007637695931072878
2,3296,0,0,0.0014587744171785093
2,3305,0,0,0.4863466132038216
2,3316,1,1,0.9242795227464252
2,3317,0,0,0.0007421492416448116
2,3319,0,0,0.06490336743979266
2,3320,0,0,0.06626618564325293
2,3324,0,0,0.0005057959227056454
2,3326,1,0,0.3784638756157743
2,3328,0,0,0.017731452753657728
2,3330,0,0,0.004103776575265963
2,3338,0,0,0.021216539953633186
2,3353,0,0,0.00031157163791664856
2,3356,0,0,0.00068097396784494
2,3357,0,0,0.10900402125327893
2,3370,0,0,0.032120392654882285
2,3371,0,0,0.38481748006075617
2,3373,0,1,0.6233022987047986
2,3375,0,0,0.003901161230456399
2,3378,0,0,2.321899844894797e-05
2,3381,0,0,0.26276575529251295
2,3386,0,0,0.12375893921904416
2,3394,1,0,0.31364652955845523
2,3395,1,0,0.4187747240435119
2,3397,0,0,0.002588773435072484
2,3399,0,1,0.7579109330781278
2,3402,1,0,0.23999303167570793
2,3403,0,0,0.2084418462032313
2,3415,0,0,0.013040154324970804
2,3416,0,1,0.8814940917102277
2,3425,1,1,0.9726127205333314
2,3427,1,1,0.9529574162456328
2,3438,0,0,0.024722310432212926
2,3444,0,0,0.33335478261481544
2,3448,1,0,0.45875850562654996
2,3450,0,1,0.8837081537725252
2,3463,0,1,0.5928953828516135
2,3468,0,0,0.009886732698816441
2,3469,0,0,0.25279644216428604
2,3471,0,0,0.013292794632446854
2,3474,0,0,0.0011481945042924643
2,3483,0,0,0.07156008869415921
2,3492,0,0,0.09320553249030979
2,3499,0,0,0.2682435416621569
2,3515,0,0,0.0031497621031318177
2,3517,0,0,0.07373820131385743
2,3522,0,0,0.1944517001318175
2,3523,0,0,0.3257943988701194
2,3529,0,0,0.14016197017637835
2,3542,1,1,0.9308776702144852
2,3543,1,1,0.8943099808613647
2,3554,1,1,0.9645706827418299
2,3558,1,0,0.35308445686675194
2,3564,1,1,0.9749428526035842
2,3569,1,1,0.5025100993973513
2,3579,0,0,0.028185927830222147
2,3581,0,0,0.09590278764260524
2,3584,0,0,0.0010312267657333367
2,3585,0,0,0.18536493418946154
2,3586,0,0,0.002323206842838516
2,3592,0,0,0.03231951749554621
2,3593,0,0,0.011809606083294918
2,3601,0,1,0.7258682398643951
2,3628,1,1,0.9818722983816057
2,3630,1,1,0.5969661235309811
2,3631,1,0,0.00028253877493115563
2,3634,0,0,0.04266206122098433
2,3662,0,0,0.0005918406319057207
2,3668,0,0,0.001088089194760023
2,3676,0,0,0.1380297975595295
2,3677,0,0,0.007399966723754652
2,3682,0,0,0.04351606827322193
2,3686,1,1,0.9813199470068174
2,3687,0,0,0.15731945301198252
2,3688,1,0,0.12028810664388935
2,3704,0,0,0.2735576601471794
2,3707,0,0,0.0242242061656482
2,3708,0,0,0.05310026456342169
2,3720,0,1,0.9050729410446102
2,3722,0,0,0.0005156799420832841
2,3724,0,0,0.0005896220340748391
2,3725,0,0,0.01602444293865594
2,3726,0,0,0.004707768403980237
2,3733,0,0,0.226696408661125
2,3734,1,0,0.4006304898392086
2,3737,0,0,0.3431347699914143
2,3739,0,0,0.009423574119990206
2,3744,0,0,0.015240862597607862
2,3745,0,0,0.0070972369639053295
2,3748,0,0,0.008975469953540226
2,3751,0,0,0.005757257016153713
2,3752,1,1,0.9906970815742072
2,3759,0,1,0.6749662708683983
2,3760,0,0,0.07625077602505671
2,3761,0,0,0.04811351194032948
2,3763,0,0,0.02640673830259419
2,3777,0,0,0.3543906518670553
2,3778,0,0,0.014737155846017265
2,3779,0,1,0.8248964031940491
2,3781,0,1,0.8577395037764728
2,3782,0,0,0.00019725710291513537
2,3784,0,1,0.8740580100696338
2,3789,0,0,0.003226542723387651
2,3794,0,0,0.0010938060781076626
2,3795,0,0,0.0006966500177793266
2,3798,0,0,0.32251189898056015
2,3799,0,0,0.09948887594368251
2,3801,0,0,0.01366019601736381
2,3802,0,0,0.006759295864942163
2,3806,1,1,0.9906052295413016
2,3809,0,0,0.0388004094594888
2,3814,1,1,0.960173293810276
2,3815,0,0,0.0038492849288018975
2,3825,0,0,0.006262749022310045
2,3837,0,0,0.002175716174403854
2,3850,1,1,0.9830237092774913
2,3851,0,0,0.004023994753964084
2,3856,0,0,0.001008048252981622
2,3868,0,0,0.2912745799686466
2,3869,0,0,5.49025128558683e-06
2,3870,1,1,0.9527472081636321
2,3871,1,1,0.9672760837474719
2,3872,0,0,0.008273864869262406
2,3879,0,1,0.9856346623828592
2,3880,0,0,0.08657390620193985
2,3884,1,1,0.9941042289416288
2,3890,0,0,0.014229087367519506
2,3898,1,1,0.516914429352535
2,3900,0,0,0.00013079310283071858
2,3901,0,0,0.035193560943557134
2,3902,0,0,0.02900115403905733
2,3906,0,0,0.020412067376501187
2,3909,0,0,0.0033693869441878193
2,3913,0,0,1.7965311125012643e-05
2,3914,1,1,0.916915929812469
2,3918,0,0,0.002926086804953523
2,3920,1,1,0.969805118403375
2,3921,0,0,0.00011587875685658819
2,3931,0,0,0.017773153992886946
2,3932,0,0,0.004690895939785925
2,3950,0,1,0.93955139569797
2,3960,0,0,0.010235394725534766
2,3962,0,0,0.07301844993726228
2,3970,0,0,0.05139730977799938
2,3972,0,0,0.014351265308097142
2,3976,0,0,0.0541878018522387
2,3980,0,0,0.02908632557972559
2,3988,0,0,0.000901972998047928
2,3989,0,0,0.14749620409572792
2,3993,0,0,0.0664043942813587
2,4007,0,0,0.0001617144528963327
2,4010,1,1,0.7890668081219003
2,4014,1,0,0.06746416065984483
2,4020,0,0,0.10849027009996288
2,4023,0,0,0.001946020005909576
2,4024,1,0,0.46860168643579697
2,4032,0,0,0.1183983417965825
2,4037,0,0,0.0020621430164745524
2,4040,0,0,0.023839589070107487
2,4051,0,0,0.009730738350891147
2,4054,0,0,0.18448187112218703
2,4056,0,1,0.6658361984298936
2,4059,0,0,0.03045029391878272
2,4067,0,0,0.006206551813850661
2,4076,0,0,0.2478987500233853
2,4078,0,0,0.0026872963828728337
2,4081,0,0,0.02890837300279383
2,4090,0,0,0.00866830929625711
2,4096,0,0,0.010761276463575192
2,4100,0,0,0.2186181852252425
2,4102,0,0,0.002341565383665505
2,4105,0,0,0.11620055097427225
2,4108,0,1,0.6237516851307808
2,4116,1,0,0.1913494719947292
2,4118,1,1,0.9521635057822029
2,4123,0,0,0.011155207865743135
2,4130,0,0,0.00039160294048596754
2,4132,1,0,0.4881098657802419
2,4144,1,1,0.9266440183940369
2,4146,0,1,0.7098873901816254
2,4149,0,0,0.4867968183627941
2,4150,1,1,0.8276504727637256
2,4156,0,1,0.716528613798993
2,4161,0,0,0.0001924003845951361
2,4165,0,0,0.18420214559998402
2,4167,0,0,0.08658393846200321
2,4169,0,1,0.9633313163020407
2,4176,0,0,0.35381252954734904
2,4178,1,1,0.9774601634196819
2,4181,0,0,0.008582410276779242
2,4183,0,1,0.9736303307044969
2,4184,0,0,0.0010440428058106702
2,4186,1,1,0.8079056891473225
2,4195,0,0,0.05313541542525211
2,4203,0,0,0.0013736955706886117
2,4209,0,0,0.027268315779603945
2,4210,0,0,0.004811031216975563
2,4219,0,0,3.917459122136126e-05
2,4220,0,0,0.12924874825035448
2,4225,1,1,0.8779660896455476
2,4227,0,0,0.3427400089846198
2,4228,0,0,0.44344532789592034
2,4229,0,0,0.18584253698590641
2,4238,0,0,0.02069432280656802
2,4244,0,0,0.02639203105192503
2,4259,0,0,0.00025764653714570123
2,4260,0,1,0.607895087625503
2,4261,1,1,0.9949625706452344
2,4269,1,1,0.8837467763901359
2,4271,0,1,0.869063566563842
2,4276,0,0,0.015764653654467713
2,4283,0,0,0.15611694471159815
2,4284,0,0,0.009858431547958856
2,4291,1,1,0.8954234001613406
2,4296,0,0,0.008660086800269907
2,4311,0,1,0.9003286364609923
2,4313,1,1,0.9609470104638854
2,4315,0,0,0.1381260987747295
2,4323,1,1,0.5468127001045892
2,4329,0,0,0.025878727635337082
2,4336,0,0,0.010261266911676782
2,4340,0,0,0.02428266203421417
2,4342,0,0,0.0013305448292859044
2,4356,0,0,0.03943886558213838
2,4369,0,0,0.00037812409942321405
2,4383,0,0,0.003458601947421577
2,4387,0,0,0.026056236440989606
2,4393,0,0,0.00117435453240712
2,4396,0,0,0.12962814472718984
2,4402,1,1,0.6536295747117972
2,4403,0,0,0.00026146381038406777
2,4405,0,0,0.448588236182568
2,4410,0,0,0.0009282646791320773
2,4418,0,0,0.0013925310818841301
2,4424,0,0,0.002508858894981054
2,4425,0,0,0.002301028043876289
2,4430,1,1,0.9965234268597544
2,4454,0,0,0.4410621615363445
2,4455,0,0,0.1207097559859766
2,4458,0,0,0.005981730358497101
2,4464,1,0,0.22123648667687074
2,4466,0,1,0.8232783922872943
2,4467,0,0,0.0005883320030368743
2,4475,0,0,0.010504773733751572
2,4479,1,1,0.9569713407930692
2,4488,0,1,0.9571012166994932
2,4490,1,1,0.7144692664272217
2,4491,1,1,0.957336108858969
2,4492,0,1,0.6160237960642716
2,4503,1,1,0.8784067261767569
2,4504,0,0,0.004168787971556075
2,4506,0,0,0.04383771118032056
2,4514,1,0,0.03688693949605795
2,4522,1,1,0.5154716871463634
2,4525,0,0,8.350340793413206e-05
2,4529,1,1,0.8940908118341285
2,4530,0,0,0.0012249311118619093
2,4531,0,0,0.010009270539744196
2,4536,1,1,0.998536452683652
2,4557,0,0,0.09001014315994976
2,4569,0,0,0.03870102329507385
2,4570,0,0,0.2146518415384393
2,4576,0,0,0.0017792593652876366
2,4586,0,0,0.00017808313200545165
2,4588,1,1,0.627099345359364
2,4593,0,0,0.06316955342584052
2,4608,1,1,0.7296494098456447
2,4610,1,1,0.9858010778625236
2,4614,0,0,0.018444315009317203
2,4615,0,0,0.033783750913329816
2,4621,0,0,0.005039506796291507
2,4626,0,0,9.616969634504778e-05
2,4640,1,1,0.9936158266076883
2,4644,1,1,0.9799734999273065
2,4645,0,0,0.0005404594319296281
2,4648,0,0,0.0151084943825518
2,4654,1,1,0.9622609052773953
2,4658,0,1,0.7221947431352086
2,4659,0,0,0.0429426734686686
2,4681,0,0,0.00023641282217580842
2,4692,0,0,0.0017526772856560101
2,4696,0,0,0.1276817594657941
2,4697,1,0,0.339638184721607
2,4713,0,0,0.008322053431045124
2,4715,0,0,0.02474927971664945
2,4717,0,0,0.014232245009231778
2,4731,1,1,0.9108817265785242
2,4734,0,0,0.28399971123396145
2,4736,0,0,5.737351271876803e-05
2,4737,0,0,0.2192167548363946
2,4740,0,0,0.003882357755202687
2,4741,0,0,0.3709418705610115
2,4745,0,1,0.6403476800267871
2,4748,0,0,0.0037481943533685352
2,4749,0,0,0.11696013845667187
2,4751,0,0,0.07209661012345736
2,4754,0,0,0.02284169341575425
2,4755,0,0,0.034549341801748235
2,4757,0,0,0.0011564382367916987
2,4763,0,0,0.019688791618062983
2,4765,0,0,0.003024589119397301
2,4767,0,1,0.6159826555726828
2,4780,1,1,0.5838580564302328
2,4790,0,0,0.21184406150905397
2,4797,0,0,0.0013172614548973482
2,4801,0,0,6.0017900126875134e-05
2,4810,1,0,0.3889506745061141
2,4819,0,0,0.4126272301752327
2,4820,1,1,0.9767212697633643
2,4830,0,0,0.09619949434634943
2,4836,1,1,0.9155349876502223
2,4838,0,0,0.0026637736233862197
2,4844,0,0,0.0004923462441733047
2,4846,0,0,0.0022553444648412877
2,4851,0,0,0.011430345280911499
2,4857,0,0,0.0038062747843939544
2,4859,0,0,0.12091369029297716
2,4865,0,0,5.518956480101185e-05
2,4868,0,0,0.46855686457346485
2,4873,0,1,0.5886489332708918
2,4876,0,0,0.02540619381979755
2,4883,0,0,0.0033178901012097693
2,4886,0,0,0.00032248113215235764
2,4889,0,0,0.4186300051566643
2,4893,0,1,0.9610153860644374
2,4895,1,0,0.033404650575745064
2,4899,1,1,0.969558828466905
2,4902,1,1,0.9085821923024268
2,4903,0,0,0.10853885616526102
2,4904,0,0,0.0003041662300970691
2,4905,0,0,0.21124633597135128
2,4911,0,0,0.00032701158581557074
2,4929,0,0,0.0003385488703511977
2,4937,1,1,0.9116334919134522
2,4945,0,1,0.626429376760163
2,4947,0,0,8.278439092450423e-06
2,4950,0,0,0.0014500080433943081
2,4955,0,0,0.051010022591019465
2,4963,0,0,0.01891789202617976
2,4964,0,0,0.4046582077045886
2,4977,1,1,0.9583734346553321
2,4982,1,1,0.910061921901768
2,4989,0,0,0.08354800157093639
2,4993,0,0,0.36291250717667856
2,4997,0,0,0.10114956717093933
2,5000,0,0,0.0022262101117454768
2,5002,0,0,0.0036861425298441754
2,5005,0,0,0.005772155119435542
2,5008,0,0,0.05261907185037742
2,5016,0,0,0.029879570266438796
2,5022,0,0,0.003511660027413425
2,5024,0,0,0.2997687947698082
2,5025,0,0,0.0008123620818090533
2,5032,0,0,0.22927573648418403
2,5034,1,1,0.530502248635852
2,5037,0,1,0.5805538133246874
2,5038,0,0,0.4024001429940003
2,5039,0,0,0.0028692797348895335
2,5044,1,1,0.9531405841589032
2,5048,0,1,0.6213407260725324
2,5051,0,1,0.6548301063264388
2,5055,0,0,0.13582454642486386
2,5058,0,0,0.000609924803662441
2,5065,0,0,0.00012165364770167759
2,5073,0,0,0.002660491810902993
2,5074,1,1,0.8980895252430929
2,5078,0,0,0.47073070983875687
2,5079,0,0,0.0013210764037527147
2,5083,0,0,0.08929532579880481
2,5092,0,0,0.07263434375556392
2,5098,0,0,0.0008311179615740383
2,5102,0,0,0.051111125152812104
2,5110,0,0,0.007665654431573754
2,5113,0,0,0.007300280769831018
2,5116,0,0,0.0038816272772541063
2,5118,0,0,0.0022071367832667645
2,5120,1,1,0.9481180451394545
2,5121,0,0,0.0025042637161526537
2,5123,0,0,0.0024220766765663923
2,5124,1,1,0.962439165385978
2,5125,1,1,0.9533877219649881
2,5131,0,0,0.4450274162243849
2,5135,1,1,0.5711066867234221
2,5136,0,0,0.0001704735605313645
2,5140,0,0,0.13125932025917425
2,5147,1,1,0.9012797438955727
2,5153,0,0,0.09638829320779232
2,5154,0,0,0.0010989804483525435
2,5155,0,0,0.0009684669578132673
2,5157,0,0,0.06635373992265305
2,5159,0,0,0.05248127292974383
2,5165,1,0,0.34372917571376727
2,5173,0,0,0.001395760118212396
2,5174,0,0,0.007648913975165961
2,5180,0,1,0.7736481177667693
2,5182,0,0,0.12720854568260773
2,5190,0,0,0.07714710200437054
2,5200,0,0,0.20161042529179507
2,5202,0,0,0.09506165098223052
2,5211,0,1,0.6416036281895271
2,5213,0,0,0.0027531586642208614
2,5214,0,1,0.7406954340213676
2,5230,0,0,0.13569899458198295
2,5232,0,1,0.7804632063509401
2,5234,0,0,0.0021278544175911515
2,5235,0,1,0.9523398965467307
2,5240,0,0,0.0018931438973256805
2,5242,1,1,0.7434157994908804
2,5255,0,0,0.18465980739593119
2,5262,0,0,0.04401421912968053
2,5264,0,0,0.010434212145744519
2,5273,0,0,0.007586179875988911
2,5276,1,1,0.9810422446851905
2,5277,0,0,0.04148263125023295
2,5284,0,0,0.00035080943167476423
2,5288,0,0,0.006060857403115069
2,5291,1,1,0.9786409073469206
2,5295,0,1,0.8524912351815161
2,5296,0,0,0.09992135136331089
2,5319,0,0,0.0008924259004281259
2,5325,0,1,0.8191587364580128
2,5331,0,0,0.11381764707479185
2,5332,1,1,0.9525609573168378
2,5333,0,0,0.008676476139987654
2,5336,0,0,2.184386363430744e-05
2,5337,0,0,0.0005186678631794033
2,5341,1,1,0.9563764912765502
2,5348,0,0,0.0006559890363257404
2,5353,0,0,0.13576141964304417
2,5354,1,1,0.9901189692893619
2,5358,1,1,0.9677839523070006
2,5366,1,1,0.7682165503232303
2,5368,0,0,2.5233097579788898e-05
2,5372,0,0,0.003917614902245244
2,5378,0,0,0.23985437567026208
2,5385,0,0,0.005121108666375958
2,5391,1,1,0.6678228327813909
2,5398,0,0,0.0005249067523155247
2,5400,0,0,0.0012162812903642988
2,5401,0,0,0.002439887523883933
2,5404,0,0,0.03905149847735984
2,5409,0,0,0.0005486602641859238
2,5418,0,0,0.16001446625621404
2,5419,0,0,0.0027542879434857385
2,5422,0,0,0.13902632878734086
2,5428,0,0,0.0001646112499628033
2,5432,0,0,0.10373217929113507
2,5433,1,1,0.9941084017098847
2,5435,0,0,0.0010005936890403846
2,5438,1,0,0.026535327078751565
2,5443,0,0,0.0001463638862477424
2,5447,0,0,0.012983154102912151
2,5449,0,1,0.7639884482059429
2,5457,0,0,0.2596003295668363
2,5460,0,0,0.0021885457244159106
2,5462,0,0,0.3244010196124971
2,5463,0,0,0.001368571525148764
2,5464,0,0,0.0026762038304199366
2,5467,0,0,0.0006910542536992816
2,5473,0,0,0.14956762277221297
2,5478,0,0,0.0010054560529994482
2,5483,0,0,0.0006779137285759594
2,5485,0,0,0.0031848293828488214
2,5490,0,0,0.06933132501985666
2,5494,0,0,0.2559782895516074
2,5495,1,1,0.8666922906984846
2,5507,0,0,0.02841465158100795
2,5513,0,0,0.0062714101169448954
2,5525,0,0,0.021962369567168696
2,5528,1,0,0.2668252764865389
2,5529,0,0,0.01292558746760734
2,5532,0,0,0.3180488965704404
2,5533,0,0,0.0022794019050182933
2,5539,0,0,0.001157607281169548
2,5543,0,0,0.014685427098850021
2,5546,0,0,0.0015598562420802257
2,5549,1,1,0.9993281622710499
2,5552,1,1,0.8570151287351743
2,5557,0,0,0.1707791864378002
2,5561,0,0,0.02254591749453403
2,5562,1,1,0.908219824372108
2,5565,1,0,0.09061344401496409
2,5572,0,0,1.5562450841432645e-05
2,5583,0,0,0.08026717887420678
2,5586,0,0,0.2819248853643416
2,5587,0,0,0.007673341646011783
2,5588,0,0,0.007278985493777216
2,5590,0,0,0.005470634514886014
2,5605,0,0,0.0011648043683996124
2,5608,0,0,0.0014139476966838148
2,5614,0,0,0.0021552352647930847
2,5620,0,0,0.3330671443415421
2,5638,0,0,0.004850236278012976
2,5647,0,0,0.13454883365966105
2,5651,0,0,0.010040089903039576
2,5659,1,1,0.9396021867355407
2,5661,0,0,0.012000093525442446
2,5664,0,0,0.040483721269369846
2,5672,0,0,0.48141692304099487
2,5678,0,0,0.030727634572262436
2,5680,1,1,0.7752953638308051
2,5681,1,1,0.996488854894152
2,5683,1,1,0.6628173873753093
2,5686,1,1,0.9814960217417215
2,5687,0,0,0.08343456630018596
2,5694,0,0,0.013981545699622976
2,5697,1,1,0.9448713150740551
2,5706,0,0,0.0001341925922634448
2,5718,1,1,0.9587784527948758
2,5720,0,0,0.005726624466687545
2,5721,0,0,0.01588781920612268
2,5727,1,1,0.8085613699787397
2,5732,0,1,0.6174324998437045
2,5734,1,1,0.7322088547988466
2,5750,1,0,0.10077026528230609
2,5751,0,0,0.46073439025359364
2,5752,0,0,0.03738778748493859
2,5753,0,0,0.12822760412176765
2,5754,0,0,0.0013652430233539413
2,5759,0,0,0.056872048717405234
2,5763,0,0,0.1920323167920075
2,5767,0,0,0.0011228331880943215
2,5773,0,0,0.03143868114592297
2,5786,0,0,0.00011985046017797437
2,5787,0,0,0.018023231077354658
2,5788,1,0,0.14245494020554558
2,5799,0,0,7.713552536202075e-05
2,5801,1,1,0.8857630522403062
2,5810,0,0,0.012231289558369334
2,5816,1,1,0.9994562332175364
2,5818,0,0,0.10130137864670712
2,5819,1,1,0.9067756922371499
2,5822,0,0,0.24760060624865443
2,5825,0,0,0.021092957582201418
2,5826,0,0,0.002330458198175407
2,5840,0,0,0.0023557854032594974
2,5844,1,1,0.9605125730465629
2,5848,0,0,0.005817247040103639
2,5850,0,0,0.07576929907280741
2,5858,0,0,0.056185762454498474
2,5860,1,1,0.9086051787871745
2,5864,1,1,0.8510680803322275
2,5870,1,1,0.9533340082287279
2,5871,1,1,0.7445442031596262
2,5874,0,0,0.0016186783146162412
2,5888,0,0,2.8215072732022526e-05
2,5895,0,0,0.0029111011663805987
2,5896,1,1,0.9971986394581894
2,5901,0,1,0.8318689812233611
2,5902,0,0,0.008155689464463132
2,5906,0,0,0.0005261252885518868
2,5919,1,0,0.32385740846940836
2,5924,0,0,0.00032878948190699436
2,5928,0,0,0.27098951163289436
2,5940,0,0,0.007160607201942786
2,5946,1,0,0.29917481464986295
2,5953,1,1,0.8994523485432868
2,5972,0,0,0.40605547672031217
2,5979,1,1,0.7977831220876105
2,5997,1,1,0.978483169835751
2,6005,0,0,9.946797996566987e-05
2,6008,0,0,0.06084371099677943
2,6011,0,0,0.008971545734139563
2,6012,0,0,0.0927939284612301
2,6015,0,0,0.004794420017380374
2,6018,0,0,0.0072219458695534046
2,6020,0,0,0.000214253464360867
2,6022,0,0,0.007734145081051162
2,6026,0,0,0.0029306415355803595
2,6031,0,0,0.024196861718613606
2,6037,0,0,0.05119108712273273
2,6039,0,0,0.04880563985510536
2,6041,0,0,0.03699701488684322
2,6042,0,1,0.7980050363040696
2,6046,1,1,0.9216087188250494
2,6047,1,1,0.9148417859936709
2,6049,1,0,0.4889069573462512
2,6060,0,1,0.8984659855279303
2,6065,0,0,0.011575108335918747
2,6071,0,0,0.03652775628046919
2,6074,0,0,0.0017566926629419741
2,6076,0,0,0.025206022592780576
2,6079,0,0,0.029327783574914536
2,6087,0,0,0.05837264855391347
2,6099,0,0,0.008952769758592745
2,6100,1,0,0.28943535747758964
2,6105,0,0,0.055381216734681285
2,6137,0,0,0.0005989125065365938
2,6138,0,0,0.007498874854678254
2,6145,0,0,0.0777302786931961
2,6146,0,0,0.001403996119260469
2,6148,0,0,0.0399041198999692
2,6154,0,0,2.4135144131202413e-06
2,6164,0,0,0.00014560299782669783
2,6173,0,0,0.2627213375484016
2,6180,0,0,2.7479077187984326e-05
2,6182,0,1,0.9851821336740835
2,6191,0,0,1.7374112101890108e-05
2,6196,1,1,0.9949941708201196
2,6210,0,1,0.8581278211857043
2,6211,0,0,9.331891313624585e-05
2,6214,1,0,0.4002631825064058
2,6217,0,0,0.0011411594424503926
2,6233,0,0,0.015713309984074983
2,6246,0,0,0.015040065614017075
2,6247,0,0,0.0011268860882749743
2,6273,1,1,0.990063352437613
2,6274,0,1,0.7737630875860552
2,6278,0,0,0.0013979149576582276
2,6282,0,0,0.008588556267727872
2,6284,0,0,0.001575360787477009
2,6287,0,0,0.013798376056744844
2,6289,0,0,0.00047159469947944375
2,6292,1,1,0.589894722136344
2,6299,0,0,0.002945310898747549
2,6301,0,0,0.00020660161371844452
2,6302,0,0,0.42555618319918126
2,6305,1,0,0.24205095142303906
2,6310,0,0,0.0015671750645333425
2,6317,0,0,0.008387087556822104
2,6324,0,0,0.13841651216282125
2,6335,1,1,0.7579982931404972
2,6339,1,1,0.8645778851335607
2,6342,0,1,0.88064338945796
2,6348,0,0,0.0017674511934801405
2,6355,0,0,0.34985115511990317
2,6363,0,0,0.00849387794526446
2,6366,0,0,0.275563739771701
2,6367,0,0,0.08041122383924171
2,6368,0,0,0.04512186798308089
2,6369,0,0,0.09491056545812082
2,6370,0,0,0.00018079769224541432
2,6371,1,0,0.22963057407631804
2,6379,0,0,9.75667958783069e-05
2,6393,1,1,0.9836457200901202
2,6407,0,0,0.00021701316639002462
2,6411,0,0,0.0053350336566776405
2,6417,0,1,0.9459351442948527
2,6419,0,0,0.29037650679644184
2,6430,0,0,0.00029475698033082115
2,6431,0,1,0.8359318038945661
2,6433,0,1,0.541850038068648
2,6439,1,0,0.3006312371604948
2,6446,0,0,0.00178165902116011
2,6448,0,0,0.004855780575523491
2,6450,0,0,0.026689206993751782
2,6451,0,0,0.008920417305765965
2,6453,0,1,0.8248790728111944
2,6454,1,0,0.25837040566815417
2,6455,1,1,0.980528001632049
2,6458,0,0,0.057517164250793416
2,6462,0,0,0.11452708884244667
2,6472,0,0,9.307635289190668e-05
2,6475,1,1,0.9691915905265213
2,6480,0,0,0.04114466391024421
2,6488,0,0,0.28182410662832014
2,6490,0,0,0.07796792337281575
2,6494,1,0,0.18021873668011218
2,6501,0,0,0.011531666996061455
2,6506,0,0,0.025300294338840987
2,6510,0,0,0.0061270341940960074
2,6515,0,0,0.16029534004729015
2,6520,1,1,0.9665296758668789
2,6521,0,0,0.018463214948606668
2,6534,0,0,0.003479159526214785
2,6536,0,0,0.007773386476762977
2,6538,0,0,0.00024515301076005725
2,6548,1,1,0.9941508859369131
2,6550,0,0,0.4461501534462545
2,6563,1,0,0.4156753444831917
2,6566,0,0,0.03136341493108348
2,6567,0,0,0.006234534304343881
2,6575,0,0,0.019774810740002882
2,6579,0,0,0.28371284065052293
2,6580,0,0,0.42090912190587926
2,6581,0,0,0.0021398083392683434
2,6585,0,0,0.0041314408124530685
2,6589,0,0,0.002743924671542965
2,6593,0,0,0.2766346372534792
2,6610,1,1,0.9944211852337496
2,6611,0,0,0.005212790225224235
2,6614,1,1,0.9867457363242876
2,6618,0,0,0.00028101055081837056
2,6620,0,0,0.037780768130829624
2,6624,0,0,0.007280036802947406
2,6625,0,0,0.006662193725623369
2,6634,0,0,7.165876089349044e-05
2,6637,0,0,0.18604645810028422
2,6638,1,1,0.9463811464944171
2,6647,0,0,0.32670274341893946
2,6649,0,1,0.7457953885613382
2,6652,0,0,0.000923297109062918
2,6656,0,0,0.03245580460418887
2,6668,0,0,0.0002872864425191287
2,6671,0,1,0.7605764423377883
2,6672,1,0,0.04631377739028636
2,6673,0,0,0.0068410791471591745
2,6676,0,0,0.0005480547393785047
2,6677,0,0,0.05963635286546235
2,6680,1,0,0.03134979084595225
2,6681,0,0,0.06242528584249526
2,6682,1,1,0.9957005949419684
2,6688,0,1,0.5437003249119227
2,6689,0,0,0.1289418425809018
2,6695,0,1,0.5126193994007064
2,6700,0,0,0.0017069714369483168
2,6702,0,0,0.0009537394564735016
2,6708,0,0,0.0008898229667628765
2,6713,0,0,0.023002214046073208
2,6721,0,0,0.011833531587985502
2,6723,1,1,0.9080750402242187
2,6729,0,0,0.005118458487497853
2,6731,0,0,0.12015641718392535
2,6737,0,0,0.00043196844870771033
2,6753,0,0,0.007506577079633323
2,6756,0,0,0.3971705953643237
2,6759,0,0,0.11611979709480937
2,6762,0,0,0.15810086451904073
2,6770,0,0,0.0034567493118398043
2,6771,0,0,0.008011659800744593
2,6772,0,0,0.0025721936606768014
2,6775,0,0,0.0554118485744648
2,6777,0,0,0.0036249765311219127
2,6781,0,0,0.019847864236036725
2,6784,1,1,0.7910127020865543
2,6785,1,1,0.868969706483565
2,6790,0,0,0.0002797803737075019
2,6791,0,0,0.0002780495203465015
2,6795,0,0,0.0015831789574677437
2,6796,0,0,0.0005159945528625009
2,6804,0,0,0.0917297720316048
2,6808,0,0,0.08893607651430244
2,6809,0,0,0.0018019425201353696
2,6818,0,0,0.0008532684099381906
2,6821,0,0,0.02924308344637134
2,6822,1,1,0.749674314598263
2,6824,0,0,0.005407831016530717
2,6825,0,0,0.0037496628390603
2,6827,0,0,0.16352824189977544
2,6834,0,0,0.1021448467690453
2,6838,1,1,0.802605298030506
2,6839,0,0,0.07316731969515121
2,6841,0,0,0.046283308295470504
2,6848,0,0,0.0006189331465504669
2,6854,0,0,0.00017390175915196442
2,6862,1,0,0.48739913490634973
2,6865,0,0,4.419030190610816e-05
2,6874,0,0,0.0019900911756896445
2,6888,0,0,0.005010137256524473
2,6898,0,0,0.01834655626690682
2,6900,0,0,0.004286649810326531
2,6907,0,0,6.45310560090181e-05
2,6922,0,0,0.3396518412615673
2,6943,0,0,0.0036335114111214826
2,6952,1,1,0.8293600407798128
2,6954,1,1,0.8799866806192027
2,6961,0,1,0.7860677164160856
2,6968,0,0,0.1587885687327151
2,6972,0,0,0.4988433561840371
2,6974,0,0,0.21423822022998515
2,6977,1,0,0.01867263598944267
2,6994,0,0,0.00045006605401002936
2,6998,0,1,0.6579261847675112
2,7002,0,0,0.007086517997583024
2,7005,1,1,0.7466468386748426
2,7011,0,1,0.8985268386733455
2,7012,0,0,0.09097599141996936
2,7014,0,1,0.7926422464382147
2,7018,1,0,0.32122752104009084
2,7027,0,0,0.027229032125989358
2,7031,0,0,0.008509379014911701
2,7036,0,0,0.015304774521925425
2,7037,0,0,0.01885434303729669
2,7049,0,0,0.004293363481004989
2,7054,0,0,0.0011216078416658717
2,7066,0,1,0.784824543550064
2,7068,1,1,0.9874505589842398
2,7089,0,0,0.05346594881454721
2,7092,0,0,0.20738961063688335
2,7098,0,1,0.7344114475307918
2,7099,0,0,0.006660847322177955
2,7110,0,0,0.03635225299750646
2,7113,0,0,0.005989721049716526
2,7115,1,1,0.7123308127106527
2,7119,0,0,0.0010274741895309543
2,7124,1,1,0.9708376678047079
2,7125,1,0,0.10644701886053633
2,7129,0,0,0.00020507950068966325
2,7143,0,0,0.3872715737442698
2,7154,0,0,0.45661468869390986
2,7160,1,1,0.9633058698991221
2,7163,0,0,0.0004998386255818261
2,7177,1,1,0.751137640880835
2,7178,0,0,0.0002490024616998539
2,7182,0,0,0.07545607990867319
2,7184,1,1,0.9896829144810296
2,7185,0,0,0.1746042567908029
2,7186,0,1,0.9158025391863973
2,7188,1,1,0.8941726403844155
2,7193,0,0,0.004635966023818621
2,7196,0,1,0.6995022791492295
2,7204,0,0,0.0004935934517365358
2,7205,0,0,0.002122193848612199
2,7209,0,0,0.1931861479889069
2,7212,0,0,0.0016093804561208406
2,7224,0,0,0.0006363258829888166
2,7228,0,0,0.060393251209376594
2,7229,1,1,0.8841952597059047
2,7240,1,1,0.7925254303043298
2,7245,0,0,0.044155293290421366
2,7259,1,0,0.08689998518544886
2,7260,0,0,0.011210900602828287
2,7262,0,0,0.0003003957401914993
2,7263,1,0,0.27944079846782066
2,7273,0,0,0.02730782269307754
2,7275,0,0,0.10973602402668756
2,7282,0,0,0.00255460853570886
2,7287,0,1,0.5006937100935134
2,7288,1,1,0.9608862069115296
2,7291,0,0,0.004655021432119045
2,7294,0,0,0.0003202888248028776
2,7331,0,0,0.09017241817422302
2,7335,0,0,0.0016664899401788657
2,7336,0,1,0.6972333906695347
2,7346,0,0,0.004219261965323876
2,7347,0,1,0.7052924985172916
2,7353,0,0,0.47250615322256445
2,7358,0,0,0.0032807037087841918
2,7359,0,0,0.00017304495062650443
2,7360,0,0,0.20398256790584327
2,7365,0,0,0.16275737153035533
2,7367,0,0,0.26768604155076725
2,7374,1,1,0.7016748864523615
2,7378,0,0,0.0007639648364932329
2,7386,0,0,0.0004158830235689895
2,7388,0,0,0.012662442795276596
2,7389,0,0,0.14805482849965934
2,7392,1,1,0.88368549611818
2,7394,1,0,0.4391267546151039
2,7400,0,0,0.021333237710464983
2,7403,0,0,0.07722394501146808
2,7405,1,0,0.474657947024483
2,7411,1,1,0.9505937783679728
2,7414,0,0,0.0021931954052725115
2,7415,0,1,0.7258342680944163
2,7421,0,0,0.0489204819516064
2,7422,1,1,0.9436266952177292
2,7425,0,1,0.6975183031631549
2,7430,0,0,0.008388782107165064
2,7436,0,0,0.002419693048253184
2,7437,1,1,0.8555809716537828
2,7440,0,0,0.03076884442930483
2,7441,0,0,0.07192744040241578
2,7442,0,0,0.03589812539093606
2,7443,0,0,0.001947322404198676
2,7444,0,0,0.0005372640902071036
2,7446,0,0,0.21516944433096075
2,7449,0,0,0.05760675770777672
2,7452,0,0,0.14269460926229152
2,7454,1,1,0.7007226684780239
2,7467,0,0,0.007082728681586572
2,7470,0,0,0.06782216997027782
2,7473,0,0,0.012386644901546756
2,7478,0,0,9.467839119160635e-05
2,7480,0,0,0.0003926024291925927
2,7484,0,0,0.03978200014643441
2,7489,0,0,0.019287534548224
2,7500,1,1,0.8056982897013765
2,7502,1,1,0.9993727224232983
2,7504,0,1,0.7498682187988444
2,7506,0,0,0.02033409247040002
2,7512,0,0,0.011002234054017974
2,7519,0,1,0.8188895733792014
2,7520,0,0,0.001723226636064088
2,7523,1,1,0.8142360352020274
2,7524,0,0,0.0006194612231737096
2,7525,0,0,0.2632712684108863
2,7530,1,0,0.06740233066117347
2,7531,1,1,0.9889821175130706
2,7534,1,0,0.02114598282917809
2,7550,0,0,0.07381658067208095
2,7553,0,0,0.008077781557244965
2,7559,0,0,0.004006675166420311
2,7573,1,1,0.7982284300668641
2,7574,0,0,0.07331410047866022
2,7587,0,0,0.13299705514076182
2,7592,0,0,0.0007393283055056524
2,7598,1,1,0.9750601447812648
2,7602,0,0,0.02603783269503422
2,7605,0,0,0.022099648417850434
2,7608,0,0,0.00048607481817866996
2,7617,0,0,0.0002880068123210811
2,7622,0,0,0.1464541128532189
2,7629,0,0,0.065771312696331
2,7631,0,0,0.0003798270189765242
2,7634,0,0,0.019232800517134996
2,7642,0,0,0.0006760649704234167
2,7645,0,0,1.9560408279305576e-05
2,7646,0,0,0.003307430723428063
2,7650,0,0,0.2154872917294852
2,7652,0,1,0.9679508383874297
2,7656,0,0,0.030802268023704546
2,7657,1,0,0.22988175946812087
2,7660,0,0,0.006633841232738444
2,7664,0,0,0.010573299566621945
2,7665,0,0,0.0532300930758575
2,7667,0,0,0.14464001901647605
2,7673,0,0,0.0010329462183042944
2,7692,0,0,0.3066712164806463
2,7695,0,0,0.04305822414748459
2,7702,0,0,0.0001843278793156406
2,7704,0,0,0.000655595588414494
2,7707,0,0,0.16091746443605312
2,7708,1,0,0.2220371196706889
2,7711,0,0,0.04868581694790639
2,7714,1,0,0.4281228525044208
2,7715,0,0,0.002163219452632927
2,7716,1,0,0.45174503269400373
2,7727,0,0,0.0005015075985416731
2,7731,0,0,0.0013073937529140163
2,7743,0,0,0.002790284742905031
2,7744,0,0,0.0006762014799963854
2,7745,1,0,0.05436379328199588
2,7746,0,0,0.05974254655207743
2,7747,0,0,0.05412076565411828
2,7756,0,0,0.006830150777718132
2,7757,0,0,0.08484157568157621
2,7764,0,0,0.4277870696062664
2,7771,1,1,0.9682229364762205
2,7778,0,0,0.03025779803167101
2,7779,0,0,8.415416092781915e-06
2,7787,1,1,0.9707714509341314
2,7788,0,0,0.0005408638824806971
2,7791,1,1,0.9403187854720053
2,7795,0,0,0.0006799154946991307
2,7796,1,0,0.17092290062847157
2,7804,0,0,0.007244053940941416
2,7811,1,0,0.24562526361911582
2,7820,0,0,0.2537855768798144
2,7831,0,0,0.04425073002663253
2,7837,0,0,0.030497232793492403
2,7845,1,1,0.7909415474086549
2,7849,0,0,0.005733349669576658
2,7853,0,0,0.028230052453819595
2,7857,1,1,0.8509729608789914
2,7861,0,0,0.1158474348153086
2,7869,1,1,0.8365342801247929
2,7874,0,0,0.050557739949664865
2,7876,1,1,0.8174400398787648
2,7882,0,0,0.0055086239653827
2,7889,0,0,0.289906700598
2,7891,0,0,0.0019672033160591045
2,7896,0,0,2.269887091598122e-06
2,7900,0,0,0.10625087152697686
2,7906,0,0,0.00012520267870504674
2,7907,0,0,0.026366934831580233
2,7915,0,0,0.004148361037403716
2,7917,0,0,0.02317843809462993
2,7921,0,0,0.017121399072103968
2,7922,0,0,0.003309138817463276
2,7923,0,0,0.1196061135070083
2,7926,1,0,0.4963703200688516
2,7938,1,1,0.8509586338905074
2,7943,1,1,0.7089861345033824
2,7960,0,0,0.15875887076756573
2,7964,0,0,0.006078356546479495
2,7966,0,0,0.021571188567964295
2,7980,0,1,0.954373649947032
2,7983,1,1,0.9170661649100371
2,7989,0,0,0.004669216745712243
2,7992,1,1,0.9025793784708029
2,7996,0,0,0.0008231878461714345
2,7998,0,0,0.0016597641421586666
2,8004,0,0,0.007362584395124978
2,8007,0,0,0.02705065947721926
2,8008,1,1,0.6577158813336287
2,8013,0,1,0.9660539368528483
2,8016,0,0,0.006599085032313988
2,8020,0,0,0.007307131754769029
2,8027,0,1,0.6560510196378175
2,8039,0,0,0.1245456229810904
2,8040,0,0,0.014369324643252782
2,8051,0,0,0.00047354790053135174
2,8053,0,0,0.0023245891369978364
2,8057,0,1,0.8935830921830871
2,8064,0,0,0.0011641724619313627
2,8082,0,0,0.009496615400448593
2,8092,0,0,0.021020225298653033
2,8095,0,0,5.86725619883754e-05
2,8096,0,1,0.7137196803234345
2,8107,0,0,2.012564933160449e-06
2,8108,0,0,0.1264528607979649
2,8110,0,0,0.025352446032818225
2,8112,0,0,0.09912711024455147
2,8115,0,1,0.7431636056038788
2,8123,0,0,0.0031666874859148505
2,8125,0,0,0.07356724158757637
2,8128,1,1,0.9785022548291236
2,8129,1,1,0.9532245955887279
2,8134,0,0,0.1812126693154241
2,8135,1,1,0.9667140419295981
2,8136,0,0,0.0014358393179617643
2,8139,1,0,0.36501785486093025
2,8141,0,1,0.8083768469003887
2,8167,0,0,0.0012196926778172113
2,8185,0,0,0.064973701471274
2,8189,0,1,0.5578650076393988
2,8194,0,0,0.019282180973476802
2,8196,0,1,0.6501479636222154
2,8198,0,0,0.000392960851437552
2,8201,0,0,0.26141002601449914
2,8223,0,0,0.0009362469600188047
2,8253,1,1,0.967928680138969
2,8256,0,0,0.05463815901907232
2,8265,0,0,0.016108824887781877
2,8277,0,1,0.6305711366927061
2,8278,0,0,0.00016874707564951396
2,8283,0,0,0.03335272582302492
2,8285,0,0,0.15861275826432833
2,8287,0,0,0.04323787715241161
2,8296,0,0,0.006791176447130586
2,8306,1,0,0.08189925212224662
2,8307,0,0,0.012259705229850166
2,8308,0,0,0.013153388060267437
2,8310,0,0,0.051484774089733266
2,8313,0,1,0.8435423003211826
2,8321,0,0,0.019187851533470173
2,8324,0,0,0.00041217653731955473
2,8325,1,1,0.8435776020512367
2,8330,0,0,0.00962795861960667
2,8331,0,0,0.19408834899918598
2,8332,0,0,0.11138435208260977
2,8334,1,1,0.8984469756379363
2,8339,0,0,0.08628637679137985
2,8341,0,0,0.4302495519633085
2,8344,0,1,0.7694809075756895
2,8347,0,0,0.0007714164218115178
2,8348,0,0,0.00042604832866631096
2,8349,1,1,0.5790674592514832
2,8350,0,0,0.1036066896460598
2,8351,0,1,0.6861182265752219
2,8352,0,0,0.022614540532182557
2,8353,1,0,0.1214606559912374
2,8356,0,0,0.002130887762744832
2,8357,0,0,0.16080862912587818
2,8361,0,0,0.00024853553141288606
2,8363,0,0,0.002026136569183589
2,8367,0,1,0.7759284753572636
2,8380,0,0,0.0019227527756090375
2,8385,0,0,0.009084730692183848
2,8387,0,0,0.02348345279383132
2,8390,0,0,0.018632526179737888
2,8391,0,0,0.001975919628638529
2,8397,0,0,0.005882650742429625
2,8401,0,0,0.0003236221026461523
2,8406,0,0,0.042376102798021426
2,8409,0,0,0.016780368303058846
2,8410,0,0,0.008814348917432517
2,8414,0,0,0.019653714993757003
2,8415,1,1,0.969563308931165
2,8422,0,0,3.096580167065946e-05
2,8429,0,0,0.002521750886530204
2,8439,0,0,0.0003541023837397103
2,8440,0,1,0.5867914214130189
2,8447,1,1,0.9594299156948659
2,8454,0,0,0.0018532127362231403
2,8460,0,0,0.006339545901592669
2,8461,1,1,0.9547452167328248
2,8470,0,0,0.003239604804539298
2,8487,1,1,0.9940081820647216
2,8502,0,0,0.00844051333440774
2,8504,0,0,0.013435343077599556
2,8507,0,0,0.019554817607913784
2,8510,0,0,0.4926906724757289
2,8518,0,0,0.029629250480386587
2,8520,0,0,0.026583087445388242
2,8521,0,0,0.005437297034805629
2,8523,0,0,0.012970934907392782
2,8532,0,0,0.0795067431675764
2,8542,0,0,0.0015728325542460288
2,8546,1,0,0.09749839666074223
2,8548,0,0,0.005774273303230127
2,8551,1,1,0.6756955539489684
2,8557,0,0,0.03428722650571074
2,8562,0,0,0.00030526122019168035
2,8565,0,0,0.36827604427143623
2,8573,0,0,0.02696096783065562
2,8588,0,0,0.1869082403618954
2,8589,0,0,0.03738260488965378
2,8590,1,1,0.7079075319454673
2,8593,1,1,0.8306797739045148
2,8600,0,0,0.002041295238998523
2,8610,0,0,0.11428751754090767
2,8611,0,0,0.4213210536753017
2,8619,0,0,0.03144716502415504
2,8620,0,0,0.0006808202498708906
2,8623,0,0,0.34937623187421474
2,8630,0,0,0.06698205103788542
2,8632,0,0,0.0020512619583098546
2,8636,0,0,0.016972606746339793
2,8637,0,0,0.0004170986290029201
2,8642,1,1,0.5866104636328483
2,8645,0,0,0.0100598214692883
2,8653,0,0,0.007531546512716357
2,8656,0,0,0.02378608549268483
2,8657,0,1,0.5007570142144397
2,8660,0,0,0.10927143676126731
2,8661,0,0,0.3080415656842281
2,8669,1,0,0.42586226743217315
2,8670,1,1,0.9761377096504799
2,8689,0,0,0.0156019869395952
2,8690,0,0,0.0846345110171774
2,8691,1,1,0.9442794335123205
2,8694,0,0,0.12871404989878613
2,8700,0,0,0.4499195507758465
2,8704,0,0,0.22075611980232823
2,8706,0,0,0.011506927190880242
2,8713,0,0,0.010597973963785708
2,8714,0,0,6.798437968191108e-06
2,8721,0,0,4.945675910256227e-05
2,8726,0,0,0.0012506034303997385
2,8732,0,0,0.0015727995533144298
2,8735,0,0,0.029685288504439068
2,8742,0,1,0.7069836440540425
2,8749,0,1,0.7492742680706804
2,8751,0,0,0.031818774356566056
2,8752,0,0,0.0003050651430115806
2,8760,0,0,0.07811278706510064
2,8764,0,0,0.03208127765943404
2,8769,0,0,0.003397321133961032
2,8773,1,1,0.9970379838622327
2,8780,0,0,0.0028102181893247488
2,8785,0,0,0.0001922943253354575
2,8786,0,0,0.00013938301487060177
2,8789,0,0,0.07358226805483384
2,8791,0,0,0.001788406743709544
2,8797,1,0,0.189033483244168
2,8798,1,1,0.9529507573005556
2,8799,0,0,0.02427701813201937
2,8800,0,0,7.316285900241265e-05
2,8801,0,0,0.00778537289426653
2,8803,1,0,0.2749045851313229
2,8805,0,0,0.018258993916387033
2,8806,0,0,0.014611298730984287
2,8815,0,0,0.028073038598080878
2,8817,1,0,0.1941062726053006
2,8824,0,0,0.11418213995704457
2,8825,0,1,0.7041593705463552
2,8827,0,0,3.4653714702486316e-05
2,8828,0,0,0.0016267909912326636
2,8829,0,0,0.001356794425210753
2,8830,0,0,0.04345077911016475
2,8839,0,0,0.016628369060996386
2,8840,0,1,0.6058579389380103
2,8841,0,1,0.8902023776627351
2,8842,0,1,0.7338709810678081
2,8843,0,0,0.00015828645144792702
2,8861,0,0,0.02942945441956902
2,8866,0,1,0.7176422212182073
2,8872,1,0,0.2157523446695868
2,8873,0,0,0.0015762010266384232
2,8875,0,1,0.7824642845286428
2,8877,0,0,0.003101499148990558
2,8883,0,0,0.002642715194846048
2,8896,0,0,4.7088648315888435e-05
2,8897,0,0,0.007954190738173703
2,8902,0,0,0.0011603371039498212
2,8912,0,0,0.07658875229592337
2,8917,0,0,0.35927674352260974
2,8918,0,0,0.03264785901273131
2,8922,1,1,0.7733307129079267
2,8923,0,0,2.2676312054074452e-05
2,8931,0,0,0.0014508357806267465
2,8932,0,1,0.8859454574861114
2,8933,0,0,0.05855842371241522
2,8943,0,0,0.02461662978884834
2,8949,0,0,0.0002740122209671497
2,8952,0,0,0.0019068411370532455
2,8960,1,1,0.95847419837978
2,8963,0,0,0.02783060088729457
2,8969,0,0,7.363095109881983e-05
2,8971,1,1,0.581581681174044
2,8974,0,0,0.28999528695345544
2,8978,0,0,0.021671574973034947
2,8982,0,1,0.7516190260450007
2,8983,0,0,6.949951705918627e-05
2,8984,0,1,0.817325326511098
2,8985,0,0,7.37020868332855e-05
2,8986,0,0,0.011525999910793438
2,8987,0,0,0.0729314230984761
2,8990,0,0,0.0021397419854251184
2,8993,0,0,0.005359287965959215
2,9005,0,0,0.023283773170089464
2,9015,0,0,0.0028329736655931716
2,9016,0,0,0.01574691664121717
2,9017,1,1,0.9808487531704762
2,9021,1,0,0.2895768548589674
2,9022,1,0,0.33602159299427226
2,9038,0,1,0.8577433983046828
2,9047,0,0,0.006740937234757855
2,9049,0,0,0.00012546267448156875
2,9057,0,1,0.7132875947439002
2,9067,0,0,0.00016583878406372708
2,9068,0,0,0.00013430784868604642
2,9069,1,1,0.9733232228942391
2,9071,0,0,0.03780243566884634
2,9083,0,0,0.00945999739193954
2,9091,1,1,0.5662583899788903
2,9093,0,0,0.02497523808617575
2,9094,1,1,0.7278208180043491
2,9096,0,0,0.06506022660737559
2,9103,0,1,0.9841313516098192
2,9104,0,0,0.0009990046970280826
2,9106,0,0,0.19403832993299264
2,9115,0,0,0.0802341805840657
2,9117,0,0,0.0010027148210752105
2,9121,1,1,0.9582442676823781
2,9123,0,0,0.044535681320555486
2,9132,0,0,0.01698359648025788
2,9137,0,0,8.053227132154074e-06
2,9138,0,0,0.013760195771626254
2,9140,0,0,0.003879484305723352
2,9156,1,0,0.048506257842803366
2,9159,0,0,2.726852415275586e-05
2,9160,0,0,0.320267047296942
2,9173,1,1,0.9152786952626215
2,9178,0,0,0.49774542529087223
2,9190,0,0,0.004199564700336375
2,9196,0,0,0.0029542213937826293
2,9199,0,1,0.7550532490113412
2,9213,0,0,0.0024013069721717122
2,9221,0,0,0.02304128246339733
2,9231,0,0,0.1998958762300393
2,9235,1,1,0.8642464469933823
2,9237,0,0,0.06130132390283371
2,9252,0,0,0.00029745646676704324
2,9260,1,1,0.9640633558766643
2,9277,0,0,9.128931856926766e-05
2,9287,1,1,0.8979949208061515
2,9290,0,0,0.0010633815295024
2,9295,0,0,0.0007516138110666917
2,9298,1,1,0.9691439172416877
2,9306,0,0,0.004684734343473078
2,9309,0,0,0.00541909385099292
2,9311,0,0,0.4284714586894052
2,9314,1,1,0.9437786526969716
2,9317,0,0,0.18802161871077375
2,9325,0,0,0.008119168552210294
2,9335,0,0,0.011780404469843119
2,9337,0,0,0.02977836864114143
2,9339,0,0,0.11320871526119097
2,9361,0,0,0.2593822011782642
2,9362,0,1,0.5487017201201027
2,9368,1,1,0.9503076516775787
2,9370,0,0,0.0067908750708882935
2,9376,0,0,0.010807701644145802
2,9379,0,0,0.28908412808754697
2,9384,0,0,0.05393020517426805
2,9385,1,1,0.9125662867395948
2,9389,1,1,0.6195375419780147
2,9392,0,0,0.07327394454948487
2,9415,0,0,0.0002774014495723096
2,9419,1,1,0.9503838046383908
2,9431,1,1,0.78425765465015
2,9451,0,0,0.014131652811244564
2,9452,1,1,0.980232885633241
2,9456,0,0,0.0075955267583242775
2,9457,0,0,0.26037463203003536
2,9461,0,0,0.01732578435574306
2,9473,0,0,0.000701152744992913
2,9477,0,1,0.6939026794373869
2,9479,0,0,0.013762956392459239
2,9495,1,0,0.4650662050136783
2,9498,0,1,0.642776194774965
2,9513,0,0,0.004661384664646324
2,9514,0,1,0.9453872389371449
2,9518,1,1,0.9492357294460698
2,9533,0,0,0.002956916380807504
2,9546,0,0,0.07673531339215221
2,9548,0,0,0.0003487316099420899
2,9549,1,1,0.624265995471789
2,9554,0,0,0.17816254205470505
2,9558,0,1,0.5340486683351968
2,9560,1,1,0.9425147652088732
2,9573,1,0,0.2746989032439719
2,9575,0,0,0.010980808672634786
2,9578,0,0,0.00018158164246272435
2,9580,0,1,0.8967026776162423
2,9584,0,0,0.01558366781905809
2,9591,0,0,0.0020411381676857295
2,9593,0,0,0.02042934434297611
2,9594,0,0,0.0988342930540789
2,9610,0,0,0.018960880363304778
2,9614,0,0,0.0006217356741073548
2,9615,0,1,0.6055572167574013
2,9624,0,0,0.0016542944368626942
2,9631,1,1,0.7762874835879207
2,9635,0,0,0.02092806192363271
2,9636,0,0,0.049747187543836086
2,9646,1,1,0.9977265658666552
2,9647,0,0,0.23091591425454794
2,9648,0,0,0.318236759560256
2,9651,0,0,1.987099536215345e-05
2,9661,0,0,0.38087411110702846
2,9663,0,0,0.0001274041571385168
2,9664,0,0,0.152066981725066
2,9665,1,1,0.8204754304635355
2,9667,0,0,0.00036466405888581946
2,9668,0,0,0.3510837307244161
2,9673,0,0,0.00042612647445767387
2,9674,0,0,0.044071604958994315
2,9675,0,1,0.5907904289645715
2,9678,0,0,0.011216596271646373
2,9681,0,0,2.1317784996377728e-05
2,9691,0,0,0.0011448168179652087
2,9692,0,0,0.0015875379955155248
2,9693,0,0,0.4261380725671042
2,9694,0,1,0.6883100267960959
2,9699,0,0,0.3785969549591918
2,9720,0,0,0.2126968366883992
2,9723,0,0,0.0864896717624356
2,9728,0,1,0.636248882364582
2,9737,0,1,0.8034437253761049
2,9739,0,0,5.595858390544554e-05
2,9740,1,0,0.433002126031369
2,9745,0,0,6.186196114456883e-06
2,9747,0,0,0.0012413619888154512
2,9760,0,1,0.5412559745698945
2,9768,0,0,0.00017533180181884773
2,9769,0,0,0.009215329327506499
2,9773,0,0,0.05962151963541781
2,9783,0,0,0.19060537547862297
2,9796,0,0,0.08726690913562364
2,9798,0,0,4.7023275898111046e-05
2,9802,0,0,0.016944849661537184
2,9808,0,0,0.15435098467211375
2,9809,1,0,0.05726909534807414
2,9834,1,1,0.5088452166041705
2,9837,0,0,0.017362224531862112
2,9843,0,0,0.07723074037212006
2,9845,0,0,0.0043710200271261275
2,9846,0,0,0.028664508413562204
2,9853,0,0,0.0025876926687695163
2,9855,0,1,0.5666385263932838
2,9863,0,0,0.0002423299876895645
2,9864,0,0,0.00033919894425733034
2,9874,0,0,0.04591102412547565
2,9877,0,1,0.7016454085367302
2,9879,0,0,0.23088353120802646
2,9886,0,0,0.01682783689985589
2,9897,0,0,0.0020806944895958353
2,9904,0,0,0.48397910204925154
2,9913,0,0,0.00023203813787954063
2,9914,0,0,0.015244723849546836
2,9921,0,0,0.003974996396023262
2,9933,0,1,0.7199578254368548
2,9935,0,0,0.20479094308046705
2,9943,0,0,0.14259498292220557
2,9944,1,0,0.28329679824294923
2,9946,1,1,0.9765043384699855
2,9953,0,0,0.02238036468332011
2,9955,1,1,0.9257629076823141
2,9974,0,0,0.05806590025082811
2,9980,0,0,0.010190407251335345
2,9982,0,0,0.09496159227546719
2,9985,0,1,0.9232314585530819
2,9988,0,0,0.0007560501984628038
2,9991,0,0,0.00015939408865002697
2,9993,0,0,0.012594759492900273
2,9995,0,0,0.18780309857327604
2,9996,0,0,0.0030479215758538194
2,9997,0,0,0.0013176657205458623
2,9999,1,1,0.6821712826481078
2,10004,0,0,0.15107186616497614
2,10006,0,0,0.1493805367832619
2,10011,0,0,0.0002492661324786707
2,10014,0,0,0.4985434301207829
2,10015,1,1,0.9860230074017756
2,10016,0,0,0.01335467030141063
2,10019,1,1,0.8708531271088922
2,10020,0,0,0.47927190070003856
2,10024,0,0,0.0007313144129156372
2,10025,0,0,0.021964546715806985
2,10027,1,1,0.893060452993763
2,10038,0,0,0.047686314800788464
2,10044,0,0,0.0036360791485174977
2,10050,0,0,0.38247624495635835
2,10051,1,1,0.9939394166822579
2,10059,0,0,0.02430282886687983
2,10061,0,0,4.9525756651885635e-05
2,10063,0,1,0.9153175765488812
2,10073,0,0,0.0018706076056562492
2,10085,1,1,0.865835282512409
2,10089,0,0,0.07953079434235776
2,10091,0,1,0.5234523095121134
2,10095,0,0,0.04597582841695958
2,10103,0,0,0.000629515608045032
2,10108,0,0,0.0015533524430481067
2,10132,0,0,0.007821830988469737
2,10133,0,0,0.0016587921910944632
2,10148,0,0,0.36877207948479773
2,10152,1,1,0.6498272418978968
2,10155,0,1,0.7331738197397327
2,10160,0,0,0.0005261763083271902
2,10162,0,0,0.01638135908099834
2,10167,0,1,0.7858967025407465
2,10172,0,0,0.03371646894595402
2,10174,0,0,0.0007986437045796949
2,10177,0,0,0.0399197085526212
2,10178,0,1,0.7768956280924724
2,10188,0,0,0.0005909735781691608
2,10189,0,0,0.035928341742101966
2,10191,0,0,0.022049184169323287
2,10195,0,0,0.0041183894687236745
2,10198,0,1,0.6329008490861547
2,10199,0,1,0.5653297447931022
2,10203,0,0,0.20973357063017756
2,10205,0,0,0.2791480663197679
2,10206,1,1,0.5144890115586572
2,10207,1,1,0.9968351221609605
2,10221,0,0,0.006914421358561968
2,10222,0,1,0.6622356875022644
2,10227,0,0,0.003907230752328844
2,10232,0,0,0.011097442448695642
2,10235,1,0,0.4576960219297306
2,10240,0,0,0.0008803055962014431
2,10241,1,1,0.681265663298689
2,10242,1,1,0.8190531985837058
2,10255,0,0,0.0007264902414939925
2,10270,0,0,0.011639647452349898
2,10272,0,0,0.013739750550395878
2,10275,1,1,0.6953896669295648
2,10285,0,0,0.0253953220388148
2,10293,0,0,0.0013070279065359044
2,10300,1,0,0.4144997738084388
2,10303,0,0,0.0787228832114042
2,10307,0,0,0.01649249866206204
2,10308,0,0,0.0004427032312939959
2,10312,1,1,0.6155463673617888
2,10313,0,1,0.8256026190744203
2,10320,1,1,0.5463557304856274
2,10321,0,0,0.034473523486837875
2,10324,0,1,0.6983635304073533
2,10329,1,0,0.10164499124607927
2,10330,0,0,0.19558506773466625
2,10339,0,0,0.0002204963138194814
2,10343,0,0,0.05629052940557073
2,10344,0,0,0.013486090913291707
2,10361,1,0,0.026748125663332237
2,10363,0,0,0.010682809815582442
2,10369,0,0,0.0003138614514606004
2,10374,0,0,0.10602219403233804
2,10380,1,1,0.533487230953069
2,10383,0,0,0.004816330249671341
2,10389,0,0,0.004118607740087358
2,10395,1,1,0.9633115775429713
2,10396,0,0,0.0009530353681369129
2,10402,1,1,0.9926562537384114
2,10403,0,0,0.0012674230215228626
2,10413,0,0,0.0010309986610288198
2,10414,1,0,0.275097763414762
2,10417,1,1,0.5293157608672554
2,10419,0,0,0.03286693024216307
2,10420,1,0,0.0563434079009141
2,10423,1,1,0.9885717570567922
2,10431,0,0,0.021043610247040528
2,10432,0,0,0.0003744393353660792
2,10433,0,0,0.14272823935953238
2,10435,0,0,0.02060134264796959
2,10437,0,0,0.12586602094360444
2,10439,0,0,0.003832532369857808
2,10441,1,1,0.8025282748222035
2,10450,0,0,0.0051091904283145665
2,10455,0,0,0.14398554111747353
2,10456,0,0,0.04521583849994712
2,10460,1,0,0.19059911847017796
2,10467,0,0,0.0011152227049942792
2,10472,0,0,0.13087408479750648
2,10473,0,0,0.0032117597985012827
2,10482,0,0,0.4005979060645029
2,10483,0,0,0.008424067611756198
2,10493,0,0,0.0024328645761453093
2,10494,0,0,0.01205610139134904
2,10495,0,0,0.452158851669832
2,10498,0,0,0.00034171014552274783
2,10505,0,0,0.008792191524330414
2,10507,0,0,0.15708610645403834
2,10508,0,0,0.007908390065935713
2,10515,0,0,0.004072903577365782
2,10520,0,1,0.7691602415859232
2,10525,0,0,0.012504793871768729
2,10528,0,0,0.019201917234720436
2,10533,0,0,0.04351168014431357
2,10541,0,0,0.016075221937030985
2,10543,0,0,0.11015790623980902
2,10548,1,1,0.8523932156013603
2,10551,0,0,0.008826183985148556
2,10559,0,0,0.009953469950244324
2,10566,0,0,0.005467845565196602
2,10572,0,1,0.7605551983404313
2,10581,1,0,0.16659058200060614
2,10588,1,0,0.2200426493372386
2,10591,0,0,0.018891748553445577
2,10603,1,1,0.9962395894906444
2,10614,0,0,0.3889804933451744
2,10616,0,0,0.008222645585166093
2,10617,0,0,0.00024384145777578937
2,10649,0,0,0.21499750756059566
2,10652,0,0,0.028145113662339953
2,10663,1,1,0.8917820275933201
2,10666,1,1,0.8208757743276953
2,10668,0,0,0.0708055114779034
2,10671,1,1,0.9673906652833244
2,10680,0,0,0.0022638721034791863
2,10686,0,0,0.006736539193060559
2,10691,0,0,0.00029227973267466036
2,10692,0,0,0.04259667127375014
2,10699,0,0,0.0033784337507025645
2,10700,1,1,0.9825217821782629
2,10715,0,0,0.005968500788844913
2,10728,0,0,0.09179105741418214
2,10730,0,0,0.41447524909420674
2,10734,1,1,0.9774534710349161
2,10740,0,0,0.014342361417615253
2,10748,0,0,0.002526677097907778
2,10749,0,0,0.00019924109126587605
2,10750,0,0,0.010910123637672747
2,10757,0,0,0.001541363753683987
2,10762,0,0,0.0009424326979511717
2,10765,1,1,0.5762206017202787
2,10776,0,0,0.0001324433666273016
2,10780,0,0,0.006063221775383161
2,10786,0,0,0.03305492946074435
2,10789,0,0,0.00025367779842588097
2,10791,1,1,0.9972370979326539
2,10793,0,0,0.3329459924165427
2,10795,0,0,0.27947901824244314
2,10803,0,0,0.16618116274501385
2,10805,0,0,0.018758529898897855
2,10812,0,1,0.7124466585734454
2,10816,0,0,0.007089582903077862
2,10818,0,0,0.2293448351135511
2,10820,0,0,0.0030044007303490247
2,10821,0,0,0.00017430246539157146
2,10837,0,0,0.31392142393156125
2,10842,1,1,0.9880523234651751
2,10850,1,0,0.4849185988033371
2,10854,0,1,0.9889883250576029
2,10857,0,0,0.020233517870709858
2,10866,0,0,0.0001466845038685044
2,10869,0,0,0.3377982644931388
2,10887,0,0,0.22404669360347623
2,10897,1,1,0.9690102869093202
2,10898,0,0,0.003906926705944982
2,10907,0,0,0.0011627987123436164
2,10908,0,0,0.0231456332365855
2,10913,0,0,0.21943233133642545
2,10922,0,0,0.03062312487856166
2,10934,0,0,0.012796405032231964
2,10937,1,0,0.3933365960957323
2,10941,0,0,0.0028636427262527975
2,10945,0,0,0.00082440589356871
2,10949,0,0,0.1722870627366915
2,10952,0,0,0.03386779901712483
2,10953,1,1,0.7926295992185313
2,10958,1,1,0.5308557482828337
2,10960,0,0,0.002008292711010255
2,10971,0,0,0.03161140298190685
2,10974,0,0,0.0063553689033986486
2,10976,0,0,0.27459423152326007
2,10981,0,0,0.21396092161762234
2,10982,0,1,0.5393584527628512
2,10985,0,0,0.01112671036360311
2,10990,1,1,0.6264698139861012
2,10991,1,1,0.9345781494116759
2,11002,0,0,0.0052900576680140745
2,11017,0,0,0.01845803268329375
2,11029,0,0,0.3306892642435357
2,11034,1,1,0.9703114966731247
2,11036,0,0,0.07809625870096921
2,11040,0,0,0.002629115579631549
2,11045,0,1,0.8356280105725649
2,11047,1,0,0.23851124549280997
2,11055,0,1,0.7198863191777045
2,11059,0,1,0.7053383398552859
2,11063,0,0,0.007867653452093717
2,11074,0,0,0.3382343571340926
2,11077,0,0,0.08736389635865811
2,11089,0,0,0.004153608078200983
2,11091,0,1,0.7945581832054958
2,11096,0,0,0.0025113908274950196
2,11102,0,0,0.00037870167656662375
2,11107,0,0,2.1906828428711206e-05
2,11125,0,0,0.018159277883101208
2,11127,0,0,0.0005565068599725087
2,11135,0,0,0.005804735004406798
2,11136,0,0,0.0007213384828486113
2,11138,0,0,9.985079340662455e-05
2,11140,1,1,0.701176933810064
2,11147,0,0,3.9422925148838346e-05
2,11151,0,0,0.029965192692684783
2,11158,0,0,0.01172923028072668
2,11168,0,0,0.0012912649108810178
2,11171,0,0,0.0010924671884104302
2,11178,0,0,0.0073874769519523984
2,11183,0,0,0.028060961019462816
2,11187,1,1,0.624392022793578
2,11193,1,1,0.7759926242755112
2,11204,0,0,0.0050748905052594405
2,11205,1,1,0.9791801125368441
2,11210,0,1,0.9513537834464943
2,11211,0,1,0.5697241374850249
2,11215,1,1,0.9210884457704728
2,11216,1,1,0.8734686968646099
2,11230,0,0,0.0033026729161440027
2,11232,0,1,0.5432635051175903
2,11237,0,0,0.050212807822521126
2,11240,0,1,0.7862001182785687
2,11243,0,0,0.3584209287602541
2,11245,0,0,5.6494024779039834e-05
2,11257,0,0,0.1389275107564943
2,11258,0,0,0.002689707997085611
2,11259,0,0,0.0062302701036059125
2,11260,0,0,0.4822564425559932
2,11261,0,0,0.053342499994381974
2,11263,0,1,0.7115227164082225
2,11265,0,0,0.014253860041386507
2,11270,0,0,0.0056315380921028784
2,11287,1,1,0.9974397883890603
2,11288,0,0,0.0018565196687385182
2,11293,0,0,0.002698778852700432
2,11297,0,0,0.0002280309295281738
2,11304,0,0,1.0561814623954838e-05
2,11310,0,0,0.0008160998275690493
2,11322,0,0,0.01432227876078764
2,11323,0,0,0.0036759889803202116
2,11326,1,1,0.8322196954148071
2,11327,1,1,0.9278943129285966
2,11332,0,1,0.7812869901410131
2,11343,0,0,0.10161924227363298
2,11348,0,0,0.4381462027727286
2,11352,1,1,0.9910953330121268
2,11359,1,1,0.8734949104503964
2,11360,0,0,0.0028741314516033856
2,11364,0,0,0.08276058970326247
2,11369,0,0,0.028466384636355133
2,11374,0,0,0.24630954342439254
2,11376,0,0,0.0002596780807625811
2,11383,0,0,0.07784473306763029
2,11396,0,0,0.0012547578844619225
2,11397,0,0,0.10421133406230682
2,11399,0,1,0.819654994236629
2,11405,1,1,0.9140183918998089
2,11408,0,1,0.7187298180035777
2,11431,0,0,0.017969366733509427
2,11433,1,0,0.2606982850377621
2,11434,1,1,0.8763824251821255
2,11437,0,0,0.48380824096942193
2,11440,0,0,0.15604444422832706
2,11447,1,1,0.5543410647405874
2,11453,0,0,0.2823657182073113
2,11467,1,1,0.8759537216857938
2,11471,0,0,2.162593358219208e-05
2,11473,0,0,0.2975479645836937
2,11476,0,0,0.0010771174982324259
2,11477,0,0,0.0016227275634836174
2,11485,0,0,0.001465145848733453
2,11488,0,0,0.24401832692990988
2,11493,1,1,0.8873817612005382
2,11494,0,1,0.7085838026071807
2,11501,1,1,0.9319776245231005
2,11502,0,0,0.257240987993585
2,11514,0,0,0.03096333501754691
2,11525,1,0,0.02543766826521274
2,11526,1,1,0.9927530859489007
2,11528,0,0,0.3590058266428285
2,11538,0,0,0.02762986213229727
2,11540,0,0,0.030811655606950244
2,11543,0,0,0.003241154359938838
2,11545,0,0,2.814228782892676e-05
2,11546,0,0,0.06103473790884681
2,11551,0,0,0.31702977845407926
2,11555,0,0,0.123395392951224
2,11557,0,0,0.08637918788667637
2,11559,0,0,0.47478766688857793
2,11564,0,0,0.002425946220915742
2,11568,0,0,0.00036920721094036617
2,11570,0,0,0.015115819455650447
2,11574,0,0,0.0017178980521717834
2,11583,0,0,0.023046851563834812
2,11587,0,0,0.00023437784869283904
2,11595,0,0,0.01994399617204705
2,11598,0,0,0.0082763485359159
2,11600,0,0,0.0016138652192732056
2,11603,0,0,0.4562996696634075
2,11608,0,0,0.3283681280594608
2,11610,0,0,1.8955677251085793e-05
2,11619,0,0,0.10753099847365072
2,11626,0,0,0.0017491273750187026
2,11647,0,0,0.013522551109239948
2,11659,0,0,0.07809637644883928
2,11673,0,0,0.005828604744085261
2,11674,0,0,0.021226695139729555
2,11678,0,0,0.03572512986253363
2,11682,0,1,0.8638429977297358
2,11685,0,0,0.010457623625582233
2,11709,0,0,0.07370140804880701
2,11710,0,0,0.019777312444155763
2,11712,1,0,0.18122909933560422
2,11717,0,1,0.5002510287826866
2,11720,0,0,0.37977451477713947
2,11734,0,0,0.001219976495944305
2,11736,0,0,0.004431975627287342
2,11740,0,0,0.35430101707250117
2,11742,1,0,0.19697745422643861
2,11743,1,1,0.9991114629224642
2,11745,1,1,0.9490039485546199
2,11749,1,1,0.8903866543986909
2,11750,0,0,0.0041705122749248836
2,11751,0,0,3.202306211891318e-05
2,11759,1,0,0.37154231227929957
2,11760,0,0,5.966743445324121e-05
2,11763,1,1,0.9465072223248435
2,11764,1,1,0.6057938088521425
2,11765,1,0,0.4941842361125669
2,11771,0,1,0.7653585642528498
2,11772,0,0,0.01786553457723289
2,11773,0,0,0.01221477044771024
2,11783,0,0,0.0886310461651527
2,11786,1,1,0.9885235809441645
2,11788,1,1,0.8733709508874379
2,11789,0,0,0.19895456789062924
2,11805,0,0,2.319549902708327e-05
2,11808,0,0,0.01510445378287301
2,11811,1,1,0.9950694041354443
2,11813,0,1,0.9070582550949801
2,11816,0,0,0.24544720025992597
2,11820,0,0,0.007622870436501686
2,11824,0,0,0.00024532372573909494
2,11825,0,0,0.00029068496244433385
2,11839,0,0,0.2886800851050478
2,11842,0,0,0.0019120919241021285
2,11851,1,1,0.9967905201975465
2,11854,0,0,0.008153716809026275
2,11857,0,1,0.5543556443129621
2,11859,0,0,0.006759674705909062
2,11862,0,0,0.007528160074760598
2,11871,0,0,0.021491014628472346
2,11872,0,0,0.021590405556816235
2,11873,1,1,0.5741443896264833
2,11880,0,0,0.002308014053813827
2,11882,0,0,0.0003579904729999995
2,11887,0,0,0.11012714105166904
2,11890,0,0,0.032323996199185565
2,11899,0,0,0.0882799577486881
2,11907,0,0,0.05687130717893648
2,11908,0,0,0.01701112146490948
2,11913,0,1,0.6319262057977183
2,11916,0,0,5.5749770627286706e-05
2,11920,0,0,7.284508887191723e-06
2,11921,0,0,0.00034962454912598734
2,11926,0,0,0.00037777909659540086
2,11928,0,0,9.69116489081418e-05
2,11935,0,0,0.0018130218331154082
2,11937,0,0,0.000862695859189723
2,11938,1,1,0.981335225040441
2,11940,0,0,0.0058484515311602505
2,11948,0,0,0.008987583290985354
2,11959,0,0,0.20606146236029196
2,11962,1,1,0.9791815314240594
2,11977,0,0,0.4534970035140819
2,11988,0,0,0.0009562057412883147
2,11989,0,1,0.7610421929635566
2,11992,0,0,0.00028566263675022395
2,11996,1,0,0.00930599451808665
2,12002,0,0,0.048193656449832326
2,12003,0,0,5.45497780424533e-05
2,12006,0,0,0.0006853227510460145
2,12014,1,0,0.4843780276508436
2,12016,1,1,0.8860952285009557
2,12039,0,0,0.07262200714456347
2,12043,0,0,0.012903896642977673
2,12045,0,0,0.3724384067658478
2,12052,0,0,0.00873455341644197
2,12053,0,0,0.0003020561601773666
2,12058,1,1,0.9418295856715043
2,12060,0,0,0.004378006308220119
2,12061,0,0,0.0004588153256071967
2,12064,0,0,2.695283036886689e-05
2,12065,1,1,0.8989556335519993
2,12066,0,0,0.0016621954794111865
2,12069,0,0,0.007788734285020546
2,12074,0,1,0.6787436683828307
2,12081,0,0,0.029222105390963485
2,12085,0,0,0.41756975012572656
2,12086,0,0,0.0009982212208201903
2,12087,0,0,0.0006332360778853575
2,12090,0,0,0.00023925603075123348
2,12097,1,0,0.0778114207397729
2,12099,1,1,0.919251857503957
2,12102,0,0,0.43104550862034685
2,12103,0,1,0.6614003027667815
2,12110,0,0,0.0001718408106190741
2,12113,0,0,0.011325291294352065
2,12114,1,0,0.04939954113301511
2,12116,0,1,0.6943616705491593
2,12120,0,0,0.4538208249678684
2,12122,0,0,0.2702433616067865
2,12124,0,0,0.008072319288722363
2,12134,0,0,0.2914738974248669
2,12138,1,0,0.1653156264471267
2,12142,0,0,0.00307296367052107
2,12143,0,0,0.0008808451089836172
2,12145,1,1,0.6654378017902609
2,12166,0,0,0.06601031485782603
2,12169,0,0,0.07994767099745535
2,12171,0,0,0.0421365707347735
2,12178,0,0,0.018484843546623546
2,12182,0,0,0.08989924646797222
2,12183,0,0,0.490888785881951
2,12185,0,0,0.00864854352058056
2,12199,0,0,0.1440610602767525
2,12214,1,1,0.9896633667216
2,12216,0,0,9.487265433863487e-06
2,12223,0,0,0.02188578444548298
2,12227,0,0,0.11132543901834462
2,12228,1,0,0.1418638159519807
2,12238,0,0,0.0028842915414543082
2,12239,0,0,0.0025221593792866363
2,12256,1,1,0.9893458031302442
2,12259,1,0,0.33087260996360357
2,12264,0,0,0.05341769918895275
2,12265,0,0,0.3725638653173087
2,12267,0,0,0.00408639001028714
2,12268,0,0,0.28972776789991644
2,12270,0,1,0.7857107838600589
2,12272,0,0,0.0005569227095407119
2,12276,0,0,0.014396061253180256
2,12277,0,0,0.17072042243480434
2,12286,0,1,0.9607168621983245
2,12287,0,0,0.0008974796476097641
2,12294,0,0,0.14827451771286812
2,12302,0,0,0.005450930164894639
2,12305,1,1,0.9891166262949319
2,12308,0,0,0.18475275191404011
2,12310,0,0,5.832506844249246e-05
2,12311,0,0,0.00030777170177384333
2,12312,0,0,7.195451803936494e-05
2,12316,0,0,0.025955050006761564
2,12323,0,0,0.05061865325657813
2,12326,1,1,0.9825196547297796
2,12327,0,0,0.0006099513826062814
2,12328,0,0,0.019750429635886003
2,12341,1,1,0.9952582949618383
2,12343,1,1,0.7531630037858744
2,12349,0,0,0.001173840011195064
2,12350,0,0,0.0003909002036412974
2,12354,0,0,0.0025280592755345596
2,12355,0,0,0.0005496561579806413
2,12363,0,0,0.42925195450473097
2,12380,0,1,0.6941208370069759
2,12388,0,0,0.03707070633627486
2,12392,0,0,0.07047952811621994
2,12393,0,0,0.027593496155038998
2,12396,0,0,0.12886683020830034
2,12405,0,0,0.02216592553170646
2,12407,0,0,0.05859905484963684
2,12412,0,0,0.028914719282285544
2,12418,0,1,0.5692367380046907
2,12426,0,0,0.018324956211879885
2,12429,1,1,0.7373398157493822
2,12432,0,0,0.006948338938673543
2,12437,0,0,0.17350880424772883
2,12443,0,0,0.18730479378880366
2,12447,0,0,0.015367316393650243
2,12456,1,1,0.9980426466216807
2,12457,0,0,5.4862550942669346e-05
2,12460,0,0,0.0634139590572284
2,12461,0,1,0.7387308007714832
2,12462,0,0,0.008466842675907041
2,12466,1,1,0.8664215988572671
2,12469,0,0,0.0009107996325210137
2,12470,1,1,0.9787621578266246
2,12480,0,0,0.002746393722049435
2,12494,0,0,0.31540553202137
2,12502,0,0,0.03184142528830148
2,12503,1,1,0.8300404849974098
2,12512,0,0,0.0003144553324030769
2,12515,1,1,0.9927864471176209
2,12518,0,0,0.1766259505157206
2,12523,0,0,0.0018537921043027213
2,12527,1,1,0.7126537143526258
2,12529,0,0,0.02206425788524753
2,12535,1,1,0.9175228898046522
2,12537,0,0,0.006063162978004361
2,12540,0,1,0.813849766279012
2,12541,1,1,0.8836699096747144
2,12546,0,1,0.5824184518093282
2,12549,0,0,0.039695799468703545
2,12551,0,0,0.05699876695210295
2,12561,1,0,0.05775092032838882
2,12562,0,0,0.08798211713270992
2,12568,0,0,0.00645342444860272
2,12573,0,0,0.19164421333255838
2,12578,0,0,0.0005901935863482832
2,12585,0,0,0.0006929946646053461
2,12587,0,0,0.007696786349703232
2,12600,1,1,0.9873817911796006
2,12603,0,0,0.0007427123735245087
2,12609,0,0,0.005760749196727434
2,12618,0,0,0.31415805606037284
2,12630,1,0,0.3265262599769585
2,12641,0,0,0.07601226786752545
2,12646,0,0,9.454674591410652e-05
2,12648,0,0,9.440374978287009e-05
2,12650,0,0,0.009290487496214497
2,12652,0,0,0.1176523911374369
2,12655,0,0,0.009308896590902194
2,12657,0,0,0.10471625922430793
2,12661,0,0,0.2981384514968635
2,12662,0,0,0.48484330757232635
2,12663,1,1,0.8917525725721908
2,12667,0,0,0.11595825124726909
2,12679,0,0,0.008731463309876182
2,12685,1,1,0.779130642290325
2,12686,1,1,0.9578014343470405
2,12695,0,0,0.09229059071863265
2,12702,0,0,0.22729693731396308
2,12707,0,0,0.11894521029874291
2,12711,0,0,0.00989463653732588
2,12715,0,0,0.015685695133994308
2,12726,1,1,0.7800133353489542
2,12735,0,0,0.00013641123378841603
2,12737,0,0,4.2644699567499036e-05
2,12747,0,0,0.007435445060618981
2,12752,0,0,0.008940089191800617
2,12757,1,1,0.929883071381144
2,12759,0,0,0.015055138511910607
2,12760,0,0,0.019696695597074942
2,12761,0,0,0.3573443286355075
2,12762,0,0,0.010840423931220054
2,12763,0,0,0.06385252697686024
2,12767,0,0,0.00032793511482217424
2,12768,1,1,0.9074708070723613
2,12769,0,0,0.001484219494069394
2,12785,0,1,0.8851859748188694
2,12794,0,0,0.2229541963891862
2,12795,0,1,0.7300106479126821
2,12799,0,0,0.01702241388808565
2,12802,0,1,0.799595114832682
2,12809,0,0,0.0020408874804705656
2,12819,0,0,0.22811121607394824
2,12822,0,0,0.38379694715277857
2,12824,0,0,0.002680336826759697
2,12825,0,0,3.948625118142236e-05
2,12827,0,0,0.04401966921503801
2,12828,0,0,0.40062586473440726
2,12832,0,0,0.035210461807030455
2,12834,0,0,0.06055555601417026
2,12840,0,0,0.001715664059269243
2,12842,0,0,0.020692811328497377
2,12849,0,0,0.0031651787132721196
2,12856,0,0,0.03959752719545826
2,12862,0,0,0.0004991751157429526
2,12864,1,1,0.976349030987517
2,12865,0,0,0.003839027948818503
2,12873,0,1,0.9411416381263188
2,12879,0,0,0.12296439832969998
2,12880,0,0,0.036943259032967454
2,12882,0,0,0.021752018448368965
2,12884,0,0,0.20225198109646014
2,12886,0,1,0.6747134993289802
2,12888,0,0,0.006846259394700955
2,12891,0,0,0.07952573894248749
2,12892,1,0,0.18601408699813105
2,12894,1,1,0.9945739394417089
2,12900,1,1,0.9647820376758551
2,12902,0,0,0.06729085955969458
2,12904,0,0,0.0012135768305812583
2,12905,0,0,0.00015809997436829176
2,12907,0,0,0.07897204908636442
2,12913,1,1,0.9938727134578335
2,12916,0,0,0.0009308098837456251
2,12925,1,1,0.9791554039359458
2,12927,1,1,0.5617385699939973
2,12950,0,0,0.19955738152630215
2,12954,1,1,0.9759596424476821
2,12958,1,1,0.9406794118433256
2,12966,0,0,0.0005697193343661143
2,12976,0,0,0.0008245655692928459
2,12989,0,0,0.010507788231753459
2,12991,0,0,0.008277438618658208
2,13000,0,0,9.867754144973726e-05
2,13001,0,0,0.28777112638269126
2,13009,0,0,0.010981947749150523
2,13013,0,0,0.003785848076021084
2,13021,0,0,0.003461932586952371
2,13022,0,0,0.4239427765336025
2,13024,1,1,0.9795500693295079
2,13026,0,0,0.003391868328935209
2,13027,0,0,0.015437408464273196
2,13028,0,0,0.03910765531414474
2,13029,0,0,0.0021549676441974825
2,13039,0,0,0.004570119248217304
2,13041,1,1,0.9953923926944093
2,13042,0,0,0.13769190510351173
2,13048,0,0,0.010061726994803932
2,13053,0,0,0.000336405870996114
2,13060,1,1,0.7668918808043926
2,13067,1,1,0.9767021780044359
2,13084,0,0,0.0019358194822946618
2,13085,0,0,0.1501903243751597
2,13092,0,0,0.031471850648484685
2,13102,1,1,0.8928129534865431
2,13103,1,0,0.18300371708851218
2,13107,0,0,0.00018086879851599418
2,13112,0,0,0.08012482010183145
2,13114,0,0,0.1302199188659926
2,13118,0,0,0.010081486596682912
2,13121,0,0,0.15926083838270358
2,13122,0,0,0.0005192434144104899
2,13125,1,0,0.12176690443681201
2,13127,0,0,0.0010141999123863877
2,13145,0,0,0.0037756278961708777
2,13153,0,0,0.0022884201521756473
2,13154,0,1,0.7208149079257197
2,13155,0,0,0.37270494261715814
2,13169,1,0,0.39339086837411197
2,13170,0,0,0.0001928042935039416
2,13190,1,1,0.9313679461517561
2,13194,0,0,0.0007533367519891389
2,13204,0,0,0.2359569169987902
2,13207,0,0,0.02413474901185355
2,13213,1,1,0.9967384665937631
2,13214,0,0,0.20245113850891655
2,13216,1,1,0.9912172271993133
2,13217,0,0,0.006026686396862812
2,13219,0,0,0.48049982313875633
2,13223,0,0,0.029933077368814124
2,13224,0,0,0.17491212985220292
2,13230,0,0,0.013835061291899476
2,13236,1,1,0.9984672618463155
2,13241,0,0,4.8257916823804805e-05
2,13250,1,1,0.9971068294051517
2,13257,1,0,0.4901148831175221
2,13276,0,0,0.0008745674969198535
2,13281,0,0,0.029502081461536413
2,13282,1,1,0.9991328883566005
2,13292,1,1,0.849266395100551
2,13296,0,1,0.6599011808320207
2,13302,0,0,0.0015155672096813639
2,13307,0,0,0.004422486508979956
2,13308,1,0,0.40830500621722887
2,13329,0,0,0.0030233621677831276
2,13336,0,1,0.7398292855567445
2,13337,0,0,0.023291201390658534
2,13350,0,0,0.0007694412353086183
2,13353,0,0,0.22903823324619696
2,13354,0,0,0.037992179993084275
2,13360,0,0,0.00035646128146521537
2,13361,0,0,0.0593294490424164
2,13365,0,0,0.039852160123778076
2,13375,0,0,0.01320239081712987
2,13380,0,0,0.001810531169958966
2,13384,0,0,0.005746807715547608
2,13385,0,1,0.701024951761658
2,13396,1,1,0.9241089354437024
2,13402,0,0,0.08481786594350513
2,13405,0,0,0.009686657176822521
2,13408,0,0,0.0034690197872908313
2,13409,0,0,0.004781786211172459
2,13414,1,1,0.7203171687037034
2,13417,0,1,0.6916812079443128
2,13427,0,0,0.17125489884951303
2,13430,0,0,0.2104366585010763
2,13431,1,1,0.994370508706413
2,13435,0,0,0.038766254707682135
2,13438,0,0,0.1336929602335168
2,13440,0,0,0.005326712005974126
2,13445,0,0,0.06804302010547028
2,13446,0,0,0.02631948488073921
2,13449,0,0,0.018556813175440383
2,13454,0,0,0.12848649261662193
2,13456,0,1,0.9203166492077871
2,13458,0,0,0.006821948748807585
2,13460,1,1,0.9981651294660199
2,13478,0,0,0.45671554286295396
2,13482,1,0,0.34726450737648884
2,13491,0,0,0.00045921818040855556
2,13501,0,0,0.01627862351579286
2,13502,0,0,0.05842605330850838
2,13505,0,1,0.7610073035271642
2,13509,0,0,0.000505471911703384
2,13510,0,1,0.8798329969204177
2,13517,0,0,0.016483386240371194
2,13526,0,0,0.009140135425715241
2,13531,0,0,0.41054533597635245
2,13535,1,1,0.9659387185092206
2,13542,1,1,0.9963539186058943
2,13543,0,0,0.18705722601826485
2,13548,1,0,0.29393219506357227
2,13561,1,1,0.7402837239632205
2,13564,1,1,0.5062531607955776
2,13565,0,1,0.7544932334836496
2,13567,0,0,0.007032027462371894
2,13584,0,0,8.400169537698233e-05
2,13586,0,0,0.12588018819163552
2,13597,0,0,0.013267819753712586
2,13602,0,0,0.000868973122003712
2,13604,0,0,0.016030723840332457
2,13613,1,0,0.2694476264970907
2,13615,0,0,0.013591906730928423
2,13623,0,0,0.3196748009498067
2,13632,0,0,0.042511351334679336
2,13634,0,0,0.030132660460200297
2,13643,0,0,0.06351973645581428
2,13645,0,0,0.01724201435944645
2,13651,0,0,0.0018429079768718085
2,13654,0,0,0.008651754857643532
2,13656,0,0,0.0022586630718644893
2,13668,0,0,0.00302800833784807
2,13678,0,0,0.0009588775802407625
2,13692,0,0,0.0009360498322425893
2,13697,0,0,0.00012114814522452833
2,13701,0,0,0.044448775736562925
2,13702,0,0,0.008372019190037109
2,13713,1,1,0.9983507172841265
2,13723,1,0,0.4579645659058529
2,13736,1,1,0.8831708305687344
2,13737,0,0,0.0006583076257435216
2,13741,1,1,0.9146365241378813
2,13747,0,0,0.0010265480670924377
2,13749,0,0,0.0002880129413469316
2,13750,0,0,0.08607181634114758
2,13752,0,1,0.8526718455847557
2,13761,1,1,0.9980051757806506
2,13768,0,0,0.08776069904972873
2,13769,0,0,0.0009014059401234164
2,13771,1,1,0.8742026126377153
2,13777,0,0,0.0030166811059706435
2,13781,0,1,0.7152783108593557
2,13784,0,0,0.00028261426610983804
2,13788,0,0,0.43152722576456987
2,13789,0,1,0.8784472283211834
2,13796,0,0,0.00014729695755057924
2,13802,0,0,0.0238403507159775
2,13804,1,1,0.9558842458664666
2,13807,0,0,0.021751531062776087
2,13810,1,1,0.8900710623605299
2,13812,0,0,0.10784026414398012
2,13822,0,0,0.005426568657436009
2,13831,0,0,0.17901050016002118
2,13835,0,0,0.00035478142207325745
2,13836,1,1,0.9273386074240801
2,13840,0,0,0.009481551903140968
2,13841,0,0,0.26942584655488583
2,13850,0,0,0.005119296029902913
2,13854,1,1,0.9919091764823406
2,13866,0,0,8.07809239920871e-05
2,13867,0,0,0.1146854458989487
2,13876,0,0,0.03719456351543875
2,13883,0,0,0.0008874583163276371
2,13884,0,0,0.3176043517703206
2,13885,1,1,0.670877517310379
2,13892,0,0,0.0061746609177214
2,13897,1,1,0.6680197562649846
2,13904,0,0,0.08054965869689557
2,13906,0,1,0.5268820930682294
2,13910,0,0,0.00014772199212751831
2,13911,0,0,0.006298113425384488
2,13915,0,0,0.0003869263700453446
2,13917,0,0,0.26243992461571336
2,13918,0,0,0.004260149670972776
2,13922,0,0,0.034686852808711297
2,13928,0,0,0.015911015323304478
2,13934,0,0,0.0005091260980475605
2,13936,0,0,0.005112585670703115
2,13937,0,0,0.04022583391532441
2,13944,0,0,0.00014427243519259553
2,13948,0,0,0.2573533247625864
2,13949,0,0,0.02016035739049386
2,13953,0,0,0.0002464570812937816
2,13968,0,0,0.01769166352925306
2,13972,0,0,0.07533919394258708
2,13977,0,1,0.7888824851294735
2,13981,0,1,0.8854637676752838
2,13982,0,0,0.03215729940604167
2,13986,1,1,0.7897054701458243
2,13997,0,0,0.00019909957267475657
2,14003,0,0,0.3866404425461582
2,14004,0,0,0.012050657297090765
2,14007,0,0,0.02229073934719543
2,14010,0,1,0.6983167626046091
2,14012,0,1,0.607550819828122
2,14015,0,0,0.000336615592485815
2,14017,0,0,2.233969701290659e-05
2,14038,0,0,0.0006474324150152472
2,14041,0,0,0.026824737036935727
2,14043,0,0,0.0054132882347545834
2,14048,0,0,0.0015641417919141668
2,14050,0,0,0.23740957059473208
2,14051,0,0,0.20548063596720384
2,14053,0,0,0.04799950849131522
2,14063,0,0,0.012143628081743418
2,14064,1,0,0.4140103601261824
2,14069,0,0,0.0026570717168104456
2,14073,0,0,3.942781082645576e-05
2,14074,0,1,0.6809817228310375
2,14078,0,0,0.0023796011371383084
2,14079,0,1,0.8409207787934037
2,14084,0,0,0.000144433528546256
2,14091,0,1,0.603686245772554
2,14094,1,1,0.9741138463400619
2,14105,0,1,0.8239989852660902
2,14119,0,0,0.010658198622511312
2,14121,1,1,0.9700942881815015
2,14123,0,0,0.0020366385538588363
2,14126,0,0,4.82209832825723e-06
2,14140,0,0,0.003356839404012147
2,14141,0,0,0.2672114693146663
2,14147,0,0,0.014811204451772534
2,14149,1,1,0.974061347501346
2,14159,0,0,8.637429898731801e-07
2,14160,0,1,0.8677530503070493
2,14165,1,0,0.16577948907193507
2,14169,0,1,0.9291818915806909
2,14183,0,0,0.0010563902303238346
2,14190,0,1,0.675426238350559
2,14191,0,0,0.002707004719450745
2,14197,0,0,0.0006361962842140366
2,14201,0,0,0.25456519180168824
2,14202,0,1,0.9169415349051626
2,14206,0,0,5.481241631195771e-05
2,14208,1,1,0.8334556006297378
2,14212,0,0,0.000657159358407184
2,14215,0,0,0.00022753235453496426
2,14227,1,0,0.41876037051124254
2,14230,0,0,0.2608598618271716
2,14234,0,0,0.005920417980413555
2,14239,0,0,0.07793077962196951
2,14242,0,0,0.0016149293917541228
2,14245,1,0,0.05998178918861821
2,14250,0,0,0.07371822452996638
2,14252,0,0,0.13226484760772372
2,14258,0,0,0.0006647926434928202
2,14261,0,1,0.8150531242445498
2,14264,0,1,0.6822467290827652
2,14265,1,1,0.9100366920504885
2,14270,1,0,0.27084666892785125
2,14272,0,0,0.3693844665627454
2,14282,0,0,0.14638352726845183
2,14289,0,1,0.5844406863274519
2,14292,0,0,0.2594816642972341
2,14295,0,0,0.00024248414601099792
2,14296,0,0,0.005577262379513412
2,14317,0,0,0.05618316197591704
2,14324,0,0,0.03512518899240446
2,14325,0,0,0.00010278114102348882
2,14328,1,1,0.9731327144494916
2,14332,0,0,0.11098466060758795
2,14335,0,0,0.0013854466069261131
2,14338,1,0,0.29613494154516495
2,14341,1,1,0.9228029495399345
2,14351,1,0,0.276336644459635
2,14353,1,1,0.9913002571330003
2,14372,0,0,0.0016015311501457574
2,14374,0,0,0.0061100149814217325
2,14375,1,1,0.981752077840066
2,14379,0,0,0.022728987902655408
2,14381,0,0,0.006455837271091891
2,14387,0,0,0.3910729701375216
2,14391,0,0,0.0004588985577456917
2,14400,0,0,0.03911639642021479
2,14408,0,0,0.0004457484013864703
2,14412,0,1,0.6535530339353535
2,14418,1,1,0.6786683485023823
2,14422,0,0,0.018169537662318245
2,14424,0,0,0.08060032670196597
2,14426,0,0,0.07257094132570051
2,14434,0,0,0.0027966643035123805
2,14436,1,1,0.9901088072120033
2,14439,0,0,0.007029772315203229
2,14444,1,1,0.9812269055427799
2,14446,1,1,0.9611005249138912
2,14448,0,0,0.014678392502356887
2,14451,1,1,0.9990924387631156
2,14454,0,0,0.0036676489135146102
2,14457,0,0,0.0008096524960581838
2,14475,0,0,0.4723016478507732
2,14483,0,0,0.3809537220403797
2,14489,0,0,0.11705578217725472
2,14497,0,0,0.0029427356275072802
2,14503,1,0,0.15903167336905577
2,14504,0,0,0.032542068599704016
2,14505,0,0,1.778884995839015e-05
2,14509,0,0,0.005352563095875811
2,14515,0,1,0.7195389485303724
2,14516,0,0,0.300124187348987
2,14521,0,0,0.0009225330685653051
2,14523,0,0,0.01846021869475132
2,14525,0,0,0.11285929940117113
2,14528,1,1,0.8969063674886272
2,14529,1,1,0.7486382198712876
2,14531,0,0,0.0021576514098861957
2,14534,0,0,0.0016269075355318365
2,14536,1,1,0.9981422748264845
2,14555,0,0,0.004770608312320559
2,14559,0,0,0.0002991040781733518
2,14561,1,1,0.9978603909130803
2,14563,0,0,5.3680837017017025e-05
2,14567,0,0,0.00022413711661211519
2,14582,0,0,0.000819102815464141
2,14585,0,0,0.023237085072320814
2,14586,0,0,0.0002494078373874686
2,14597,0,0,0.0017145191214784582
2,14598,0,0,0.13473854010577713
2,14604,0,0,0.006771101540954475
2,14605,0,0,0.006021335874382915
2,14606,1,1,0.6468884516211763
2,14609,0,0,0.014928420317089849
2,14616,0,0,0.001919170475443589
2,14617,0,0,0.00046832208888026325
2,14628,0,0,0.0018753282397836457
2,14632,0,0,0.018651117466405107
2,14635,1,1,0.8601049152763643
2,14645,1,1,0.813398968364059
2,14648,0,0,0.2787693803398894
2,14649,1,0,0.32528705991552265
2,14650,0,0,0.0649282755062056
2,14658,0,0,0.0017039717868383888
2,14678,0,1,0.6764956192831524
2,14682,0,0,0.1856054896647432
2,14690,0,0,0.23556573060631902
2,14697,0,0,0.10102101809633268
2,14701,0,1,0.5414457957965056
2,14705,1,1,0.7092371043826916
2,14707,0,1,0.6599695451819645
2,14708,0,0,0.3164146414631447
2,14715,0,1,0.5987018115366254
2,14721,0,0,0.14758996230181748
2,14722,0,0,0.0005309307236969847
2,14723,1,1,0.5096689104755033
2,14726,0,0,0.007074727099322702
2,14731,0,0,0.024141123022813293
2,14732,0,0,0.00021579811324712287
2,14733,1,1,0.8897759639457505
2,14736,1,1,0.6928854867296032
2,14740,0,1,0.5950878116574009
2,14743,0,0,0.09391812698124447
2,14757,1,1,0.9956605510941111
2,14762,0,0,8.596672491550157e-05
2,14771,0,0,0.004804366691462076
2,14776,0,0,0.037588894751087364
2,14783,0,0,0.009424442173787548
2,14784,1,1,0.8599932232780118
2,14792,0,0,0.4850759985399637
2,14793,0,0,0.0012888499169653568
2,14800,1,1,0.9828000661785208
2,14801,1,1,0.9660544410206587
2,14803,0,0,0.0008936682118316414
2,14805,0,0,0.07757524372539044
2,14812,0,0,0.22535608407337135
2,14816,0,0,0.00931355153282059
2,14817,0,0,0.022453135946123762
2,14822,0,0,0.00029498091828970515
2,14832,1,1,0.7226526478088653
2,14834,0,0,0.00039506133002388294
2,14848,0,1,0.8332895878545941
2,14855,0,0,0.18476948046564562
2,14860,0,0,0.0006015831242519357
2,14880,0,1,0.7308516508819543
2,14881,0,0,0.010930098725429533
2,14894,0,0,0.1315588855436229
2,14900,0,0,0.012380140371073475
2,14902,1,1,0.8513680467415369
2,14906,0,0,0.0042890366777471964
2,14914,0,0,0.03401990799177468
2,14916,0,0,0.0016124694254487358
2,14917,1,1,0.9623423282680204
2,14954,0,0,6.727285621516432e-05
2,14960,0,0,0.1670174715607604
2,14972,0,0,0.04726288358153235
2,14976,1,0,0.4852823086700199
2,14983,0,0,0.021090513672013797
2,14986,0,0,8.458721613664222e-05
2,14987,0,0,0.009096876579702491
2,15003,0,0,0.004286956357814014
2,15020,0,0,0.43792374075334173
2,15025,0,0,0.020286851372818205
2,15026,0,0,0.10847484115396129
2,15043,0,0,9.031828277983152e-05
2,15048,1,1,0.8596761134719432
2,15050,1,1,0.9368819931150485
2,15053,0,0,0.015629903804881315
2,15063,0,0,0.16834806264142899
2,15068,0,0,0.028372738330869895
2,15071,1,1,0.53341775490284
2,15087,0,0,0.0057014993572069945
2,15104,0,1,0.9353016209670605
2,15109,1,0,0.06481385855152379
2,15110,0,0,0.010881750565806945
2,15115,1,1,0.8633009475662188
2,15118,0,0,0.00960948970758583
2,15131,0,1,0.8222984102433861
2,15132,1,0,0.4903573151837603
2,15135,0,0,0.14911230738778875
2,15145,1,0,0.05632915704604934
2,15148,0,0,0.11360737848566968
2,15156,0,1,0.9485548232867291
2,15157,0,0,0.00010556208380606371
2,15159,0,0,0.011604852338500693
2,15164,0,0,0.00018948275911384124
2,15167,1,1,0.9851241955167491
2,15173,1,0,0.33887432860008315
2,15180,1,1,0.5811487548831586
2,15188,0,1,0.5507111125575169
2,15189,0,0,0.0012253663432431174
2,15192,0,0,0.0019648237167853976
2,15197,0,0,0.013981141069461413
2,15202,0,0,0.21086743705708322
2,15204,0,0,0.13071321857740228
2,15205,0,0,7.258193474147399e-05
2,15206,0,0,0.21856326467024087
2,15211,0,0,0.011063706927507255
2,15213,0,0,0.4295625745950452
2,15214,0,0,0.000889614763187976
2,15234,0,1,0.5335409274909436
2,15236,0,0,0.0047724683460030415
2,15238,0,0,0.005151712244747598
2,15241,0,0,0.12159858870604308
2,15250,0,0,0.0004554584722147027
2,15251,0,0,0.022880030827683084
2,15252,0,0,0.008427497732224825
2,15259,0,0,0.0010968182152839164
2,15264,0,0,0.0033643112855510815
2,15266,0,0,0.00014977270094179585
2,15276,1,1,0.7849815393539438
2,15283,0,0,0.03017891568796074
2,15284,0,0,0.008701609409268816
2,15287,0,0,0.0009672048220398508
2,15290,0,0,0.000781651609725431
2,15292,1,1,0.9326034115109486
2,15296,0,0,0.02865481843493427
2,15299,0,0,0.002596054282210255
2,15300,0,0,0.016916063931927745
2,15310,0,0,0.011519358559718655
2,15318,0,0,0.014767211386276655
2,15323,0,0,0.20801612105189346
2,15335,0,0,0.004693829412999781
2,15348,1,1,0.8571220157963363
2,15350,0,1,0.5158364107035222
2,15352,0,0,0.0002949998265211338
2,15360,0,0,0.4718615600317515
2,15364,0,0,0.0018837212790561865
2,15365,0,0,0.007171760164375191
2,15369,0,1,0.9054857146874039
2,15375,0,0,0.012406829465022745
2,15384,0,0,0.12211776238098312
2,15385,0,0,0.33908944245440686
2,15390,0,0,0.005612423343477908
2,15395,0,0,0.000279826917389163
2,15397,0,0,0.0020599478293910484
2,15399,0,0,0.006099189656715726
2,15401,1,1,0.9413437469291404
2,15417,0,0,0.04465462464928457
2,15444,0,0,0.0011382486264327424
2,15446,0,0,0.004262841247981097
2,15453,0,1,0.7193150857330518
2,15454,0,0,0.26756324317861924
2,15458,1,0,0.0893838558308858
2,15459,0,0,0.0009888699376669609
2,15461,0,1,0.9186756990069453
2,15463,1,1,0.9475716432333879
2,15464,0,0,0.3515994416966861
2,15469,0,0,0.01354687026857024
2,15471,0,0,0.13632226136364003
2,15483,1,1,0.8979536214577236
2,15485,0,0,0.0011704267894818115
2,15495,0,0,0.002480043035909741
2,15506,1,1,0.8303032652015572
2,15510,0,0,0.0003718772300097935
2,15516,0,0,0.0983256399256415
2,15528,0,0,0.35681457197730143
2,15529,0,0,0.15948977868618802
2,15537,0,0,0.00842013437258219
2,15554,1,0,0.395895716917036
2,15560,0,0,0.0005345035677340206
2,15563,1,0,0.0688654128931244
2,15569,0,0,0.005153715573755177
2,15571,1,1,0.8776044209194555
2,15573,1,1,0.8818671363591436
2,15574,0,0,0.005834107478700178
2,15579,0,0,0.07296497076476757
2,15597,1,1,0.5488993592342764
2,15599,0,0,0.09320404754995588
2,15603,0,0,1.4270430559652951e-06
2,15606,0,0,0.25189541846199287
2,15614,0,0,0.0014640191901873257
2,15615,1,1,0.857543535273392
2,15620,0,0,0.0008476162700265537
2,15621,0,0,0.012961092042563677
2,15638,1,0,0.04900364788893008
2,15645,0,0,0.43959640956612966
2,15647,1,1,0.9981582229413478
2,15648,0,1,0.8253084845426085
2,15650,0,0,0.09373228132456848
2,15653,0,0,0.003675265892401964
2,15664,0,0,0.00024012661666644757
2,15670,0,0,0.002372734961337795
2,15671,0,0,0.08069496841533802
2,15684,0,0,0.2788905769667931
2,15686,0,0,0.0005005853881513015
2,15690,0,1,0.7379721209393401
2,15696,0,0,0.03991111569807933
2,15706,0,0,0.22263631146595875
2,15709,0,0,0.002504567462646838
2,15730,1,1,0.998924989896875
2,15733,1,1,0.711740987933848
2,15736,1,1,0.9443168335005954
2,15739,0,0,0.023409409787337583
2,15740,1,0,0.14747280805857144
2,15753,0,0,0.00029948772181568006
2,15754,0,0,0.19143983128903166
2,15770,0,0,8.463251147350144e-05
2,15771,0,1,0.9914812711324283
2,15774,0,0,0.00015880490744198103
2,15782,0,0,0.0005347018928829119
2,15783,0,0,0.0007114522728466865
2,15791,0,0,0.059675969158901596
2,15801,0,1,0.5505454413390155
2,15807,0,0,0.006978959263705798
2,15812,1,1,0.8592299131638417
2,15813,1,1,0.9628042080675158
2,15816,0,0,0.0038808042516300535
2,15829,0,0,0.0018284111752950153
2,15832,0,0,0.0031147732204926657
2,15836,0,1,0.7646628546816651
2,15852,1,1,0.8599376467513246
2,15854,0,0,0.21617295183068438
2,15857,0,0,0.009755254500081762
2,15859,0,0,0.005586778041211719
2,15878,1,1,0.860317923440595
2,15891,1,1,0.9524612542243768
2,15892,1,0,0.4292985196858828
2,15896,0,0,0.010480832517551395
2,15904,1,1,0.866257034024956
2,15911,0,0,0.053934662205468546
2,15917,0,0,0.4440716242149398
2,15935,0,0,0.0283945519702802
2,15936,0,0,0.18805265224305678
2,15939,1,1,0.8876145421786069
2,15942,0,0,6.429791137114098e-06
2,15945,0,0,0.0007904597675621633
2,15947,0,1,0.5279647384794315
2,15953,0,0,0.03387360016895377
2,15974,0,1,0.8889781971372047
2,15978,0,0,0.0005273412351522073
2,15982,0,0,0.06760776270487107
2,15984,1,1,0.9608440499403759
2,15986,0,0,0.012903745964423641
2,15987,0,0,0.007686466496874856
2,15997,0,0,0.02559228650168594
2,16000,0,0,0.04013452115618866
2,16002,0,0,0.0034236053243526894
2,16008,0,0,0.18982720725677643
2,16012,1,1,0.8953918824212492
2,16021,0,0,0.002218099936680502
2,16024,1,0,0.42016528734723035
2,16025,0,0,0.0004097177805489324
2,16030,0,0,2.0223740053855978e-05
2,16038,0,0,0.06252916758912612
2,16039,1,0,0.41915551054136096
2,16046,1,1,0.8659463651918392
2,16050,0,0,4.101359149722837e-05
2,16051,1,1,0.5932891151628982
2,16054,0,0,0.0004740674618799025
2,16058,0,0,0.008370733790635493
2,16065,0,0,0.009321888097780258
2,16066,0,0,0.4835027645005131
2,16070,0,1,0.5946360576927336
2,16078,0,0,0.013204287877728432
2,16080,1,1,0.9597954039315147
2,16081,0,0,0.03348867701647975
2,16084,0,0,6.771219219657103e-05
2,16102,0,0,0.16910057452342742
2,16105,0,0,0.1889560454135249
2,16109,0,0,0.014266776500076954
2,16111,0,0,0.10679021886531218
2,16123,0,0,0.0002139145432345484
2,16129,0,0,0.02160661952562023
2,16131,0,0,0.041548401132171335
2,16132,0,0,0.15277854771968358
2,16138,0,0,0.2805286596269816
2,16146,0,0,0.0018183228614191303
2,16152,1,1,0.7041565289428766
2,16165,0,0,0.44255205837102535
2,16167,0,0,0.018022292084931956
2,16171,0,0,0.021731737593837282
2,16172,0,0,0.03003821888603755
2,16173,0,0,0.00010978451498180258
2,16177,0,1,0.8370711236426718
2,16183,0,0,0.0014799915549656695
2,16188,0,0,4.8029768843148445e-05
2,16191,0,0,0.008811201346815817
2,16193,0,0,0.0019505987216947062
2,16195,0,0,0.00012233936382592832
2,16201,0,0,0.0935602499160709
2,16205,0,1,0.5435547667084231
2,16206,0,0,0.002583424368807014
2,16210,0,0,0.002010709005617138
2,16213,0,0,0.005131471382312587
2,16217,0,0,0.06886671922551585
2,16222,0,0,0.0044269327499086245
2,16233,0,0,0.20987176421312695
2,16235,0,0,0.007518627375031889
2,16251,0,0,0.2640088661389251
2,16253,0,0,0.20505827561847498
2,16265,0,0,0.2237489555754815
2,16267,0,1,0.7232198484481925
2,16272,0,0,0.009972582637360129
2,16276,0,0,0.0012087295745906012
2,16285,0,0,0.22536997239964013
2,16287,0,0,0.0027279437996553984
2,16288,1,1,0.5857380438825995
2,16292,0,0,0.09721680919342723
2,16297,0,0,0.00030600787655554046
2,16305,0,0,0.007363501807223791
2,16315,0,0,0.001118785902977177
2,16320,1,1,0.9985813721479722
2,16322,0,0,0.00012832353858340434
2,16324,1,1,0.895324560888518
2,16326,0,0,0.012567478433214464
2,16330,0,0,0.000268855590859332
2,16332,1,1,0.9582440918510227
2,16342,0,1,0.8437117300597416
2,16345,0,0,0.04664220906008366
2,16347,0,0,0.09700289241512382
2,16350,0,0,0.459438529142714
2,16353,0,0,0.013944630172984885
2,16355,0,0,0.0011161584741508634
2,16356,0,0,0.006605782612549727
2,16360,0,0,0.26483273938983826
2,16361,0,0,0.07856442022405354
2,16369,1,0,0.16345578272061442
2,16370,0,0,0.0015440110095101675
2,16371,1,1,0.8620842556075718
2,16374,1,1,0.9222951314557182
2,16375,0,0,0.0014432759238463694
2,16379,0,0,0.06989785391499295
2,16388,1,1,0.929697494970258
2,16390,1,0,0.42350130688217974
2,16391,0,0,0.04796041057459375
2,16408,0,0,0.05360560124214672
2,16412,1,1,0.8931849508999168
2,16414,0,0,0.000330208185126601
2,16418,0,0,0.02670750321501822
2,16421,1,1,0.7650072454309635
2,16422,0,0,0.006325299851961508
2,16430,1,0,0.3041239612252558
2,16438,1,1,0.9416857094415789
2,16442,0,0,0.2723319834289289
2,16447,0,0,0.0030874656035778155
2,16452,0,0,0.42829331340224086
2,16455,0,0,0.009841840292666352
2,16457,0,0,0.06611461668930034
2,16463,0,0,0.3109138682378046
2,16464,1,0,0.20326973166875606
2,16465,0,0,0.06667781009495005
2,16477,1,1,0.974230044006126
2,16484,0,0,0.010194879638490122
2,16485,1,1,0.7785099927409641
2,16486,1,1,0.963235928815566
2,16493,1,0,0.49988760718459246
2,16494,1,0,0.3312075003304498
2,16496,0,0,9.457281078057003e-06
2,16499,0,0,0.24715122134741416
2,16501,0,1,0.5819889319851167
2,16512,1,1,0.9121809057776945
2,16515,0,0,0.06714264638622178
2,16518,1,0,0.060713972767018926
2,16519,0,0,0.015039800820242812
2,16520,0,0,0.014210969907199037
2,16527,0,1,0.8610723440989146
2,16529,0,0,7.870462362278319e-06
2,16531,0,0,0.0007837511077107063
2,16532,0,0,0.21265185694932362
2,16542,0,0,0.017512329574444162
2,16558,0,0,0.06091252279827676
2,16562,0,0,0.0027831639042847217
2,16570,0,0,9.059848608989322e-05
2,16572,0,0,0.17136539934254685
2,16573,0,0,0.00017611363664769646
2,16583,0,0,0.0006322604782713068
2,16586,0,0,0.004537993174989464
2,16587,0,0,0.00017235735113311937
2,16588,1,1,0.9906972240512006
2,16595,0,0,0.009748414115222134
2,16596,0,0,0.0016406300274140338
2,16597,1,1,0.9443110299585292
2,16610,0,0,0.004366603405197204
2,16614,1,1,0.6240972238605152
2,16615,1,0,0.07129151547903313
2,16618,0,0,0.0015131907815494911
2,16619,0,0,0.00010739954043531917
2,16620,0,0,0.017631994517763535
2,16622,1,1,0.7519232724562528
2,16624,1,1,0.9854176619874624
2,16631,0,0,0.0023092087737864014
2,16634,1,1,0.8897460704902183
2,16637,0,0,0.31126929567378253
2,16648,1,1,0.8505712609021734
2,16652,0,0,0.0028720264580134594
2,16653,0,0,0.020949948279975362
2,16669,0,0,0.0034782854962339383
2,16675,0,0,0.018537453355838833
2,16682,0,0,0.02712777080078355
2,16683,0,0,0.09654613387236642
2,16687,0,0,0.0017320785437024225
2,16690,0,0,0.0317011568622949
2,16703,1,0,0.04498665198309554
2,16707,1,1,0.5232198870719122
2,16708,0,0,0.14707597013160376
2,16717,0,0,0.03646847788075238
2,16735,0,0,0.0009898857434585105
2,16739,1,1,0.9777930960197573
2,16740,0,1,0.7291457936082554
2,16741,0,0,0.12667690637070658
2,16749,0,0,0.48758625894737917
2,16753,0,1,0.8069771860620774
2,16762,0,0,0.00029132685988698254
2,16765,0,1,0.6468963635718509
2,16766,0,0,0.06078160003210414
2,16772,0,0,0.38297515816510114
2,16775,0,0,0.0016161871737391512
2,16776,1,1,0.9860890811970973
2,16783,0,0,0.06223077183901058
2,16799,0,0,0.16604638746437625
2,16802,0,0,0.0003569682073099334
2,16807,0,0,0.0007493252614211917
2,16810,1,1,0.9330468431044674
2,16818,0,0,0.010119229288216895
2,16823,0,0,0.0007713323878249309
2,16829,1,1,0.866686069831531
2,16837,0,0,0.16085994870947634
2,16838,1,1,0.9848126824696996
2,16841,0,0,0.005637202553378566
2,16843,0,0,0.0002628198529860936
2,16850,0,0,1.1021707334888522e-05
2,16868,1,1,0.9992413709710473
2,16872,0,0,0.11023384062497538
2,16874,0,0,0.0437050399648174
2,16876,1,0,0.21318429886595835
2,16884,1,1,0.9433004058163709
2,16885,0,0,0.10833876072030829
2,16895,1,0,0.13159164473171386
2,16907,0,0,0.00022870338871055842
2,16912,0,0,0.0821174902187025
2,16916,1,1,0.8207764818626442
2,16919,0,0,1.4774575167450382e-06
2,16920,0,0,9.207806275325196e-05
2,16931,1,0,0.46454265131360245
2,16933,0,0,0.0009050856991024835
2,16934,0,0,0.00020282466709792258
2,16938,0,0,0.19903575992588607
2,16949,1,0,0.11565965337142149
2,16954,0,0,0.037984889601329584
2,16955,0,0,0.02990206296541819
2,16956,0,0,0.22684064312393382
2,16958,0,0,0.34461894384728614
2,16961,0,0,0.07504956171180376
2,16962,1,0,0.0753528735239318
2,16984,1,0,0.32371514649319116
2,16994,0,0,0.3662120606443789
2,16995,1,1,0.6319853365918092
2,17001,0,0,0.00023774964896494018
2,17006,0,0,1.980654771093389e-05
2,17013,0,0,0.024853831972414506
2,17023,1,1,0.8390783296231344
2,17032,0,0,0.32077017663198876
2,17033,0,0,0.003631155496688376
2,17043,0,0,0.14485270272642303
2,17046,0,0,0.011271914869665708
2,17049,1,0,0.2936174685740558
2,17055,0,0,0.046557243417106015
2,17057,0,1,0.5090203344776677
2,17060,0,0,0.3014621924183138
2,17062,1,1,0.9644897457127984
2,17068,0,0,0.0006205883849247736
2,17070,0,0,0.12113251813598884
2,17072,0,0,0.00883039161975084
2,17074,1,1,0.8656783042562883
2,17098,0,0,0.0010925344021138516
2,17100,0,0,0.007796730363781376
2,17103,1,1,0.7807967427559535
2,17111,1,1,0.9309110765205196
2,17117,1,1,0.8413837171176652
2,17119,0,0,0.00020352246430571435
2,17122,1,1,0.6794083067690928
2,17129,0,0,0.050732951143913095
2,17130,0,0,0.004036777922559536
2,17142,0,0,0.27645559504208117
2,17143,1,1,0.9158839210039098
2,17146,0,0,0.005485885587157605
2,17148,0,1,0.9266843054297269
2,17152,0,0,0.08059495936652171
2,17156,0,0,0.4306117258168571
2,17157,0,1,0.6549083548741874
2,17159,0,0,0.0006445801696759215
2,17163,1,0,0.1908640515343279
2,17164,0,0,0.01153764390291786
2,17168,0,0,0.010580157261098016
2,17171,1,1,0.8825893845062281
2,17175,1,0,0.19054326397270702
2,17176,0,0,0.0022465427925992747
2,17180,0,0,0.0009757561932528965
2,17196,0,0,0.40366770738126234
2,17198,0,1,0.5465925741339506
2,17202,0,0,0.2950394372688818
2,17207,0,0,0.05274387953245589
2,17220,0,0,0.10580979521912708
2,17221,0,1,0.9693714913313756
2,17227,0,0,0.27591277637402417
2,17228,0,0,0.04364154913042897
2,17230,0,0,0.26533927380296296
2,17245,0,0,0.0005769074200975383
2,17248,0,0,0.08881847334160094
2,17251,0,0,0.0370283286896911
2,17259,0,0,0.3310929172351619
2,17280,0,0,3.1443040863775414e-05
2,17285,0,0,3.233253943392935e-05
2,17303,1,1,0.8059099241443044
2,17314,0,0,0.015061702547621418
2,17318,0,0,0.0033673846454906104
2,17319,0,0,0.03352946031331945
2,17327,0,0,0.32744989092946025
2,17337,1,1,0.9219871611089301
2,17338,0,0,0.002235273939520289
2,17339,0,0,0.07901895293451427
2,17341,0,0,0.42467997052470013
2,17344,0,0,0.0044007643596132165
2,17349,0,0,0.0015510169203931813
2,17368,0,1,0.9117757866177595
2,17373,0,1,0.9151795832699644
2,17396,0,1,0.881182833403089
2,17399,0,0,0.048130509150671665
2,17401,0,0,0.008049033882513509
2,17405,0,0,0.27255109296027724
2,17406,0,0,0.06312253190339229
2,17408,0,0,0.011763436516071321
2,17410,0,1,0.796844926961831
2,17415,0,0,0.0065962532354605745
2,17417,0,0,0.0013601238576777038
2,17419,0,0,0.02123074495323585
2,17422,0,0,0.04375516593051317
2,17426,1,1,0.9847305837204906
2,17428,0,0,0.14951260110822903
2,17429,1,1,0.8735848874461039
2,17440,0,0,0.01127763215607443
2,17442,0,0,0.0031311087894273426
2,17449,0,0,0.005705997299582628
2,17450,1,1,0.8881164590083279
2,17452,0,0,0.0001866499997464491
2,17457,0,0,0.005691262456656949
2,17466,1,0,0.3599762009703856
2,17475,0,0,0.031414482520727746
2,17483,0,0,0.014451854689908759
2,17484,0,1,0.5637383486178729
2,17485,0,0,0.2927064667992755
2,17488,0,0,0.3637164201048931
2,17491,0,0,0.02461070029343409
2,17496,0,0,0.022284773557979577
2,17503,0,1,0.9233110508973835
2,17506,1,1,0.9964088366128375
2,17510,0,1,0.6164810185543329
2,17511,0,0,8.197479863119245e-05
2,17516,1,1,0.9965984947213758
2,17520,0,0,0.014697299018297074
2,17522,0,0,0.045102980066141114
2,17532,0,0,4.629732969563618e-05
2,17533,0,0,3.871398393188916e-05
2,17542,0,0,0.01188896896744491
2,17546,0,0,0.009119505947014097
2,17560,0,0,0.16370789134667788
2,17570,0,0,0.011715470618412048
2,17571,1,1,0.9696270352642437
2,17572,1,1,0.7048507357039502
2,17575,1,1,0.9376381248992763
2,17584,1,1,0.979739814610816
2,17585,0,0,0.0680318177900705
2,17595,1,1,0.8738864370063675
2,17599,1,0,0.1710336315934989
2,17603,1,1,0.9266174021293999
2,17604,0,0,0.00043822885755738885
2,17605,0,0,0.06777844479808726
2,17607,0,0,0.28055210037931605
2,17613,0,0,0.07067981367382313
2,17614,0,0,0.0007572738970485974
2,17615,0,0,0.003570947604756965
2,17617,0,0,0.0008140454877154724
2,17638,0,0,0.002801810427935809
2,17640,0,0,0.0016009252136919227
2,17654,0,0,0.21183737992264698
2,17662,0,0,0.0022648848320044415
2,17672,0,0,0.002989619983077321
2,17675,0,0,0.005322303063709124
2,17676,0,0,0.44495643785485395
2,17677,0,0,0.0003189121436891159
2,17678,0,0,0.006447380716200953
2,17684,0,0,0.018183403580232262
2,17690,0,0,0.016175051218587855
2,17694,0,0,0.0007699608894732176
2,17700,1,0,0.4690601356930599
2,17704,0,0,0.047088953087066496
2,17722,0,0,0.48050702652770644
2,17727,0,1,0.6513423840135307
2,17731,0,0,0.019879421964418786
2,17750,1,1,0.9957078728139492
2,17753,1,1,0.980064579542892
2,17756,0,1,0.6653020557287722
2,17757,0,0,0.006564814682933087
2,17759,0,0,0.0003700217378002437
2,17762,0,0,0.0016250590003901865
2,17771,1,0,0.22571268754388704
2,17778,0,0,0.08861072684584707
2,17782,0,0,0.29320719829834324
2,17786,0,0,0.011578312710745638
2,17796,0,1,0.9653765954232191
2,17807,0,0,0.028146823834523733
2,17811,0,0,0.0034851464953159503
2,17817,1,1,0.856473696709349
2,17832,0,1,0.7023812889939662
2,17838,0,0,0.39669529310488977
2,17844,0,0,0.04893542883014735
2,17846,0,0,0.3622100110923113
2,17850,0,1,0.6000484623073572
2,17853,0,0,0.07811544162297743
2,17854,0,0,0.029563215090093357
2,17856,0,0,0.004109496439960737
2,17866,0,0,0.07333181099105714
2,17867,0,0,0.00705786148021463
2,17882,1,0,0.4468069476579358
2,17887,0,0,0.09795965914206634
2,17895,0,1,0.696345256156842
2,17907,0,0,0.0002786907522429188
2,17919,0,0,0.0003637122505561575
2,17935,0,0,0.00816155422356431
2,17936,0,0,0.0010613433084126005
2,17943,0,0,0.26549638598794245
2,17949,0,1,0.7519868030043971
2,17972,0,0,0.013379750916138173
2,17976,1,0,0.46606835571871374
2,17978,0,0,1.275462956088451e-05
2,17991,0,0,0.007057468521107631
2,18006,0,0,0.009389669717447067
2,18007,1,0,0.19715908199253582
2,18017,0,0,0.0002255239730786022
2,18018,1,1,0.9871925263791052
2,18019,0,0,0.012379529888946493
2,18020,1,1,0.5521800485116922
2,18022,1,0,0.4205889963917631
2,18035,0,0,0.04511824644563125
2,18043,0,0,0.0005755053591064755
2,18054,0,0,0.09035320162123195
2,18059,0,0,0.3881269111670185
2,18062,0,0,0.010710800486719735
2,18069,0,0,6.91841873064545e-05
2,18075,0,0,0.33550567286003635
2,18077,0,0,0.009324601597801824
2,18080,1,1,0.989391767135495
2,18089,0,0,4.500963639136574e-05
2,18091,1,0,0.4568212158005352
2,18095,0,0,0.002655545197942927
2,18101,1,0,0.04357570042134077
2,18110,0,0,0.01889246143512159
2,18112,0,0,0.1049500526682662
2,18115,0,1,0.5687350099237298
2,18116,0,0,0.000833583163728622
2,18133,1,1,0.975139491874558
2,18135,0,0,0.002563098392725314
2,18141,0,0,0.04382585663958067
2,18147,0,0,0.2809911627939555
2,18149,0,0,0.181231412761493
2,18156,0,0,0.020387863284028113
2,18164,0,0,0.1310258831387879
2,18166,0,0,0.0007454264776683307
2,18167,0,0,0.0013913743939293407
2,18168,0,0,0.1684151762330526
2,18171,0,0,3.024035657666597e-06
2,18175,0,0,0.22149422160969773
2,18177,0,0,0.010000206015532939
2,18178,1,1,0.9958780975906598
2,18186,1,1,0.9778007904916499
2,18209,0,0,0.0017040109314915093
2,18214,0,0,0.0018823048493969202
2,18215,0,0,0.37627977400454743
2,18218,0,0,0.000602535367679448
2,18220,0,1,0.7113158809041197
2,18235,0,0,0.02889723582525314
2,18239,0,0,0.08179244071875102
2,18241,1,1,0.9384411549347859
2,18246,0,0,0.006411917099274826
2,18250,1,1,0.8068630652029662
2,18254,1,1,0.9974861849629345
2,18261,0,0,0.002299453637864341
2,18263,0,0,0.21349449400513235
2,18269,0,0,0.026556744547324367
2,18270,0,0,0.16448594739101147
2,18276,0,0,0.0023778444552613204
2,18278,0,0,0.0012622658619726704
2,18289,1,0,0.2923258715744684
2,18296,0,0,0.03473987085745918
2,18302,0,0,0.4707138284822025
2,18304,0,0,0.01442416753199068
2,18307,1,1,0.9754093872220855
2,18309,0,0,0.013108002675034971
2,18312,0,0,0.04869814735017769
2,18316,0,0,0.0071555073999503204
2,18320,0,0,0.05801056423658743
2,18322,0,1,0.54272466722839
2,18327,1,1,0.9935088010411657
2,18330,0,0,0.0007143557620092341
2,18332,1,0,0.4560382954160592
2,18339,0,0,0.0004467038570558856
2,18340,0,0,0.0019849072811275966
2,18342,0,0,0.029362606857978295
2,18345,1,1,0.8871532479413515
2,18354,0,0,0.0012397523544711562
2,18357,0,0,0.02085151198991995
2,18359,0,0,0.01765144809737087
2,18382,0,1,0.7182720144276008
2,18383,0,0,0.11788359061457059
2,18384,0,0,0.023207877336459903
2,18385,0,0,0.2976136044340239
2,18387,0,0,0.32580089510465254
2,18394,0,0,0.002031609882020131
2,18398,0,0,0.25585197849090624
2,18401,0,0,0.007924243939336257
2,18408,0,0,0.13192675594940279
2,18414,0,1,0.7405906087725971
2,18419,1,1,0.9605976602946688
2,18426,1,0,0.38675008771348635
2,18430,0,0,0.05535516739238625
2,18435,0,1,0.6659695500248587
2,18440,0,0,0.03921859532039541
2,18448,0,0,0.15858535872998564
2,18450,0,0,0.36243554981930126
2,18461,1,1,0.7467055234163468
2,18463,0,0,0.03042331799603053
2,18465,0,0,0.000675852614575227
2,18466,0,1,0.849999859333177
2,18477,0,1,0.7411192303596946
2,18482,0,0,0.041668656334043465
2,18486,0,0,0.0006395199099284228
2,18493,0,0,0.010112546347973466
2,18496,0,0,0.0002457119200743955
2,18504,0,0,0.0023911724331994967
2,18523,0,0,0.0014129467592673645
2,18527,0,0,0.0003878385508416891
2,18530,0,0,0.1709089807082935
2,18533,1,1,0.7058764042135001
2,18535,0,0,0.0003550274126050599
2,18536,0,0,0.0003870817549612521
2,18543,1,1,0.9968224898528616
2,18547,1,1,0.9372543927948704
2,18550,0,0,7.753937323844107e-07
2,18558,0,0,0.0008997071105705609
2,18560,0,1,0.5629169347790107
2,18563,1,1,0.9984356848232024
2,18572,1,0,0.42261069584736877
2,18573,0,0,0.18814307797126184
2,18575,1,1,0.9944917578041479
2,18577,1,1,0.5862215314804824
2,18579,0,0,0.006880704822411577
2,18583,0,0,0.21721111585669275
2,18596,1,1,0.8366574360454744
2,18603,0,0,0.03356920752736384
2,18606,1,0,0.405870809978551
2,18610,0,0,0.002260624802023741
2,18611,0,0,0.002535481547852445
2,18614,0,0,0.028200499323636143
2,18617,0,0,0.0004298788623843148
2,18620,0,1,0.9256876380087851
2,18621,0,0,0.2751515986931879
2,18625,0,0,0.004104817485353728
2,18632,0,0,0.01541952291979065
2,18633,0,1,0.9017102079559746
2,18635,0,0,0.2578941576696324
2,18636,0,0,0.02899553067624241
2,18641,1,1,0.9578954658883757
2,18644,0,0,0.002542560364119668
2,18647,0,0,0.014645813282307388
2,18651,1,0,0.09844291138633607
2,18658,1,1,0.8059486104810433
2,18662,0,0,0.027856248168175363
2,18663,0,0,0.0010538014935588045
2,18665,1,0,0.09496919714714559
2,18667,0,0,0.00040620512079093
2,18673,0,0,0.21194667813679174
2,18674,0,1,0.9312996246905062
2,18677,0,0,0.006647206288824304
2,18681,1,1,0.8429005083853589
2,18684,0,0,0.011716274042129986
2,18689,0,0,0.038894888183118016
2,18696,0,0,0.02500637881505266
2,18697,0,0,0.38472737055563194
2,18719,0,0,0.26491013885917214
2,18722,0,0,0.32439914265737135
2,18723,0,0,0.0334862269011566
2,18726,1,1,0.7028382209826582
2,18735,0,1,0.5461982056312817
2,18742,0,0,0.06865253761942226
2,18743,0,0,0.045410386917850765
2,18746,0,0,0.012943923594966341
2,18749,0,0,0.09698816660831006
2,18751,0,0,0.004413886671870665
2,18761,0,1,0.7979876256967406
2,18771,0,0,0.013428992748944577
2,18777,1,0,0.05693670929326625
2,18783,0,0,0.016073770287873292
2,18786,0,0,0.002668416453545937
2,18796,0,0,0.0709214735920266
2,18810,0,0,0.0004501900094606168
2,18814,0,0,0.013268636158248515
2,18815,0,0,0.026605726796172763
2,18820,0,0,0.00042395767807809756
2,18821,1,1,0.9522088538222779
2,18829,0,0,0.06982439732717856
2,18839,1,0,0.24626745323063212
2,18852,0,0,0.37520523246644444
2,18875,0,0,0.08351178023054125
2,18878,0,1,0.848755257699395
2,18884,1,1,0.9038489054194684
2,18885,0,0,0.00041787522578648587
2,18898,0,0,0.135089555233388
2,18902,0,1,0.8095352295273299
2,18904,0,0,0.0001261836937804546
2,18906,1,1,0.9774657566051121
2,18914,0,0,0.00028268500162662735
2,18915,1,1,0.9783691849979651
2,18923,1,1,0.9820198845815239
2,18928,0,0,0.14903524776884589
2,18930,0,0,0.006648964777151088
2,18933,0,0,0.010317570171127267
2,18943,0,1,0.8664250569352407
2,18945,0,0,2.0083513108682642e-05
2,18947,1,1,0.9384367405523092
2,18949,0,0,0.032846690069138096
2,18950,0,0,0.0027531766110912466
2,18955,1,1,0.8241344303646659
2,18967,0,0,0.0003407782044256839
2,18968,0,0,0.4685048412851273
2,18969,1,0,0.1418275955795212
2,18975,0,0,0.0019954538161452776
2,18976,0,1,0.7588371451284823
2,18981,0,0,0.007744504257340543
2,18991,1,1,0.9285311906365913
2,18992,0,0,0.006094801211470857
2,18996,1,1,0.6813235300138923
2,18999,0,0,0.0014127682881423741
2,19000,1,0,0.02510378809508381
2,19008,0,0,0.0007040913638555669
2,19010,0,0,0.1404302748552802
2,19025,0,0,0.060052614073325905
2,19037,0,0,0.25247687443423134
2,19040,0,0,0.012186376604450079
2,19056,0,0,0.044076382839957164
2,19058,0,0,0.021251420204715425
2,19067,0,0,0.018672865591935758
2,19069,0,0,0.05077823131066723
2,19074,0,0,0.0025823881635396047
2,19084,0,0,0.016976953275055894
2,19085,0,0,0.06647957160590107
2,19088,1,1,0.9855206650598131
2,19091,0,0,0.0743198427064719
2,19098,1,0,0.4189244915254605
2,19120,0,0,0.3579547384944557
2,19133,0,0,0.000326680243103546
2,19137,0,0,7.051098498877636e-05
2,19143,0,0,0.0016883754165873553
2,19144,0,0,0.25470006421761593
2,19153,0,0,0.4122611828790713
2,19160,1,1,0.9332886941430377
2,19164,1,1,0.6206071871146028
2,19165,1,1,0.9608161272805091
2,19172,0,0,0.009922344130887183
2,19176,0,0,9.617976036248965e-05
2,19181,0,0,0.01248954966968501
2,19184,0,0,0.0016067876621025236
2,19190,1,1,0.920056371283865
2,19198,0,0,0.08973785101784157
2,19204,0,0,0.00022922828917845426
2,19208,0,0,0.006056553217275925
2,19211,0,0,0.007807132476975362
2,19213,1,1,0.9948245680026531
2,19218,1,1,0.514805570965827
2,19221,1,1,0.7872183545937279
2,19224,0,0,0.001288800003885468
2,19228,0,0,0.014703662091757384
2,19232,1,1,0.7115918378721854
2,19238,1,1,0.847106230226445
2,19243,0,0,0.002699781360195329
2,19249,0,0,0.0032897360883669706
2,19254,0,1,0.6722329643949236
2,19256,1,1,0.9511276892687667
2,19259,0,1,0.7159670480149447
2,19269,0,0,0.02782077165684354
2,19285,1,1,0.854539656301979
2,19287,0,0,0.16796310267786604
2,19297,0,0,0.01954325038063977
2,19299,1,1,0.5446199482302442
2,19300,1,1,0.9991438140298283
2,19304,1,1,0.7574144828170871
2,19306,0,0,0.002401274546409014
2,19314,0,1,0.503773800396019
2,19316,1,1,0.9654989589622057
2,19318,0,0,0.433643702606326
2,19319,0,0,0.09777212440003905
2,19320,0,0,0.0031087095945545496
2,19324,0,0,0.0011389490273882841
2,19334,0,1,0.6581637378578918
2,19337,1,0,0.03215024615588798
2,19338,0,0,0.007630754447074747
2,19339,0,0,0.00303434960096075
2,19341,1,1,0.9628488491031351
2,19357,0,1,0.8598821893439361
2,19359,0,0,0.11738139308534107
2,19362,0,0,0.0004950699055176906
2,19366,0,0,0.06970187958534395
2,19368,1,1,0.8485822794590523
2,19374,0,0,0.04159586939096725
2,19385,1,0,0.23623037427963148
2,19387,0,0,0.07077804316376828
2,19396,0,0,0.30506285883241085
2,19406,0,0,0.0014388107257844076
2,19413,0,0,0.00012720259710719507
2,19417,0,0,0.0014327695711992738
2,19426,0,0,3.0145914843684528e-05
2,19428,0,0,0.1254107189177726
2,19429,0,0,0.23306111675639077
2,19430,0,0,0.007105007168405368
2,19434,0,0,0.0006351781557541105
2,19442,0,0,0.0471604238251171
2,19444,0,0,0.31983755079324583
2,19455,1,1,0.9462066165398345
2,19458,0,1,0.9171123042296799
2,19460,1,1,0.9823355069704957
2,19462,0,0,0.00612496166191303
2,19467,1,1,0.9888918327373047
2,19472,0,0,0.009470158188723031
2,19473,1,1,0.6223258592191875
2,19477,0,1,0.7171316751949339
2,19479,0,0,0.04892941863132996
2,19480,0,0,0.007647395824803859
2,19501,1,1,0.9899538564726144
2,19503,0,0,0.10977202141784087
2,19506,0,0,0.00011869430369114108
2,19507,1,1,0.6342413817812466
2,19509,0,0,0.07844011794733569
2,19511,1,1,0.9655405489636766
2,19518,0,0,0.18714025124575126
2,19519,1,1,0.5661809761716583
2,19523,0,0,0.007148777616237559
2,19524,0,0,0.007228987275668444
2,19529,0,0,0.0023024727177964823
2,19530,0,0,0.016823899282468528
2,19535,0,1,0.5183024175967834
2,19541,0,0,0.139979617152686
2,19543,0,0,0.008152957953947769
2,19548,0,0,4.247303892139692e-05
2,19550,0,0,0.49434480356005117
2,19558,1,1,0.7369319352674971
2,19562,1,0,0.3505667961679694
2,19563,1,0,0.22379887018942718
2,19578,0,0,0.04618976187863128
2,19579,0,0,0.02384151671963009
2,19580,1,1,0.9156991265886569
2,19591,0,0,0.4101750792596396
2,19592,0,0,0.038634860949233074
2,19601,0,0,0.003009050477130437
2,19602,0,0,0.40517205067764567
2,19603,1,1,0.876570228293483
2,19604,0,0,0.16815048955999382
2,19605,1,0,0.29511631872190125
2,19607,0,0,0.0021275346500111906
2,19612,0,0,0.01837183740557178
2,19614,0,0,0.3042675534817321
2,19615,0,1,0.5415260241629096
2,19616,0,0,0.06813066183274862
2,19622,0,0,0.07611862877299207
2,19633,0,0,1.9272477167484275e-05
2,19642,0,0,0.0014503284895500423
2,19644,0,0,0.000567218136285278
2,19649,0,0,0.005009512713482802
2,19661,0,0,0.24674357663728685
2,19663,0,0,0.005916091677223421
2,19664,0,0,0.3608423138050675
2,19669,0,0,8.646041525458901e-05
2,19672,0,0,0.005635116711786383
2,19673,0,0,0.42367432711451214
2,19683,1,1,0.9475881969686378
2,19686,0,0,0.017891569636026644
2,19688,0,0,0.0699008393062107
2,19695,0,0,0.26227029688628517
2,19723,1,1,0.9857330794873451
2,19727,0,0,5.799985663343509e-05
2,19735,0,0,0.017691065335227147
2,19742,1,1,0.6967737719022556
2,19749,1,1,0.7640034724322956
2,19751,0,0,0.043914249326611796
2,19761,0,0,0.0013574955650302871
2,19768,0,0,0.0016082504665055164
2,19771,1,0,0.4802182475341164
2,19775,0,0,0.0032393211804310276
2,19784,0,0,0.0027690126325198333
2,19785,0,0,0.0027543770223361517
2,19792,0,0,0.11585729778580599
2,19801,0,1,0.9304804369762503
2,19805,0,0,0.0010038841458289
2,19815,0,0,5.78221960145072e-05
2,19831,0,0,0.26656074008614256
2,19837,0,0,9.310142409131356e-05
2,19840,0,0,0.007649428070587217
2,19841,0,0,0.00469367695513241
2,19842,0,1,0.6295057939881272
2,19853,0,0,0.16277382331423165
2,19855,0,0,0.006179365076753541
2,19856,0,0,0.003251966632741944
2,19861,0,0,0.0027202558248463635
2,19864,0,0,0.019810082839084295
2,19867,0,0,0.4199065228503028
2,19872,1,1,0.9904772702246566
2,19874,0,0,0.007345627103879758
2,19881,0,0,0.08644291171393031
2,19887,1,1,0.9700642023208792
2,19889,0,0,0.0015870547007844089
2,19897,0,0,0.04498623264254052
2,19899,0,0,0.3990833498668329
2,19902,1,1,0.7533170820769595
2,19913,1,1,0.8844954709708824
2,19914,0,0,0.043817456614782285
2,19921,1,1,0.9021275317918165
2,19925,1,1,0.9832547702861215
2,19929,0,0,0.0034835457837974317
2,19932,0,0,0.08445360066184233
2,19936,0,0,0.11261115507713441
2,19943,1,1,0.8471429347079645
2,19949,0,0,0.0023250652156563494
2,19951,0,0,0.0005690671451993289
2,19954,0,0,0.0057273981049536585
2,19960,0,0,0.016032242254284124
2,19967,0,0,0.009369104898766358
2,19977,0,1,0.6929835404519077
2,19987,1,0,0.11289720581486858
2,19998,0,0,0.09706083104416446
2,20015,0,0,0.006294330203104289
2,20022,0,0,0.048314145047132696
2,20023,0,0,0.018060982846892518
2,20024,1,1,0.9919653605938118
2,20038,0,0,0.0008504573856306606
2,20047,0,0,0.10746193689165309
2,20061,0,0,0.0697969246918579
2,20067,0,0,0.00045305793096065723
2,20070,0,0,0.1826241645273042
2,20072,1,1,0.6942602442288359
2,20076,0,0,0.0006976661962760507
2,20081,1,1,0.9586736755756609
2,20085,0,0,0.009703006561181346
2,20086,0,0,0.49262370027942265
2,20089,0,0,0.0002230293492881684
2,20091,1,1,0.7134500225101984
2,20093,0,0,0.0006056297516460611
2,20100,0,1,0.5020766446070045
2,20108,0,0,0.0030357317977540857
2,20115,0,0,0.007294967722151876
2,20124,0,0,0.07434051776323249
2,20139,1,1,0.8637661933824219
2,20140,1,1,0.7442693685782963
2,20144,0,0,0.02751594424799267
2,20149,0,0,0.20760115093194326
2,20152,0,0,0.001057294701717097
2,20155,0,0,0.0029498848053782995
2,20157,0,0,0.0012762307719377545
2,20162,0,1,0.5467148736070443
2,20163,1,1,0.9828193649250335
2,20164,0,0,0.0033380473730093606
2,20171,0,0,0.00799447101548524
2,20172,0,0,0.03296810494098739
2,20174,1,0,0.2393962524173699
2,20179,0,0,0.0004218189515028887
2,20181,0,0,0.33791534005303686
2,20195,0,0,0.0007405170684493332
2,20202,1,0,0.2841971443462092
2,20216,0,0,0.08309573009311745
2,20219,0,0,1.5524032842794903e-05
2,20221,0,0,0.000864965639738564
2,20223,1,0,0.013756741720836584
2,20229,0,0,0.21562294449954547
2,20231,1,1,0.9763188634537271
2,20233,1,1,0.8993222925932767
2,20239,0,0,0.1315102027953012
2,20244,1,0,0.21689516021022148
2,20247,0,0,0.00021756539113484662
2,20251,0,0,0.2998114809565369
2,20256,1,0,0.11595978107852427
2,20281,1,1,0.7547526751165146
2,20286,0,1,0.7745939533263424
2,20291,0,1,0.9476056859605598
2,20299,0,0,0.010228665335005622
2,20303,0,0,0.053862315248756204
2,20318,0,0,0.24730976182694245
2,20320,0,0,0.03749036936098223
2,20326,0,0,0.0012012032093796155
2,20331,0,0,0.00045489512507447663
2,20332,1,1,0.6472026501056378
2,20333,0,0,0.0006785775912789183
2,20342,0,0,0.0001229411796795156
2,20346,0,0,0.0009608624414838092
2,20351,0,0,0.19331204767884796
2,20354,1,0,0.2265811860377031
2,20361,0,0,0.29812368979764065
2,20372,1,1,0.6285781047162896
2,20373,0,0,0.00023632013184218904
2,20376,0,0,0.0025758268028427695
2,20380,0,0,0.4646957771206067
2,20381,1,1,0.894432518451474
2,20387,0,1,0.8623494172658934
2,20394,0,0,0.11582467025138733
2,20395,0,0,0.0161347666632497
2,20398,0,0,0.012411177228525291
2,20403,0,0,0.0009827989127204565
2,20406,0,0,0.43665945268723977
2,20411,0,0,0.030577295908599512
2,20412,1,1,0.9396944251371914
2,20415,0,0,0.05819800123327042
2,20416,0,0,0.018489427068792835
2,20420,1,1,0.5945075723676758
2,20426,0,0,0.44733514740134384
2,20429,0,0,0.010355061675181689
2,20440,0,0,0.029627235033379246
2,20450,0,1,0.5048987230761138
2,20451,1,1,0.9818887150620504
2,20452,0,1,0.8963361453626472
2,20454,1,1,0.8651991586854209
2,20457,1,1,0.7955932620759907
2,20471,0,0,0.01712860535746468
2,20473,0,0,0.15898917822814282
2,20478,0,0,0.00022630207877105145
2,20479,0,0,0.06176975250453929
2,20480,0,0,0.006922439852128587
2,20482,0,0,0.016306148704908957
2,20488,0,0,0.009033659959426567
2,20492,0,0,0.08766142465211062
2,20500,0,0,0.03088268466327865
2,20507,0,0,0.33444221186879386
2,20509,0,1,0.8236379665140823
2,20513,1,1,0.9295014816619034
2,20522,0,0,0.0008255868588817864
2,20531,0,0,3.1388637511741177e-05
2,20536,0,0,0.07292817818924506
2,20537,0,0,6.222316126136414e-05
2,20542,0,0,0.0009934701946955817
2,20570,0,0,0.016820041375140163
2,20575,0,0,0.002480357975639938
2,20579,1,0,0.4998647387722733
2,20580,0,0,0.10013471537887211
2,20585,1,1,0.9703388170501449
2,20589,0,0,0.0020925118930270594
2,20592,1,1,0.9822731562887043
2,20593,1,1,0.9674550874670395
2,20602,0,0,0.006349108210006546
2,20605,0,0,0.20116996654103314
2,20609,0,0,0.01748794859657032
2,20615,1,0,0.13701648652649073
2,20626,1,1,0.7340837198740743
2,20632,1,1,0.7368762575259644
2,20633,0,0,0.21482162404277008
2,20638,0,0,0.023509042764676198
2,20639,0,0,0.011028193315126346
2,20645,0,0,0.16590055411823704
2,20648,0,0,0.014804591527433814
2,20666,0,0,0.006033882009544122
2,20673,1,1,0.8656636694465629
2,20676,0,1,0.6311882417984412
2,20682,0,1,0.9792623558030922
2,20683,0,0,0.0900060318324403
2,20698,0,0,0.17277948448991529
2,20701,1,1,0.9652543801503473
2,20720,0,0,0.001069019428748349
2,20724,0,0,0.001287604741445356
2,20729,1,1,0.6313245914972491
2,20733,0,0,0.005876823231676368
2,20742,1,1,0.6759211273371732
2,20751,0,0,0.17424141655848807
2,20758,1,1,0.5312142132353344
2,20760,1,1,0.6157670344604327
2,20765,0,0,0.003195737682735757
2,20786,0,0,0.018522510199432737
2,20790,0,0,0.003177576308673136
2,20797,1,1,0.9785282107515189
2,20802,0,0,0.004555791923853349
2,20807,0,0,0.06215330377065213
2,20808,0,0,1.4391659009573472e-05
2,20812,0,1,0.5631773416259839
2,20816,0,0,0.0004681006975965351
2,20818,1,1,0.76722767908435
2,20820,0,0,0.0005951866714613796
2,20824,0,0,0.01189413646286754
2,20830,1,0,0.4168370059861764
2,20832,0,0,0.015458783930862911
2,20838,0,0,0.036056465490893384
2,20839,1,1,0.8695165597107223
2,20848,0,0,0.00015175380001454243
2,20856,1,1,0.8701114559885937
2,20857,0,0,0.28041045531818626
2,20864,1,1,0.9214634672590362
2,20871,1,1,0.9615446611890807
2,20872,0,0,0.0008075303220631359
2,20879,0,1,0.944075307219048
2,20881,0,0,0.0021664979019766105
2,20888,0,1,0.7717688628735491
2,20897,0,0,0.02441763315917272
2,20900,0,0,0.01195151218673205
2,20901,0,0,0.01657325411667865
2,20909,0,0,0.06028355990329538
2,20911,0,0,0.0031609225351411805
2,20913,0,0,0.00020023535955875833
2,20916,1,1,0.9775624321426364
2,20919,1,0,0.413107319361049
2,20922,0,0,0.005948280272190134
2,20927,0,0,0.0038212306283994025
2,20929,0,0,0.002089498558890413
2,20935,0,0,0.393844457102647
2,20940,0,0,0.010456415064297515
2,20946,0,0,0.00010147154244418541
2,20953,1,0,0.49498942530542106
2,20955,0,0,0.22359834042230103
2,20959,0,0,0.3649017622178516
2,20961,0,0,0.11230447008718995
2,20969,0,0,0.014166568581081293
2,20979,0,0,0.009646915353013414
2,20991,0,0,0.005279327786166081
2,20997,0,0,0.07734762597137204
2,20999,0,0,0.002197439215446111
2,21004,0,0,0.09839870660043763
2,21005,0,0,5.450457907100152e-05
2,21008,1,1,0.995532937460254
2,21018,0,1,0.9656987139814968
2,21023,0,1,0.7846685445634071
2,21025,0,0,0.04026914378208794
2,21026,0,0,0.014615619810816894
2,21030,0,0,0.0008199944539171262
2,21042,0,0,0.00366488876164084
2,21045,0,0,0.0007720660944204807
2,21048,0,0,0.004762678417530564
2,21052,0,0,0.01060014040793982
2,21059,1,0,0.06601843973536146
2,21060,0,0,0.46202752375358214
2,21065,0,0,8.298511579888503e-05
2,21070,0,0,0.005486509397107297
2,21075,0,0,0.12168787542817334
2,21082,0,0,0.03194630564824678
2,21088,0,0,0.4755029660387326
2,21098,0,0,0.010526414216499922
2,21112,0,0,0.00470414768125942
2,21118,0,0,0.06487376548126197
2,21129,0,0,0.4238511688729267
2,21131,0,1,0.6433100197398448
2,21142,0,0,0.000179630040437161
2,21147,0,0,0.02129599510658652
2,21148,0,0,0.00460226544852927
2,21150,0,1,0.6879433249086997
2,21154,0,0,0.03639906053114186
2,21160,0,0,0.006314335687531388
2,21169,1,1,0.6192010638272274
2,21178,0,0,0.05763343191502035
2,21185,0,0,0.0889142787964813
2,21188,0,0,0.007330950550773944
2,21205,0,0,0.20028793275951884
2,21209,0,0,0.047637758543969067
2,21221,0,0,0.00014310048422395069
2,21225,0,0,0.00010177247955116596
2,21226,0,0,0.035995110002584936
2,21228,0,1,0.8263313426878502
2,21236,1,1,0.980565215378164
2,21238,0,0,0.00015885741573176565
2,21243,1,0,0.10781178394470914
2,21244,0,0,0.00036071187907969385
2,21245,1,1,0.9144073549087557
2,21249,1,1,0.980580099345033
2,21256,0,0,0.0027840677710797364
2,21257,0,0,0.00012072224795643155
2,21260,0,1,0.7792465081154795
2,21263,0,0,0.003952118980474233
2,21264,0,0,0.004276280640789683
2,21271,0,0,0.06566552542620602
2,21275,0,0,0.14000251883621273
2,21276,0,0,0.0004127598665867808
2,21281,0,1,0.5073369276441839
2,21282,1,1,0.9818375939028234
2,21286,0,0,0.00258168612893891
2,21287,0,0,0.07145917260421929
2,21299,0,0,0.01620550180230245
2,21303,0,0,0.03266205896441569
2,21307,1,0,0.22148531086757853
2,21310,0,0,0.06878928572438617
2,21314,0,0,0.0019601090499153937
2,21316,0,0,0.0015021638155176566
2,21320,0,0,4.867059689398015e-05
2,21325,0,0,0.006073022163206706
2,21330,0,0,0.010011208960979207
2,21331,0,1,0.9539210733640985
2,21341,0,0,0.006853425032553613
2,21351,0,0,0.00011012279604962765
2,21357,0,0,0.0011788671609552612
2,21359,0,0,0.00804941994256212
2,21368,0,0,0.0002449689423699388
2,21373,1,1,0.8502250279260006
2,21374,0,0,0.0006055678925346037
2,21378,1,1,0.9999052355639367
2,21390,0,0,0.002086449014987503
2,21394,0,0,0.32840418300443963
2,21396,0,0,0.040563393275841554
2,21401,1,1,0.9600664678026781
2,21403,0,0,0.004022919186247251
2,21404,1,1,0.7368205149259791
2,21407,0,0,6.263235605114989e-05
2,21413,0,0,0.41893646308301313
2,21421,0,0,0.48182035140300694
2,21422,0,0,0.02592800265360684
2,21423,1,1,0.9185378710674182
2,21431,0,0,0.00040885418020462195
2,21434,0,0,0.0025019614826373294
2,21444,1,1,0.8113259885912729
2,21448,1,0,0.3002290370695246
2,21463,0,0,0.005002082524570668
2,21472,0,0,0.01844904580226468
2,21484,0,0,9.432619371302506e-05
2,21486,1,0,0.11027839486880651
2,21487,0,0,0.07976284704196178
2,21492,0,0,4.054358618774352e-05
2,21496,0,1,0.8394227891445131
2,21497,1,0,0.11310384726559916
2,21505,0,0,0.021969273362951364
2,21509,0,0,0.004947380543456137
2,21511,1,1,0.9581044473466234
2,21514,0,0,0.010719266229329769
2,21517,0,0,0.0025606040324250025
2,21533,0,0,0.0015707967650343765
2,21535,1,1,0.883205609670463
2,21536,0,0,0.01349962426918858
2,21539,0,0,0.0015921260745016457
2,21540,0,0,0.0015536630596177897
2,21542,1,0,0.1541026664950308
2,21543,1,1,0.9299601776220832
2,21545,1,1,0.974060300972712
2,21551,0,0,0.09729540656525056
2,21552,0,0,0.0002163372515387343
2,21553,0,0,0.0011306186607169875
2,21557,1,1,0.5038575114997025
2,21564,0,0,0.14905663591658624
2,21566,0,0,0.029456169396933466
2,21572,0,0,0.0039427336728375985
2,21574,1,1,0.9774491268350198
2,21581,0,0,0.09343560326632401
2,21584,0,0,0.14170466577598884
2,21587,0,0,0.005718686986999372
2,21589,0,0,0.0017572024933393457
2,21596,0,0,0.0053406659043086025
2,21610,0,1,0.7239313873223001
2,21614,0,0,0.0020061943437165363
2,21627,0,0,0.15101968716273517
2,21631,0,0,0.07056186963872378
2,21633,1,0,0.2563978318491717
2,21637,0,0,0.0021329076785328136
2,21648,0,0,0.0033431616756306763
2,21650,0,0,0.00027226720696211414
2,21651,0,0,0.0002811238556254541
2,21664,0,0,0.05617084463374643
2,21667,0,0,0.04130344390062991
2,21675,1,1,0.6579321402388397
2,21679,0,0,0.028630415149328108
2,21680,0,0,0.4464181190304273
2,21686,0,0,0.38760902504640066
2,21689,1,0,0.011027853604142488
2,21692,1,1,0.9342005554471948
2,21696,0,0,0.011547018439840495
2,21700,0,0,0.07131769594646745
2,21702,1,1,0.5650783188363103
2,21709,1,1,0.9392957394683848
2,21713,1,0,0.2536436677433856
2,21714,0,0,0.035318984790741276
2,21716,0,0,0.09231821908255314
2,21722,0,0,0.006334533805590306
2,21723,1,1,0.9442981460482217
2,21725,0,0,0.2066717756857707
2,21732,0,0,0.017518198886933876
2,21744,0,0,7.032671370967569e-05
2,21756,0,0,0.07146370218064384
2,21765,0,0,0.002846725082650481
2,21771,1,1,0.814693252431793
2,21776,0,0,0.03877419925426664
2,21778,0,0,0.0002767270776181551
2,21785,0,0,0.21501949104753343
2,21790,0,0,0.0003423728906594685
2,21804,0,0,0.03701357318146135
2,21807,0,1,0.6910536396569497
2,21817,0,0,0.13639126691062403
2,21819,0,0,0.416038846880037
2,21824,0,0,0.060103026527964724
2,21825,1,0,0.03218537832262082
2,21827,0,0,0.0006372866301510589
2,21839,0,1,0.8769350209833232
2,21842,0,0,0.03663194647572216
2,21848,0,0,0.03182829659865885
2,21860,0,0,0.1218351463786379
2,21868,0,0,0.0005323948674359798
2,21869,0,0,0.018403999808600684
2,21881,0,0,0.3107065425370011
2,21885,0,0,0.00033860955573685207
2,21889,0,0,0.13455411024337882
2,21893,0,1,0.721639533622326
2,21898,0,0,0.0014225939674941763
2,21904,0,0,0.015389857761507775
2,21905,0,0,0.00036878437589376955
2,21913,0,1,0.5684031708377406
2,21923,0,0,5.727883983249478e-05
2,21927,0,0,0.0001605579901406195
2,21930,1,1,0.9973617256621412
2,21937,0,0,0.1732789810729016
2,21941,0,1,0.6925969158648971
2,21948,0,0,0.4438021120215172
2,21949,1,1,0.9734282421511398
2,21966,0,0,0.0009050182804869901
2,21967,0,0,0.03927931581531098
2,21968,0,0,0.19051211963171424
2,21969,0,0,0.0008176845744282358
2,21970,0,0,0.00013523139984390498
2,21972,0,0,0.000904839418386618
2,21979,0,0,0.3517431813600362
2,21980,0,1,0.5986166554259116
2,21992,0,1,0.9561882083120126
2,21993,1,1,0.9643035299872996
2,21996,0,0,0.09762080726555317
2,21999,0,0,0.13669984364461327
2,22014,0,0,0.006647068361884904
2,22019,0,0,0.022316969547785125
2,22022,0,0,0.1542297320043979
2,22025,1,1,0.5703987085257392
2,22029,0,0,0.1335486242684712
2,22032,0,0,0.004523786902969991
2,22034,0,0,0.2308835720573214
2,22045,0,0,0.0003521537260171947
2,22048,1,1,0.9816240096773265
2,22053,0,0,0.000630377312734498
2,22066,0,0,0.010857812586918732
2,22073,0,0,0.05059239298307119
2,22081,0,0,0.03288677716530733
2,22089,1,1,0.9996637356038993
2,22097,0,0,0.001831561540106903
2,22108,0,0,0.0008213134822815129
2,22118,0,0,0.0005376350667471077
2,22128,1,1,0.5682526287330683
2,22130,1,1,0.5336578423200014
2,22131,0,0,0.32480537012537164
2,22139,0,0,0.006389817970473856
2,22149,1,1,0.9717888573022828
2,22167,0,0,0.00031064907917042263
2,22170,0,0,0.0013989720255130325
2,22174,1,1,0.7006264265279072
2,22178,0,0,0.0017758681307547812
2,22179,0,0,0.3185095195672561
2,22183,0,1,0.5496101957758449
2,22187,0,0,0.0004909767429608073
2,22188,0,0,0.003025834022501699
2,22191,1,1,0.9568762075163987
2,22196,0,0,0.0006184048734534523
2,22198,1,1,0.9774430766274057
2,22200,0,0,0.14216939722233493
2,22212,0,0,0.060684295929533935
2,22226,0,0,0.1733137369837223
2,22231,0,0,0.00900303141600037
2,22233,0,0,0.0023485062349827583
2,22242,1,1,0.9845533418820672
2,22245,1,0,0.46044649937675824
2,22248,0,1,0.9149586398921087
2,22250,1,0,0.11266516618133475
2,22254,1,1,0.9958101575122684
2,22262,1,1,0.9518603779254824
2,22276,0,0,0.05379061864592987
2,22278,0,0,0.007828162494367385
2,22288,0,0,0.0002679794935673721
2,22302,0,0,0.006685039297393326
2,22303,0,0,0.0009808771286178403
2,22314,1,1,0.6446201157409015
2,22321,0,0,0.06003370178066997
2,22325,0,0,0.023989718036989426
2,22333,0,0,0.00040046984737901513
2,22334,0,0,4.8353581257192595e-05
2,22339,0,0,0.007533069309303325
2,22340,1,1,0.8321824670063183
2,22351,0,0,0.021009585098404455
2,22371,1,1,0.9188672033521815
2,22377,0,0,6.20473781227244e-06
2,22380,0,1,0.5161356979418297
2,22382,1,0,0.28194804391798967
2,22383,1,1,0.8174560057185081
2,22384,1,0,0.159423469697482
2,22385,0,0,0.026442646633027915
2,22386,0,0,0.1235419773211503
2,22387,0,0,0.00748368443342103
2,22393,1,1,0.9769646779939664
2,22398,0,1,0.5372426163780051
2,22401,0,0,9.886665413339899e-05
2,22406,0,0,0.002939993572428072
2,22409,0,0,0.0005671099018552707
2,22411,0,0,0.005607627659409625
2,22412,0,0,0.020715619513447893
2,22419,0,0,0.019651839947761103
2,22422,0,0,0.02487273966373905
2,22431,0,0,1.5094020503581961e-05
2,22439,0,0,0.25778572087918
2,22442,1,1,0.599499211881002
2,22448,0,0,0.45899454547007207
2,22449,0,0,0.0017387629203791874
2,22454,1,1,0.8630923702772353
2,22457,0,0,4.748525692525858e-05
2,22465,0,0,0.0017172386029520967
2,22472,0,0,0.008695906732468933
2,22473,1,1,0.8151580533552784
2,22477,0,0,0.00029936020257780314
2,22481,0,0,0.0043049489910583745
2,22487,0,0,0.18496579123287507
2,22488,1,1,0.8639662507669252
2,22491,0,0,0.3991504136749224
2,22494,0,0,0.0006087836110353795
2,22498,0,0,0.0019585981106295383
2,22503,0,0,0.0031342274405309835
2,22511,0,0,0.0005492361253404969
2,22517,1,1,0.9874884706455399
2,22520,0,0,0.0004611511943802621
2,22524,1,1,0.8912820204612062
2,22526,0,0,0.49058975230739316
2,22528,0,0,0.07464043534351598
2,22534,0,0,0.008117545209304208
2,22538,1,1,0.9970322690033914
2,22539,1,1,0.9273979571725376
2,22555,1,1,0.9848262821107572
2,22561,1,0,0.46235304456848475
2,22566,0,0,0.2452098063103281
2,22567,0,0,0.14374528260646277
2,22576,0,0,0.05834707385345119
2,22579,1,1,0.9833465422172807
2,22587,0,0,0.0007384815932492775
2,22598,0,1,0.6654000121543603
2,22599,0,0,0.05588110274965102
2,22602,0,0,0.009461460251260547
2,22607,1,0,0.2787415521289312
2,22611,1,1,0.9902764273347893
2,22612,1,1,0.839860914159722
2,22613,1,1,0.7771649556163127
2,22621,0,0,0.2238183820212819
2,22629,0,0,0.021753194413799443
2,22633,0,0,0.1834714389013696
2,22640,0,0,0.07005923038084268
2,22642,1,0,0.015042104654136714
2,22643,0,0,0.03120518005922032
2,22646,0,0,0.010489632321271918
2,22669,1,1,0.9660037701686865
2,22677,0,0,0.00010124791201885554
2,22678,0,0,0.05861460520140327
2,22683,0,0,0.0030555999756550047
2,22695,1,1,0.8151497158462674
2,22698,0,0,0.0012430045612224726
2,22701,0,0,0.0017732683649947921
2,22706,1,1,0.9819931322289106
2,22716,0,0,0.05980301530095387
2,22719,0,0,0.10796501565400364
2,22721,1,1,0.9920253263676619
2,22722,0,0,0.0032590908599041536
2,22728,0,0,0.31405534394716034
2,22732,1,1,0.6296458161664702
2,22733,0,0,0.0017548819376708089
2,22737,1,1,0.962105343850847
2,22740,0,0,0.014139324949457521
2,22759,1,1,0.9713835336120562
2,22761,0,0,0.0001002456857184881
2,22763,0,0,2.2467664749833507e-05
2,22764,0,0,0.0013011650227802891
2,22770,1,1,0.6888023114163517
2,22776,0,0,0.005447063148981748
2,22798,0,0,0.0010743355519985058
2,22800,0,0,0.003502926625107588
2,22801,0,0,0.039134028396368606
2,22802,0,0,0.06710329169950387
2,22805,0,0,4.200221128209884e-05
2,22809,0,1,0.8580824785575569
2,22825,0,1,0.9047206019436775
2,22826,1,1,0.6455969574133308
2,22836,1,1,0.9647385851373915
2,22838,0,0,4.801128787861036e-05
2,22840,1,1,0.9793331169940351
2,22853,0,0,0.09927778242073519
2,22854,0,0,0.03607614677565626
2,22858,0,0,0.49275651752217203
2,22873,0,0,0.04260372198689876
2,22887,0,0,0.17743418766350402
2,22892,0,0,0.01831255495230004
2,22901,0,1,0.6136104556671848
2,22904,0,1,0.5580887853118492
2,22912,0,0,0.0024799745262011233
2,22919,0,0,0.2671014204241755
2,22923,0,0,8.352658619888042e-05
2,22928,0,0,0.0010514142420152833
2,22931,0,0,0.010992678100804945
2,22932,0,0,0.007082043116925587
2,22936,0,0,0.047432844299350345
2,22941,0,0,0.052350085161619
2,22944,0,0,0.023797403074343693
2,22947,0,0,0.003883745326768889
2,22950,0,0,0.0004915161700186304
2,22953,1,1,0.9493396836191967
2,22955,0,0,0.01532406263225812
2,22961,0,0,0.08278235841185377
2,22962,0,0,0.0387532262853239
2,22965,0,0,0.16109902520097344
2,22969,0,0,0.0005029723887002347
2,22974,0,0,0.11276858722503251
2,22985,0,0,0.00204889100236807
2,22986,1,1,0.9891540384699476
2,22993,1,1,0.9436261044208331
2,22996,0,0,0.16142942880508573
2,23002,0,1,0.8943773762579763
2,23010,1,1,0.9458030170281305
2,23011,0,0,0.0007512827817851709
2,23013,0,0,0.007858439045394763
2,23017,0,0,0.029043041931643504
2,23018,0,0,0.0016641263898373485
2,23024,0,0,0.2710013871014367
2,23036,0,0,0.005204653911661579
2,23037,0,0,0.008154406342522676
2,23047,0,0,0.0005056606317677731
2,23053,0,0,0.024041066315493145
2,23054,0,0,6.0729390150343463e-05
2,23055,0,0,0.00041378255992849546
2,23066,0,0,0.0018515786372833671
2,23070,0,0,0.41703639922408586
2,23075,0,0,0.00016985973889084504
2,23076,0,0,0.041345829584320794
2,23078,1,1,0.6241849062201339
2,23083,1,1,0.8642256078468022
2,23095,0,0,0.09658232895961244
2,23096,0,0,0.028999203255976845
2,23107,1,1,0.9572051245425833
2,23109,1,1,0.9963778920655482
2,23110,0,0,0.01805229479418474
2,23112,0,0,0.0019921163721378504
2,23114,0,0,0.004001698462994517
2,23118,0,0,0.03591026606788072
2,23121,1,0,0.37633831629452114
2,23126,1,1,0.853324014298041
2,23130,1,1,0.5360760346851136
2,23131,1,1,0.9032409596931805
2,23133,0,0,0.46217801563355415
2,23138,0,0,0.10960858940601384
2,23139,0,0,0.010790012751643872
2,23156,0,0,0.44883987549108
2,23162,1,1,0.7998920911815007
2,23164,1,1,0.8751078388658047
2,23165,1,1,0.7913198410228346
2,23167,0,0,0.02295024614867869
2,23170,0,0,0.007572429897717815
2,23171,1,1,0.9746764386332333
2,23173,0,0,2.0986089208647416e-05
2,23177,0,0,0.14817703205272817
2,23178,0,0,0.0026173930654250473
2,23191,0,0,0.006127144341883421
2,23193,0,0,0.29274295929223726
2,23195,1,0,0.20716573819105707
2,23198,0,0,0.3719041278164897
2,23200,0,0,0.029641637732754297
2,23203,0,0,0.007660240888551823
2,23209,0,0,0.054986607410639404
2,23224,0,0,0.0220665671560897
2,23225,1,1,0.9964670040172992
2,23230,0,0,0.005099173283223562
2,23233,0,0,0.18984940225877545
2,23236,0,0,0.010636034935454043
2,23238,0,0,0.12289300810475202
2,23248,1,1,0.975390336392052
2,23249,0,0,0.04312163213296976
2,23255,0,0,0.09304060826814824
2,23278,0,0,0.054363810677191454
2,23279,1,1,0.9360755496967087
2,23282,0,0,0.05639394223314027
2,23283,0,0,0.0002449614622102142
2,23289,0,0,0.00018700860160736317
2,23291,0,0,0.0007919817659357379
2,23294,0,0,0.02818124710277591
2,23304,0,0,0.006666957127686624
2,23307,1,0,0.2847020119230835
2,23323,0,0,0.002146895667263568
2,23325,0,0,0.2655607651273979
2,23326,0,0,0.12319430736993224
2,23340,1,1,0.7866476415692294
2,23345,1,0,0.3233036921201649
2,23349,0,0,0.004875232423764195
2,23352,0,0,0.002042558562194146
2,23358,1,1,0.9075231751198615
2,23374,0,0,0.04751915687532646
2,23376,0,0,0.3686241380288145
2,23379,0,0,0.09619785095867858
2,23384,0,0,0.00030815638069728833
2,23386,0,0,0.025143324815064517
2,23387,1,0,0.10666923070281552
2,23389,0,1,0.6823498640263481
2,23407,1,0,0.32300377247879114
2,23410,0,0,0.015702253693077876
2,23413,1,1,0.9979300958443597
2,23418,0,0,0.12136618682805332
2,23423,1,1,0.8725665431176528
2,23431,1,1,0.6650886890750793
2,23439,0,0,0.03675705083162535
2,23440,0,0,0.011762332750147392
2,23447,0,0,0.2099823422307085
2,23450,0,0,0.4324516951997292
2,23460,0,0,0.10896224870380793
2,23465,0,0,0.09505540527405963
2,23478,1,1,0.9954609800307777
2,23482,0,0,0.11007798836891809
2,23483,0,0,0.0025102452130440905
2,23484,0,1,0.7287153089377932
2,23497,0,0,0.0034982888624937956
2,23498,0,0,0.3793106355945277
2,23503,0,0,8.53233385917514e-05
2,23511,0,0,0.03295015940918759
2,23515,0,0,0.029494860263251994
2,23525,0,0,0.4491036213108781
2,23530,0,0,0.04803977581187946
2,23535,0,0,0.16506118848756038
2,23540,0,0,0.007240831994228936
2,23542,1,0,0.1026249272509389
2,23543,1,0,0.15129481196602573
2,23549,0,0,0.009874892979773134
2,23561,1,1,0.990760004259775
2,23572,0,0,0.012559450086794469
2,23579,0,0,0.005068983174629538
2,23584,0,0,0.0011833616502552316
2,23586,0,0,0.020416974481447747
2,23590,1,1,0.9331912304423465
2,23595,0,0,0.4727250736972884
2,23596,0,0,0.02567757644214447
2,23600,1,0,0.4276476297278108
2,23606,0,0,0.30636996113710396
2,23607,0,1,0.5364229185559592
2,23611,0,1,0.6271128600352401
2,23615,0,0,0.03850263440398269
2,23636,0,0,0.060878269492564585
2,23645,0,0,0.007732482738634508
2,23648,0,0,0.10082530075056888
2,23649,0,0,0.0006667726106058578
2,23650,0,0,0.0024669312766084327
2,23654,0,0,0.44976404147006777
2,23655,0,0,0.08219771077301086
2,23657,0,0,0.2175930146188281
2,23658,1,1,0.7397214303933292
2,23664,0,0,3.7731354586863135e-05
2,23665,0,0,0.3130389667017374
2,23674,0,0,0.015016217123760747
2,23675,0,0,0.0014920017233227977
2,23678,1,1,0.8798212301988401
2,23681,1,1,0.991564667292291
2,23684,1,1,0.989581234070578
2,23703,0,0,0.2665866684506833
2,23713,0,1,0.8365189747610926
2,23714,1,0,0.12098343019702575
2,23716,0,0,0.0018907815903182225
2,23726,0,0,0.005062053818635867
2,23730,1,1,0.9960787292736221
2,23731,1,1,0.9944218582039899
2,23735,0,0,0.49445814926570225
2,23736,0,0,0.0002356094235283111
2,23739,0,0,0.0008180893252266901
2,23744,1,0,0.1878562503043033
2,23745,0,0,0.06730527935996866
2,23750,0,0,0.0005979010566856039
2,23761,0,0,0.0007348728834117456
2,23762,1,1,0.624349632362459
2,23768,0,0,0.004392223540346366
2,23769,1,1,0.592074729345912
2,23770,0,0,0.0015696941432127454
2,23795,1,1,0.9283860202080878
2,23802,1,1,0.7880448645273712
2,23803,1,0,0.1923887497064105
2,23806,0,0,0.0316096715612811
2,23813,1,1,0.8401775756901716
2,23814,0,0,0.023044610419976432
2,23815,0,0,0.00017285062291333186
2,23823,0,0,0.0031345353352052008
2,23826,0,0,0.001848464556791596
2,23833,0,1,0.7495973669711734
2,23834,0,0,0.43686136398070685
2,23835,0,0,0.012539889836770329
2,23836,1,0,0.32040969527586444
2,23838,0,0,0.18584526376918953
2,23847,0,0,0.0023116978118842167
2,23853,0,0,0.00011191919262228234
2,23854,1,1,0.9736236535173354
2,23860,1,0,0.42474910034729446
2,23861,1,1,0.9765376805322104
2,23864,1,0,0.15874518014223132
2,23872,0,0,0.05758929608661281
2,23875,0,0,0.003739344859710626
2,23876,0,1,0.6593429961276818
2,23881,1,0,0.4680991301454832
2,23885,0,0,0.09819050942844475
2,23887,1,0,0.3335220850166705
2,23902,0,0,0.00017503000804906845
2,23908,0,0,0.1253680150878622
2,23913,0,0,0.009088499622078486
2,23915,0,0,0.050843157306973474
2,23919,0,0,0.062008635324101176
2,23927,0,0,0.00404022093785272
2,23928,0,0,0.2431012459023835
2,23929,1,1,0.9855128995981204
2,23931,0,0,0.00022278591816660286
2,23939,0,0,0.043071525066042796
2,23944,1,0,0.31213304520770163
2,23945,1,1,0.815410986113076
2,23949,0,0,0.00013213369176623432
2,23950,0,1,0.9337542619819851
2,23951,0,0,0.016456218451721644
2,23952,0,0,0.0011114166257160936
2,23953,0,1,0.6865623696396931
2,23954,0,0,0.02221176455909652
2,23955,0,0,0.005902453783419245
2,23958,0,0,0.15991475178568215
2,23967,1,0,0.16761329385832152
2,23972,0,0,0.0877709237542517
2,23984,0,0,0.0046543370912985015
3,1,0,0,0.0002690525023691903
3,12,1,1,0.9886679454140237
3,15,0,0,0.0009970382735997913
3,16,0,0,0.0001897813229017614
3,18,1,0,0.30149568092678575
3,19,0,0,0.05337667801471977
3,21,0,0,0.0008177897854714179
3,29,1,1,0.9537816505347826
3,30,0,1,0.8674372173813949
3,32,1,1,0.9311907643171854
3,43,1,1,0.9891839625175419
3,49,1,1,0.8433625393152151
3,52,0,0,0.008036803067216108
3,57,0,1,0.8937083043958803
3,59,0,0,0.00014145875941973615
3,71,0,0,0.14217504047026924
3,72,0,0,0.04569393246875057
3,77,0,0,0.433366827370372
3,82,0,0,0.015529689904665205
3,83,0,0,0.15938508950076827
3,86,0,0,0.034168700511865685
3,92,0,0,0.011717617252020569
3,99,0,0,0.4706579364713096
3,106,1,1,0.9344685156731846
3,112,0,0,0.007796577682274633
3,113,0,0,0.018486116017003226
3,116,0,0,0.34286485936379124
3,117,0,0,0.004002777016412628
3,118,0,0,0.09032080463474018
3,125,0,1,0.8724882755937755
3,126,0,0,0.004322457022314118
3,128,0,0,0.1686784106117151
3,171,0,0,0.17374998576051529
3,178,0,0,0.0002969200678920834
3,182,0,0,0.005910435583930831
3,188,0,0,0.12808914616953948
3,199,0,0,0.013672774380851635
3,200,0,1,0.7201262312985054
3,204,1,1,0.9888649388864478
3,206,1,1,0.7178533688915953
3,228,1,0,0.08413928752281047
3,230,0,0,0.3390158649496659
3,231,0,0,0.006944149333129025
3,239,0,0,0.0005285583195821224
3,250,0,0,0.08410198906988993
3,252,0,0,0.002019292924624912
3,259,0,0,7.913535687815941e-05
3,261,0,0,0.3259589958102016
3,266,0,0,0.012981317252566639
3,267,0,0,0.0017119445859015104
3,270,0,0,0.031354442403578014
3,273,0,0,0.22309802346394733
3,276,0,0,0.002195920124891773
3,278,1,1,0.9593669438069433
3,279,0,0,0.008810225935971317
3,280,0,0,0.35548922508941433
3,281,0,0,0.28142246453994446
3,294,0,0,0.05897607843392872
3,297,1,1,0.9239383135048932
3,299,0,0,0.014454948147617285
3,300,0,0,0.0031663086503742155
3,306,0,0,0.0003051723341281673
3,312,1,1,0.915490740339664
3,327,0,1,0.6537678678336447
3,328,1,1,0.9996021438298445
3,335,0,0,0.004989014850469935
3,337,1,0,0.11180717896064196
3,349,0,1,0.6185976453234137
3,357,1,1,0.9830934990287767
3,361,0,0,0.29528208399088085
3,369,0,1,0.5045118929500833
3,370,0,0,0.0007074996430449451
3,373,0,0,0.03426040990402237
3,377,1,1,0.6080697525493158
3,382,0,0,0.0045042492166284705
3,384,0,0,0.06985647006723257
3,386,0,0,1.763350435561732e-06
3,391,0,0,0.0017318297789197215
3,403,0,0,0.009308414511330153
3,407,0,0,8.339948604022198e-05
3,408,0,0,0.06623395433069192
3,410,0,0,0.001656532864430322
3,418,0,1,0.8106501370659882
3,425,1,1,0.8126397749355755
3,429,1,1,0.9103610383043149
3,447,0,0,0.0014797715433648051
3,452,0,1,0.520637817959456
3,453,0,0,1.0757306380594894e-05
3,455,0,0,0.004758998302220372
3,460,0,0,0.06925562569890885
3,462,0,0,0.000239021982086418
3,487,0,0,0.1475957469811773
3,489,0,0,0.0019550503985063753
3,499,1,0,0.3199810657116841
3,510,0,0,0.0001002887090164069
3,511,0,1,0.910382061952794
3,519,0,0,0.0076538968626464355
3,523,1,0,0.40699924144718025
3,531,0,0,0.37003851603647353
3,539,1,1,0.9558104701239301
3,541,0,0,0.0005493497160320665
3,543,1,1,0.9769323294975876
3,545,1,1,0.9622988507033875
3,555,0,1,0.5516983601921225
3,558,0,0,0.2183266695506844
3,585,0,0,0.16275685468028964
3,592,0,1,0.9268680326895774
3,594,0,0,0.05738032979630375
3,597,0,0,0.39732672295182714
3,608,0,0,0.2218699400720927
3,612,0,0,0.050546342470456064
3,621,0,0,0.08782962758598709
3,626,0,0,0.005989395042273182
3,628,0,0,0.07965437981352046
3,629,1,1,0.9663425579681059
3,645,0,0,0.000765635197556573
3,646,1,1,0.9285515923677745
3,649,0,0,0.2984767223019564
3,653,0,0,0.022140692941123162
3,655,0,0,0.012826665099865292
3,656,1,1,0.985348663078965
3,658,1,1,0.9701212629691904
3,659,0,0,0.007002720528323352
3,663,0,0,0.0032008058381225116
3,667,0,0,0.006546571956915875
3,669,0,0,1.9689646143039285e-05
3,670,0,0,0.0015496272536057781
3,678,0,0,0.4184620383578558
3,689,0,0,5.710897344487857e-05
3,694,0,0,0.0006022689693345316
3,699,0,0,6.923370144378976e-05
3,700,0,0,0.07490173352276898
3,705,1,1,0.6850363881352193
3,707,1,0,0.470370649867477
3,717,0,0,0.0022724468189322155
3,742,0,0,0.0073665543420406
3,743,0,0,0.003704170492946893
3,745,0,0,0.017834484779378386
3,757,0,0,0.16306056540367317
3,758,0,0,0.013500619620406013
3,762,0,0,0.3616458558818972
3,764,1,1,0.995433647027493
3,766,1,1,0.8563626338658493
3,768,1,0,0.16783828318269425
3,769,0,0,0.00021254025844152753
3,770,0,0,0.27535677261805414
3,780,0,0,0.0005925643064999904
3,781,1,1,0.9276966108094812
3,786,0,0,0.00020886866982810386
3,788,1,1,0.9064516662393048
3,792,1,1,0.9480064534400905
3,796,1,1,0.9190044301969128
3,806,1,1,0.7805160005676404
3,807,1,1,0.8597234303812377
3,809,0,0,0.004527718235882352
3,825,0,0,0.0007172150465894933
3,833,0,0,0.009734576806787658
3,848,0,0,0.0004805350848283812
3,852,1,1,0.7461346650360952
3,856,0,0,0.0014466559352600316
3,865,0,0,8.86564591292785e-05
3,872,0,0,0.09621346729884035
3,878,0,1,0.6113649019625848
3,879,0,0,0.0002003907248120024
3,882,0,0,0.0006251691564278346
3,885,0,0,0.031183214845129485
3,887,0,0,0.025096485151158643
3,888,0,0,0.14870816230705644
3,889,0,0,0.00045039896009112733
3,903,0,0,0.4340353898921757
3,917,1,1,0.9965242391891473
3,919,0,0,0.003460812158694871
3,921,0,0,0.002792109778525455
3,927,0,0,0.46187833995634847
3,931,0,0,0.06234184806236923
3,932,0,0,0.05283871248655714
3,935,1,1,0.9105555061068502
3,937,0,0,0.051611486260870844
3,944,0,0,0.2651033329780471
3,956,1,1,0.6975209532787477
3,961,1,1,0.8809833383124699
3,964,0,0,0.0031844468698980547
3,975,0,0,0.002515234021579727
3,977,0,0,0.0001270133129261588
3,979,0,0,0.0005393421580699712
3,986,0,0,0.12159198186837167
3,997,0,0,0.3914204611824347
3,1007,0,0,0.0007149172022884449
3,1035,0,0,0.000687859490933249
3,1037,0,0,0.03585133420571365
3,1038,0,0,0.0027091998521458953
3,1040,0,1,0.8193668570878775
3,1043,0,0,0.0015965800715129117
3,1046,0,0,0.43882346431687513
3,1047,0,0,0.09173265532333866
3,1053,0,0,0.3901552764244282
3,1058,0,0,1.2206325001330794e-05
3,1059,0,0,0.01656579682487856
3,1063,1,1,0.7982735760041881
3,1066,0,0,0.015624042697185793
3,1072,0,0,0.20564493057899685
3,1078,0,0,0.36731633615249565
3,1080,1,1,0.9918115380551883
3,1083,0,0,0.11745999880634304
3,1084,0,0,0.15435176652200003
3,1087,1,1,0.7748563159647945
3,1093,0,0,0.005144469646298969
3,1094,0,0,0.021002874809748606
3,1096,0,0,0.001372740984333978
3,1099,0,0,0.004623388332355734
3,1104,1,1,0.9197387119668712
3,1112,0,0,0.057494634026089016
3,1119,1,1,0.9758788250872257
3,1128,0,0,0.004569009889183044
3,1129,0,0,0.0009516110838233775
3,1133,0,0,0.22278192141085687
3,1134,0,0,3.401111344074994e-05
3,1151,0,0,0.17571522392792577
3,1152,0,0,0.19617021835519255
3,1155,1,1,0.8637564379980474
3,1164,0,0,0.00023998901721307124
3,1176,1,0,0.15900018684728445
3,1185,1,1,0.9437737976244557
3,1188,1,1,0.9514797547332554
3,1196,1,1,0.9761833164057085
3,1197,1,1,0.952763441852441
3,1203,0,0,0.0050573338115498774
3,1209,0,0,0.012817169759802939
3,1218,0,0,0.00019123481812350254
3,1225,0,0,0.007864243053194976
3,1226,0,0,0.0959433368306404
3,1227,1,1,0.985029637028974
3,1231,0,0,0.09233002670649014
3,1232,1,1,0.9959767107430728
3,1233,0,1,0.5515605916338899
3,1234,0,0,0.005895029073314105
3,1235,0,0,0.0027916441402359654
3,1236,1,1,0.7511460402563053
3,1239,0,0,0.00016744892314062698
3,1242,0,0,0.00014524310819660004
3,1243,0,0,0.037879428740208505
3,1245,1,0,0.10789065972397344
3,1246,0,0,0.08405804184822589
3,1247,0,0,0.3964043486568574
3,1248,0,0,0.018629000487231154
3,1249,1,1,0.9692587894176661
3,1251,0,0,0.011149065369852773
3,1253,0,0,0.11124963438955611
3,1254,0,0,0.0016397060719304597
3,1258,0,0,0.05020524212058165
3,1265,0,0,0.027558080464863032
3,1272,0,0,0.05267989167707006
3,1275,1,1,0.6117392319980182
3,1277,0,0,0.03806523710788126
3,1281,0,0,0.008512898558343189
3,1285,0,0,0.4894041726403678
3,1287,0,0,0.0008983727497509091
3,1296,1,1,0.976498090885986
3,1299,0,0,0.29035164642624034
3,1303,0,0,0.07111482959532885
3,1306,1,0,0.3417309094696753
3,1316,0,1,0.938547565783656
3,1317,1,1,0.9510840866044116
3,1318,0,0,0.0009589191434928304
3,1328,0,0,0.0020356620579944228
3,1336,1,1,0.931289962637424
3,1348,0,0,0.014238145602197843
3,1351,0,0,0.00639339656127085
3,1356,1,1,0.9643921211577654
3,1358,0,0,0.014860144934766598
3,1359,1,1,0.9859319788483074
3,1363,0,0,0.09299554254832088
3,1366,0,0,0.06444723797380554
3,1370,0,0,0.4330659636058977
3,1373,1,1,0.8871943766132405
3,1374,0,0,0.11444193428239759
3,1396,0,0,0.3817951446337161
3,1399,0,0,0.0022865496305537517
3,1400,0,0,0.3662334164101247
3,1401,1,1,0.8848849321048438
3,1402,0,0,0.0012046419985698854
3,1403,0,0,0.003570889574864514
3,1408,0,0,0.35851918306274305
3,1409,0,1,0.9734867772430479
3,1410,0,0,0.45637522685930276
3,1416,0,0,0.00012723265782399286
3,1421,0,0,0.43652043631653925
3,1422,0,0,0.0006328558192705385
3,1432,0,1,0.8321620465858443
3,1439,0,0,0.010407768257337914
3,1441,0,0,0.4593328530193505
3,1446,0,0,0.002426251115789007
3,1449,1,1,0.996894178885433
3,1451,1,1,0.6628644826809716
3,1455,0,0,0.004912710277723126
3,1459,0,0,0.16889029425011715
3,1466,1,1,0.6872723284581183
3,1469,0,0,0.0006911974601005316
3,1470,1,1,0.7670296090746141
3,1473,1,1,0.933694267065113
3,1481,0,0,0.03724744759889916
3,1483,0,0,0.0009575462247172947
3,1484,0,0,3.7915014524903726e-05
3,1496,1,1,0.896395491629123
3,1503,1,1,0.6940907014772267
3,1504,0,0,0.00022503407888792613
3,1507,0,0,0.00024450017667166437
3,1519,0,0,0.07940358026062264
3,1525,0,0,0.07057322062616617
3,1540,0,0,0.0004121113071834359
3,1545,0,0,0.001021486466329329
3,1553,1,1,0.9765954747481501
3,1555,1,1,0.992338473369928
3,1559,1,1,0.9961322943975868
3,1562,0,0,1.844972757590188e-05
3,1568,1,1,0.967093451510235
3,1569,0,1,0.9035782283446433
3,1571,1,1,0.9850100318068197
3,1574,0,0,0.3312635701386653
3,1577,0,0,0.21859143850034607
3,1578,0,0,4.350921154100467e-05
3,1581,0,0,0.005536609890084045
3,1596,0,0,0.04178137701422141
3,1598,0,0,0.3896070613711782
3,1599,0,0,0.0328868107369515
3,1608,0,0,0.00637304533302932
3,1612,1,1,0.6946407473499718
3,1613,1,1,0.8441950550403317
3,1618,0,1,0.6825391895826867
3,1625,0,0,0.003491076091675858
3,1632,1,1,0.9770172823773545
3,1639,0,0,0.00020161578285586242
3,1643,0,0,0.07977615117029614
3,1648,0,0,0.03042866711160638
3,1654,0,0,0.2641191893112811
3,1659,0,0,0.01015320582136527
3,1660,0,0,0.0838807526971972
3,1662,0,0,0.02384143374721666
3,1663,1,1,0.896227538407828
3,1670,0,0,0.008202318331600688
3,1672,0,1,0.6848490675948292
3,1680,0,0,0.003949474087444468
3,1682,1,1,0.9853197142535555
3,1690,0,1,0.5148600730827344
3,1694,0,0,0.002246441173437097
3,1704,0,0,0.00038798151190038495
3,1710,0,0,0.23825133651324584
3,1711,0,0,0.008542629490480434
3,1721,0,0,0.001404337947584292
3,1726,0,0,0.00019507010760403382
3,1728,0,0,0.02879647813282458
3,1729,0,1,0.8179926341339384
3,1741,0,0,0.0038175267522895773
3,1745,0,1,0.6263254627480552
3,1748,1,1,0.9996778873793241
3,1752,1,1,0.9911969573874461
3,1754,1,0,0.14847550593917128
3,1756,1,1,0.8020196561612885
3,1757,0,0,0.04519614939806714
3,1758,0,0,0.08897787616823859
3,1764,0,1,0.942081813916686
3,1765,1,1,0.9330545117348988
3,1766,0,0,0.0015301340019439576
3,1777,1,0,0.3551241370108806
3,1790,0,0,0.006254311384461579
3,1798,0,0,0.018736799409079897
3,1802,0,0,0.48972578976747133
3,1806,1,0,0.06148442007759719
3,1811,0,0,0.06171029526838564
3,1812,0,0,0.010678766970169833
3,1822,1,1,0.9958640562032185
3,1836,1,1,0.9068051534193594
3,1837,0,0,0.0447562929827706
3,1841,0,0,0.0015553435953215454
3,1847,0,0,0.02585362969593166
3,1850,0,0,1.9487590250170014e-05
3,1877,0,0,0.02907552717178329
3,1879,0,0,0.0015564324089180107
3,1883,0,0,0.002585533515153245
3,1885,0,0,0.0016941449137780826
3,1886,0,0,0.1758214609072783
3,1889,0,0,0.0007085934615320865
3,1901,0,0,0.017614470744166118
3,1905,0,0,0.00730716180016579
3,1912,1,1,0.8613248522004613
3,1914,0,0,0.29053810817643966
3,1917,0,0,0.0002443528641330469
3,1922,0,0,0.007583930187051554
3,1926,0,0,0.002865071842707279
3,1927,0,0,0.0016726713940093557
3,1933,0,0,0.4810191638481939
3,1934,1,1,0.9860304783763094
3,1937,1,1,0.9926939720676204
3,1938,1,1,0.9734074552102211
3,1946,0,0,0.039656627542939644
3,1954,0,1,0.7207696777488257
3,1961,0,0,0.0051527699638856716
3,1966,0,0,0.0028637878681879716
3,1972,1,1,0.5253987604404113
3,1973,1,1,0.9993695139282713
3,1975,0,1,0.5730511310566155
3,1978,1,1,0.7672118893629203
3,1987,1,1,0.8493417449988916
3,1988,0,0,0.0033715303798585177
3,1992,1,0,0.45064362866804986
3,2000,1,1,0.9877052898340335
3,2002,0,1,0.9057690195573962
3,2009,0,0,0.005434215249423239
3,2010,1,1,0.8751486312022922
3,2012,0,1,0.8360128328399575
3,2013,0,0,0.1282849534152835
3,2015,0,0,3.492624182032713e-05
3,2016,0,0,0.09976403512550304
3,2018,0,0,0.0008115767007439202
3,2025,1,1,0.9378301227426952
3,2038,0,1,0.9276919829726785
3,2039,0,1,0.8813205190528407
3,2045,0,0,0.10600405190977265
3,2046,1,1,0.9882791189668755
3,2048,0,0,0.39078047764397467
3,2053,0,0,0.026823560234265704
3,2057,0,1,0.685010214169859
3,2063,0,0,0.3807923457394075
3,2068,0,0,5.8193938242443146e-05
3,2071,0,0,0.0033579250135209486
3,2072,0,0,0.1368087697568664
3,2089,0,1,0.8238156742554741
3,2092,0,0,0.0005417293966406762
3,2103,0,0,0.25472848367715883
3,2111,1,1,0.9834060200729201
3,2114,1,1,0.7727966792841109
3,2118,0,0,0.057388166367299265
3,2121,1,1,0.936449595498013
3,2127,0,0,0.4868028665479062
3,2133,0,0,0.4136525267316899
3,2134,0,0,0.05059765387184273
3,2135,0,0,0.051625542108147716
3,2142,0,0,0.16551143215276512
3,2143,0,1,0.5462159381902789
3,2150,0,0,0.14250304928936555
3,2151,0,0,0.24748848949033314
3,2159,0,0,0.02359251833320574
3,2163,0,0,0.005846821058542813
3,2164,0,0,0.018471494129493896
3,2172,0,0,0.02044092013870329
3,2173,0,0,0.32577651200302354
3,2175,0,1,0.5246881907842117
3,2181,0,0,0.0027655771892813943
3,2189,0,0,0.49419439077674876
3,2190,0,0,0.26820982186937997
3,2205,0,0,0.3376527437773657
3,2216,0,0,0.031193207231794477
3,2219,0,0,0.0007191954899333958
3,2221,0,0,0.19138558519803953
3,2225,1,1,0.994586260254244
3,2228,0,0,0.005998217946316643
3,2231,0,0,0.0072151228882691015
3,2249,0,0,0.11665530093992907
3,2250,1,1,0.5690241440584892
3,2258,0,0,0.0015528714353710113
3,2264,0,1,0.7641688960738561
3,2275,0,0,0.14565675390167654
3,2279,0,0,0.008270043470606952
3,2287,0,0,0.004187358354938175
3,2295,0,0,0.00157668358553059
3,2309,1,0,0.42820942749775376
3,2314,0,1,0.6390855389250854
3,2315,0,0,0.005978190511293009
3,2320,0,1,0.7870180585127444
3,2322,0,0,0.0031618021892436516
3,2324,0,1,0.8694125768752978
3,2331,0,0,0.0030783259075474914
3,2332,1,1,0.6755583888177747
3,2335,0,1,0.995993601298139
3,2336,0,0,0.04481400499107437
3,2342,0,0,0.013080411074797174
3,2358,0,0,0.00022437647089077367
3,2362,0,0,0.004596038148551504
3,2363,0,0,0.000860564058181123
3,2373,1,1,0.8384169981296882
3,2381,0,0,0.09381687146269187
3,2384,0,0,0.000913687227553138
3,2389,0,1,0.9515248563362617
3,2390,0,0,0.15723516054698855
3,2397,0,0,0.00184563549234462
3,2398,0,1,0.7753902364556093
3,2401,0,0,0.4866450047455904
3,2407,0,0,0.005379722906428786
3,2408,1,1,0.9505801183675632
3,2409,0,0,0.00810656898737135
3,2412,0,1,0.6209750985194846
3,2416,0,0,0.06604435554708867
3,2429,0,0,0.029173407154230994
3,2444,1,0,0.4136565723680398
3,2450,0,1,0.8071208062803314
3,2455,0,0,0.15156913227581842
3,2458,0,0,0.011896456431109934
3,2467,0,0,0.13274568745605533
3,2479,0,0,0.0014705345398994428
3,2481,0,0,0.000810175047539264
3,2494,1,1,0.9848488476578211
3,2495,0,0,0.00270862606736445
3,2504,0,0,0.04221434341526472
3,2505,0,0,0.0067346584546277245
3,2515,1,1,0.698495702304323
3,2521,0,0,0.17235725891449827
3,2524,1,0,0.48083046026771153
3,2525,0,0,0.010870295159578394
3,2527,0,0,0.37545139027610036
3,2528,0,0,0.21802789636510356
3,2538,1,1,0.9119562863232065
3,2559,1,0,0.39728965942659733
3,2565,0,0,0.009980263625432117
3,2572,1,1,0.541942915354289
3,2576,0,0,0.033378968686357785
3,2577,0,0,0.01602053613722419
3,2587,0,0,0.008415602728970266
3,2600,0,0,0.033635132627405154
3,2601,0,0,0.12888146380557627
3,2602,0,0,0.0006004059852603966
3,2606,0,0,8.017748659396288e-05
3,2610,0,0,0.0031560257063230957
3,2620,0,0,0.0007867361411421739
3,2622,0,0,0.04837520471732274
3,2623,0,0,2.543312580366237e-05
3,2627,0,0,0.39688398622227766
3,2638,0,0,0.06128959964617196
3,2641,0,0,0.00031164001617835143
3,2650,0,0,0.04652982501227953
3,2651,0,1,0.6956411933667098
3,2656,1,1,0.9876060301220022
3,2662,0,0,0.06365068975040464
3,2666,0,0,0.025317437888205046
3,2673,0,0,0.01999623635073097
3,2676,0,1,0.5025870436916631
3,2677,1,1,0.6991294145033256
3,2686,0,0,0.012634600627853418
3,2699,1,1,0.5635767188480413
3,2700,0,0,0.00024735535472791305
3,2703,0,1,0.7110704715619044
3,2708,0,0,0.24895271159138982
3,2712,0,0,0.3795985296577252
3,2715,0,0,0.036992336010097444
3,2721,0,0,0.0016179097314120625
3,2722,0,0,0.00017366311854341462
3,2729,1,1,0.9971943366436021
3,2736,0,0,0.0010326915488172194
3,2737,0,0,0.48512486859590387
3,2738,0,0,0.07055417062655715
3,2743,0,0,0.36789317611263395
3,2757,0,1,0.8313641305463177
3,2760,0,0,0.0007688800662876125
3,2780,0,0,0.002193604646260762
3,2790,1,0,0.1985959253320157
3,2796,0,0,0.04453984972674899
3,2798,0,0,0.0022362455496661546
3,2804,0,0,0.0002809884310432297
3,2805,0,0,0.20041969221071843
3,2808,1,1,0.979572724284518
3,2811,1,1,0.9834262418251477
3,2812,1,1,0.6007302622989145
3,2815,0,0,0.013889064794231031
3,2823,0,0,0.0628887424984917
3,2824,0,0,0.09562637212718472
3,2825,0,1,0.5450465558031226
3,2829,0,0,0.02924849805290373
3,2833,0,1,0.5174255327312051
3,2838,1,1,0.9649482150126367
3,2841,0,0,0.0002190901001379097
3,2847,0,1,0.8063045782586379
3,2855,0,0,0.41329900578294665
3,2857,0,0,0.006741937677828354
3,2861,0,0,0.025962668130207277
3,2862,0,0,5.529732832430863e-06
3,2869,0,0,0.0014882313141048194
3,2878,0,0,0.019111465315752453
3,2886,0,0,0.006318028555435411
3,2887,1,1,0.826407466605111
3,2888,0,0,0.33754516331424805
3,2889,1,1,0.9525665060998902
3,2892,1,0,0.4575224448458669
3,2898,1,1,0.9987969879072279
3,2899,0,1,0.7339170772477093
3,2900,0,0,0.040540580137201195
3,2903,0,0,0.004865359126373294
3,2907,0,0,0.00022938500167436572
3,2908,1,1,0.6001024181228766
3,2911,0,0,0.3548284322531728
3,2914,0,0,0.043228128736010306
3,2915,1,1,0.9796234081576287
3,2921,0,0,0.00041288155370270986
3,2922,0,0,0.0007181944602177558
3,2924,0,0,0.0037252881192510936
3,2929,0,0,0.03739813933377693
3,2936,0,0,0.013714556966340694
3,2943,0,0,8.63854625221262e-05
3,2944,0,0,0.03428260242846238
3,2945,0,0,0.16096372428819664
3,2946,0,0,0.0019232613091922264
3,2948,0,0,0.46738722688570916
3,2950,0,0,6.351663760587225e-05
3,2955,0,0,0.00013498551633394742
3,2974,0,0,0.0006459746308365484
3,2982,0,0,7.018975695338131e-05
3,2989,1,0,0.3618659668002481
3,2996,0,0,0.009550043445156496
3,2998,0,0,0.00026733297615782987
3,3003,0,0,0.0001041044147523131
3,3004,0,0,0.3400582165439944
3,3010,0,0,0.0015081618889578891
3,3013,0,0,0.2206296856662482
3,3014,0,0,1.35297388589568e-06
3,3019,0,0,0.007608337288189866
3,3020,0,0,0.15692047630299819
3,3021,1,1,0.8663479342042305
3,3024,0,0,0.008234038303069452
3,3051,0,0,0.016369548303126567
3,3060,1,1,0.9719178587251589
3,3063,1,1,0.6691649170275142
3,3074,0,0,0.0023277307628640897
3,3075,0,0,1.665069967996494e-05
3,3078,0,0,0.015898666278042716
3,3089,0,0,0.0025600801836721076
3,3091,1,1,0.9935921790562611
3,3098,1,1,0.9106549321154811
3,3100,0,0,0.0019933130519173515
3,3101,0,1,0.8279137786479966
3,3103,0,0,0.006757925604599705
3,3107,0,1,0.6704199842574139
3,3108,1,1,0.8625121956256083
3,3114,0,1,0.7019527145070045
3,3118,0,0,0.021238365438416704
3,3121,0,0,0.0012419428783677269
3,3125,0,0,0.08857387279240807
3,3131,0,0,0.01761593333228632
3,3134,1,1,0.9536747906051222
3,3139,0,0,0.025683040411426338
3,3151,0,0,1.9097093241055278e-05
3,3159,0,0,0.009262388539130155
3,3164,0,0,0.006938913553712826
3,3165,1,0,0.17559395293253166
3,3169,0,1,0.6892605948235919
3,3170,0,0,0.25654993826727396
3,3173,0,0,0.003271114151078335
3,3174,0,0,0.02170662513834442
3,3178,1,1,0.9968420096531522
3,3182,0,0,0.42688587367438147
3,3186,0,0,0.10583829758003752
3,3188,0,0,0.008363097885807221
3,3191,0,0,0.05806281846685759
3,3194,0,0,0.06986624121298866
3,3198,0,0,0.4392153912228796
3,3204,0,0,0.04795518533320604
3,3210,0,0,0.0055763164623198
3,3223,0,1,0.5486893961515977
3,3225,0,0,0.00030401143724041507
3,3226,0,0,3.005489030785157e-05
3,3231,0,0,0.001812449449120249
3,3253,0,0,0.05921015871449043
3,3254,0,0,0.017324376501982992
3,3258,0,1,0.8350964116125229
3,3263,0,0,0.17180082073785566
3,3264,0,0,3.517207091698541e-05
3,3278,0,0,0.14523944993311874
3,3286,0,0,0.002767208466828232
3,3303,0,0,0.0002775489752050856
3,3329,0,1,0.8091024555931942
3,3331,0,0,1.3744115680283079e-05
3,3333,0,0,0.002619885195161502
3,3336,1,0,0.2882031538209521
3,3339,0,0,0.029140597598702203
3,3348,0,0,0.043957533444810244
3,3350,1,1,0.8783014061057683
3,3351,1,1,0.9416561238105969
3,3352,1,1,0.9462828093143132
3,3354,0,0,0.40743330608221967
3,3359,0,0,0.0001435765994582603
3,3362,0,0,0.016872562558623953
3,3366,1,1,0.9053218833904852
3,3379,0,0,0.026342135767843958
3,3385,0,0,0.49069691819625966
3,3387,0,0,0.004429853342906292
3,3392,0,0,0.004468339114695814
3,3393,0,0,0.04714864889350817
3,3401,0,0,0.10496783390079899
3,3404,0,0,0.005712075481083033
3,3409,0,0,0.006730243298662889
3,3414,1,1,0.6557268082149267
3,3418,0,0,0.046413075176691465
3,3426,0,0,0.00043336486261763015
3,3430,0,0,0.03842120403745733
3,3431,0,0,0.0675065154023361
3,3433,0,0,0.11504455907872131
3,3434,0,0,0.0070106439795353595
3,3440,0,0,0.26501803811230407
3,3445,0,0,0.0004204461796593503
3,3446,0,0,0.001563910350255302
3,3452,1,0,0.38344004785520297
3,3464,0,0,0.17017877748920807
3,3470,1,1,0.8924581210302405
3,3472,0,0,0.150334726631921
3,3473,0,0,0.026004309364176893
3,3484,1,0,0.3114914039168568
3,3486,0,0,0.10789669221074745
3,3487,0,0,0.009084364471429721
3,3489,0,1,0.5141547287259558
3,3497,0,0,0.0006743027721135772
3,3498,0,0,0.4005002989445066
3,3501,0,0,0.0015815898378943212
3,3502,0,0,5.0336445564400466e-05
3,3505,0,0,0.42518217510729595
3,3519,0,0,0.017660235208167212
3,3530,0,0,0.008040837175733355
3,3535,0,0,0.09186544025990659
3,3537,1,1,0.9701442589771261
3,3545,0,0,0.07917106167057697
3,3546,0,0,0.020807039526192405
3,3553,0,0,0.007727469760765692
3,3562,0,0,0.00015002079921304574
3,3576,0,0,0.33141302814827317
3,3582,0,0,0.11268668328523625
3,3583,0,0,0.000442253941022826
3,3591,0,0,0.023431084557628015
3,3594,0,0,0.449368317900792
3,3595,0,0,0.021218206678447676
3,3600,0,0,0.18452836127052796
3,3603,0,0,0.3861944805701091
3,3609,0,0,0.00012475534766612242
3,3612,0,0,0.0006226002183717787
3,3618,1,1,0.8258637414174205
3,3619,0,0,0.004520185539567415
3,3621,0,0,0.02385316233249708
3,3622,1,0,0.3230715424743893
3,3625,1,1,0.6997792484691143
3,3640,0,0,0.1506891114403075
3,3643,0,0,0.05323543239004892
3,3650,1,1,0.9993966878402326
3,3651,0,0,0.0017763816569065871
3,3652,1,1,0.8014922833732598
3,3657,0,1,0.5136805030234132
3,3661,0,0,0.0007486270149057717
3,3672,0,1,0.859513372729983
3,3674,0,0,0.058497588519274245
3,3679,0,0,0.24941275717419137
3,3685,0,1,0.9431581292610625
3,3694,0,0,0.00019886779549733235
3,3695,0,0,0.10321520420851847
3,3703,0,0,0.0009969091937742103
3,3710,1,1,0.9851985588401984
3,3714,0,0,0.27373751113008477
3,3715,0,0,0.03445803280476278
3,3716,0,0,0.10459598698716753
3,3730,0,0,9.498742876163152e-05
3,3736,0,0,0.007785465655564067
3,3740,0,1,0.9088998868129923
3,3746,0,1,0.8522168875559142
3,3750,0,0,0.00108569896412859
3,3754,0,0,0.004934879812001782
3,3755,0,0,0.01996146763478401
3,3758,0,0,0.0018113445668095482
3,3764,0,0,0.001017204837383785
3,3783,0,0,0.154043762583095
3,3800,1,1,0.8722064672363227
3,3803,0,0,0.0067550895607610744
3,3808,0,1,0.9307969131280057
3,3810,0,0,0.058090599683790316
3,3813,0,0,0.003637972645522603
3,3819,0,0,0.00536931742340466
3,3821,1,0,0.3822731834725958
3,3828,0,0,0.001782054040290463
3,3829,0,0,0.007519422859706559
3,3830,1,1,0.9753996828352747
3,3831,0,0,4.166888584986045e-06
3,3844,0,0,8.542973346804454e-05
3,3848,0,0,0.02961333482299775
3,3852,0,1,0.6003089652077884
3,3855,0,0,0.10800666294328375
3,3861,1,1,0.7759545856713991
3,3862,0,1,0.9209557379706726
3,3867,0,0,0.00034969308070318344
3,3876,1,1,0.8549219331008773
3,3877,0,1,0.9968930033593982
3,3886,1,0,0.4429104013477776
3,3893,0,0,0.32552812485207977
3,3895,0,0,0.08035447960447299
3,3896,0,0,0.010733282775749524
3,3908,0,0,0.0954773945745292
3,3910,1,0,0.3250607160479293
3,3911,0,0,0.1339039452793322
3,3915,0,0,0.10785165531758042
3,3917,0,0,0.004625107692821184
3,3924,0,0,0.019547472301485458
3,3925,0,0,0.0036439019140482383
3,3928,0,0,0.00048410652242177277
3,3934,0,0,0.04104608380645313
3,3940,0,0,0.00017470742555833547
3,3942,0,0,0.030697345180345
3,3951,0,0,0.0014504985132623167
3,3966,0,0,0.0005871140221589504
3,3968,0,0,0.03595045475519564
3,3974,0,0,0.11550686954019201
3,3977,0,0,0.034316041327098624
3,3978,0,0,0.2221781954912925
3,3984,1,0,0.25667228438635836
3,3987,0,0,0.04366504262293672
3,3996,0,0,0.004086517997474845
3,4009,0,0,0.026864334691447646
3,4011,0,0,0.00046063908493336963
3,4012,0,0,0.038754436061263824
3,4019,0,0,0.021716883402809865
3,4042,1,1,0.9899244280834403
3,4044,0,0,0.009600504156134584
3,4047,1,1,0.9511292196260511
3,4050,1,1,0.6820115540167447
3,4061,0,0,0.10002016948013064
3,4065,0,0,0.00886509247825494
3,4066,1,1,0.6205463777999868
3,4069,0,0,0.008980869342792687
3,4072,0,1,0.732782409998249
3,4075,0,0,0.00019987593579558956
3,4077,0,0,0.012594273117234359
3,4087,0,0,0.06970369008040671
3,4091,1,1,0.8233382574771814
3,4098,0,1,0.9283287105674967
3,4103,1,1,0.9878665626239137
3,4109,0,0,0.030599985537700287
3,4113,0,0,0.001814705671179194
3,4119,0,0,0.003879935103874083
3,4120,0,0,0.3037342863463571
3,4124,0,0,0.3570871816481935
3,4125,1,1,0.9448187808840068
3,4126,0,0,0.0037813756275262836
3,4127,0,0,0.10766240420347659
3,4131,0,0,0.11319930057626074
3,4142,0,1,0.662742163296618
3,4143,0,0,0.00020412456871897903
3,4147,1,0,0.30882088875273667
3,4158,0,1,0.658296737237794
3,4162,0,1,0.9620489520321734
3,4173,0,1,0.6190005712136641
3,4177,0,0,0.00026311181465530747
3,4185,0,0,0.23021633930713828
3,4187,0,0,0.2370487242686179
3,4188,0,0,3.766874784373417e-06
3,4199,0,0,0.0034816347596493794
3,4200,1,1,0.8137847506399777
3,4202,0,0,0.014205125979330836
3,4217,0,1,0.9073722620547184
3,4218,1,1,0.8284506620894918
3,4221,0,0,4.4687850110564076e-06
3,4231,1,0,0.08264789827341112
3,4233,0,0,0.11436024991215105
3,4235,0,0,0.01743518274554991
3,4236,0,0,0.03952000014492556
3,4237,0,0,0.029248807150390826
3,4240,0,0,0.10185951803213678
3,4248,0,0,0.3352402704289376
3,4251,0,0,0.0010187050232827169
3,4253,0,0,0.0002349095595246947
3,4255,0,0,0.04848505614209169
3,4264,0,0,0.002293702398047838
3,4267,1,1,0.9669695544285258
3,4268,0,0,0.08137368254080045
3,4270,0,0,0.0035753460127107496
3,4273,0,1,0.7998478759199571
3,4300,0,0,0.08365363913235822
3,4303,0,0,0.15109257289500996
3,4307,0,0,0.3130607589783395
3,4309,0,0,0.013562789927356877
3,4310,0,0,0.05515424283562865
3,4314,0,0,0.006283891014944633
3,4318,0,0,0.036210951269086016
3,4320,0,0,0.12410094299491722
3,4327,0,0,0.00047076466570210654
3,4328,0,0,0.005195917957609432
3,4335,0,0,0.03669353672750005
3,4346,0,0,0.00013696195010921272
3,4349,0,0,0.007091486337812098
3,4354,0,0,0.0015691602746281813
3,4355,0,0,1.3602869605601583e-05
3,4357,0,0,0.3273104892130246
3,4360,0,0,0.03359244332380896
3,4364,0,0,0.05296563580522909
3,4370,1,1,0.6463841505046248
3,4372,1,0,0.19771962477965674
3,4376,0,0,0.0007660008845614518
3,4377,0,0,0.4039214308277145
3,4379,0,0,0.10880254277696444
3,4380,0,1,0.8054462284704473
3,4388,0,0,0.423892050882511
3,4394,0,0,0.20215192353398723
3,4409,0,0,0.00021455406451316086
3,4433,0,0,0.00421845586237224
3,4434,1,1,0.9850084490205311
3,4438,0,0,0.0003232299234249485
3,4447,0,0,0.06729750887539471
3,4450,0,1,0.7766166058968503
3,4452,1,1,0.8060872145083877
3,4453,0,1,0.6611836763235132
3,4457,1,1,0.9329953742083622
3,4462,0,0,0.03872825976733304
3,4465,0,0,0.00014142522386028663
3,4470,1,0,0.45957878737022634
3,4471,0,0,0.005703291894712973
3,4472,1,1,0.5235365110649859
3,4473,0,0,0.1739982577117523
3,4474,0,0,0.44220583411808395
3,4478,0,0,0.1938582541036089
3,4482,0,1,0.9284922590074162
3,4498,0,1,0.6769811058704246
3,4500,1,0,0.015178888214530175
3,4505,0,0,0.4324888037797985
3,4510,0,0,0.37703577865440885
3,4521,0,0,0.005349359608836354
3,4526,0,0,0.0027711885025550214
3,4528,0,1,0.862307909953297
3,4535,0,0,0.05296486201354453
3,4540,0,0,0.3223361826113478
3,4542,0,0,0.06249096570608943
3,4544,1,1,0.9933131629878028
3,4546,1,1,0.929583967769188
3,4560,0,0,0.006756612894804433
3,4567,1,1,0.8165346318740759
3,4571,0,0,0.00791602473121907
3,4573,0,0,0.19494332770775863
3,4574,1,0,0.14987309623509223
3,4577,1,1,0.9976190404481119
3,4591,0,0,0.008603176042282664
3,4595,1,1,0.9922649404007221
3,4597,0,0,0.001642040853374588
3,4598,0,0,0.12451502083837994
3,4599,0,1,0.9893271887534344
3,4601,0,0,0.03027349629241801
3,4606,0,0,0.08907501381234612
3,4611,0,1,0.6333110424230352
3,4612,0,0,0.05970612155471175
3,4624,0,0,0.00023264498017489042
3,4630,1,0,0.2811724140646297
3,4632,1,1,0.989194185366083
3,4649,0,0,0.07635671521310596
3,4663,0,0,0.002225205397437506
3,4665,0,0,0.020959064706672928
3,4669,0,0,0.051504713950080404
3,4671,0,0,0.0011137452757238205
3,4672,0,0,0.17467745353958553
3,4687,0,0,0.0011173936915975684
3,4693,0,0,0.02150472820507945
3,4694,0,0,0.19235474453495835
3,4698,0,0,0.0015776277819355502
3,4702,1,0,0.39729071929603244
3,4706,0,0,0.014808777099692581
3,4707,0,1,0.7690857903918937
3,4716,0,0,0.02251101678104293
3,4718,0,0,0.0016833692348293403
3,4720,0,0,0.002302226069730191
3,4722,0,0,0.007513720969947857
3,4726,0,0,0.009040374730145363
3,4727,0,1,0.6687563026349724
3,4729,0,0,0.0021321215228215593
3,4732,0,0,0.0003292391694872881
3,4753,0,0,0.07212414008767554
3,4759,0,0,9.763096679600081e-05
3,4760,0,0,0.0817066781172338
3,4764,0,0,0.0008945394676361537
3,4768,0,0,0.01090775950829439
3,4769,1,1,0.9256321877567057
3,4774,0,0,0.4779144077841777
3,4776,0,0,0.0005361235313065279
3,4778,0,1,0.8891873700875778
3,4784,1,0,0.023727147871189364
3,4785,0,0,0.017077391368386638
3,4791,1,1,0.965425476858147
3,4792,0,0,0.0108345888614769
3,4794,1,0,0.15419142594020738
3,4795,1,1,0.9795116986531903
3,4796,1,1,0.7096516780699175
3,4800,0,1,0.507503005806658
3,4813,0,1,0.8122564264755333
3,4814,0,0,0.00016742033489206825
3,4823,0,0,0.32372199492361364
3,4828,0,0,0.01025639561412119
3,4831,0,0,0.026920448838858538
3,4832,0,0,0.010370778946880816
3,4833,0,0,0.003752611078958633
3,4837,0,1,0.9411177115030733
3,4839,0,0,0.008192137902435084
3,4847,0,0,0.006031579307907059
3,4853,1,0,0.07032298681229877
3,4861,0,0,0.007525925625747428
3,4863,0,0,0.05362307853138782
3,4867,0,0,0.4395364359015852
3,4870,0,0,0.0038187566372014496
3,4877,0,0,5.7849004943115864e-05
3,4879,0,0,0.005251337988412229
3,4880,1,1,0.964858430508113
3,4881,0,0,0.05037599100039248
3,4885,0,0,0.01482880964009541
3,4887,0,0,0.4620050772707412
3,4901,0,0,0.3993535143524445
3,4907,0,1,0.6554078556331946
3,4912,1,1,0.8946045199512399
3,4915,0,0,0.07818487224024868
3,4920,0,0,0.000401961266064838
3,4924,0,0,0.0002530063949560907
3,4928,0,0,0.3569799693469508
3,4936,0,0,0.009892736730991834
3,4940,0,0,0.2992816016601843
3,4941,0,0,0.017938630520818347
3,4949,1,1,0.9930502911552932
3,4959,1,1,0.5282033742091292
3,4966,1,1,0.9847558884324684
3,4976,0,0,0.017509971275018403
3,4981,0,0,0.22205749283240112
3,4983,0,0,0.04704412463922387
3,4984,0,0,0.0014849919821041456
3,4991,1,1,0.5215189511664998
3,4996,0,0,0.0005808809827431117
3,5011,0,0,0.004108173524745192
3,5012,1,1,0.8079895001934486
3,5013,0,0,0.03644492329901779
3,5015,0,0,0.1529413002180659
3,5026,0,0,0.10161596636154419
3,5028,0,0,0.03108711434907796
3,5029,0,0,0.004012648654037639
3,5033,0,0,0.029291643170981874
3,5042,1,1,0.9167610352229058
3,5054,0,0,0.00011788188413206969
3,5059,0,0,0.0454295231901367
3,5062,0,1,0.5775804668898419
3,5071,0,0,8.276312335766257e-05
3,5076,0,0,0.029264564732860193
3,5077,1,1,0.74226877406732
3,5084,0,1,0.6117109025510067
3,5085,0,0,0.1515941549910281
3,5086,0,0,0.011859897500568775
3,5090,0,0,0.40788077774161535
3,5094,0,0,0.43915739140937887
3,5103,0,1,0.6871785560631287
3,5107,0,0,0.013791816784484648
3,5109,1,0,0.07949650783893064
3,5112,0,0,0.0017520779475760292
3,5114,1,0,0.030511358583986084
3,5115,0,0,0.23431446194090294
3,5122,1,1,0.9287501007674646
3,5127,0,0,0.02337404343681362
3,5130,0,0,0.24628324358542666
3,5144,0,0,0.07320034477653511
3,5163,0,0,0.34149375376047353
3,5169,0,0,0.012640646549320015
3,5172,0,1,0.9552885653420431
3,5181,1,1,0.9998630945120359
3,5184,0,0,0.0010525810371365238
3,5185,0,0,0.0009318287400230984
3,5187,0,0,0.014447643857036332
3,5189,1,0,0.3811044600458528
3,5194,0,0,0.0017151004266962092
3,5195,0,0,0.07808059483606712
3,5205,0,0,0.0008052662021154683
3,5206,0,0,0.06246074008151324
3,5208,1,1,0.7108305248540918
3,5217,0,1,0.9837450923028874
3,5218,0,0,0.026725239777142966
3,5219,0,0,0.0019239794429703572
3,5225,0,0,0.0008468247242248463
3,5229,0,0,9.751918148775795e-05
3,5247,0,1,0.7614908374728432
3,5251,0,0,0.07128556494691665
3,5253,0,0,0.19169586120141607
3,5261,0,0,0.0011497615786165195
3,5272,0,0,6.029015101787289e-06
3,5278,0,0,0.0007167279817376954
3,5279,0,0,0.0010608550642862275
3,5286,0,0,0.07715662764469085
3,5287,1,1,0.772399383965452
3,5305,0,0,3.8943864063884804e-05
3,5320,0,0,0.039754433945213226
3,5329,0,1,0.5445432550615551
3,5334,0,0,0.3157301116135614
3,5338,0,0,2.0849199446869657e-05
3,5345,0,0,0.003460618049206936
3,5346,0,0,0.004521632115762128
3,5356,1,1,0.9680321667357717
3,5360,0,0,0.1259841279441595
3,5361,0,0,0.053770487567220436
3,5364,1,1,0.9882648342782834
3,5365,0,0,0.0016175022514268171
3,5369,0,0,0.0009719465777039302
3,5382,0,1,0.5077888993840907
3,5390,0,0,0.0450293285597028
3,5393,1,1,0.9267401211315155
3,5396,1,1,0.8656591139760855
3,5405,1,1,0.9183575892331455
3,5410,0,0,0.3102692646646301
3,5411,0,0,0.007978073837304128
3,5414,0,0,0.026498016624810737
3,5416,0,0,0.001990176847375387
3,5420,0,0,0.0028993797811159385
3,5423,0,0,0.35657234482887185
3,5424,0,1,0.7619279820735053
3,5425,1,0,0.25661944686162086
3,5426,0,0,0.05909389357932286
3,5439,0,0,0.0013368238731685993
3,5446,0,1,0.5501494234035141
3,5452,1,1,0.8851798497677225
3,5459,0,1,0.8633971388280313
3,5470,0,0,5.4077187887144446e-05
3,5472,0,0,0.009874231327885279
3,5476,0,0,3.745485154783309e-05
3,5477,1,0,0.01858282961670454
3,5479,1,0,0.3333007052068271
3,5491,0,0,0.013982569151000747
3,5497,0,0,0.0156238684125327
3,5498,0,0,0.09293284652091449
3,5499,0,0,2.1289471219296743e-05
3,5506,0,0,0.054084576482054614
3,5510,0,0,3.406047647873724e-05
3,5519,1,1,0.9852443746941217
3,5522,0,0,0.1304198252924669
3,5526,1,1,0.8238587726333737
3,5534,0,0,0.0003978512429370846
3,5537,0,0,0.08762666965082345
3,5538,0,0,0.006937127612159345
3,5541,0,0,0.004105779512293052
3,5551,0,0,0.0014126918408559894
3,5553,0,0,0.0011399320341734715
3,5566,0,0,0.0014313442259565664
3,5567,0,0,0.04120089946124028
3,5580,0,0,0.02813851045045751
3,5585,1,1,0.9380633521331156
3,5589,0,0,0.0005825023144416055
3,5595,0,0,0.3574684074924862
3,5597,1,1,0.9974695645951945
3,5601,0,0,0.005278540422328921
3,5603,1,1,0.9086045970983074
3,5604,0,0,0.019046146645473962
3,5607,0,1,0.9514888267448192
3,5613,0,1,0.726734911193993
3,5615,0,0,0.0026698436285201655
3,5618,1,0,0.015730703853518258
3,5619,1,1,0.9573816510294241
3,5624,0,0,0.013768981395039973
3,5625,0,0,0.04518811540005972
3,5636,1,0,0.14421711597698156
3,5637,0,0,0.07179465127511048
3,5639,0,1,0.8993010703241778
3,5640,0,0,1.5242678933802669e-05
3,5644,1,1,0.9770621406796952
3,5655,1,1,0.7456972568227453
3,5658,0,0,0.49026532708779286
3,5660,1,1,0.8187585979529224
3,5665,0,0,0.010423821017552548
3,5673,1,1,0.6015381682634969
3,5682,0,0,0.0040663551274640235
3,5684,0,0,0.0017137377762318747
3,5695,1,1,0.9917620620264679
3,5696,1,0,0.02454195362846697
3,5705,0,0,0.002770409180147341
3,5711,0,0,0.0046788893462006145
3,5713,0,0,0.00015889835102390017
3,5715,0,0,0.05958559722764239
3,5723,0,0,0.008634217701409756
3,5730,1,1,0.9946140086833416
3,5738,0,1,0.8195542848366183
3,5742,0,0,0.008776702722535081
3,5743,0,1,0.5222872056021991
3,5749,0,0,0.35072835338361436
3,5755,0,0,0.37399829306372645
3,5761,0,0,0.0007196437152694121
3,5765,0,0,0.007774597067607047
3,5774,0,0,0.0007756853726416406
3,5779,0,0,0.002894291683351116
3,5780,0,0,0.018243625780765337
3,5781,0,0,0.01712238771546939
3,5784,0,0,0.13734235292277963
3,5789,0,0,0.018176033631740612
3,5804,0,1,0.8947594249487301
3,5808,0,0,0.13812317626431397
3,5809,0,0,0.0002261946742913067
3,5814,0,0,0.00015985874469154777
3,5820,0,0,0.0004919563160096336
3,5823,1,1,0.5227040973131747
3,5835,0,0,0.0002791324420358076
3,5837,0,0,0.01249200776747386
3,5852,0,0,0.0006296541933373384
3,5859,1,0,0.01799853229807131
3,5869,0,0,0.0009670681798611062
3,5872,0,0,0.004863138031171004
3,5876,0,0,0.005029021639223146
3,5878,0,0,0.0044181970439756664
3,5881,0,0,0.009598106147291743
3,5883,0,0,0.3808144668160701
3,5889,0,0,0.007295682770878915
3,5893,0,0,5.826216408897964e-05
3,5903,0,0,0.022530053180497722
3,5910,1,1,0.9960522621525051
3,5912,1,1,0.9967274854635862
3,5916,0,1,0.5618710602461899
3,5921,0,0,0.004543757474906615
3,5929,1,1,0.9321637781351427
3,5930,0,0,0.3936284592803425
3,5932,1,1,0.9917338904145578
3,5935,0,0,0.002390917432648985
3,5943,0,0,0.0008667482898108934
3,5945,0,0,0.04532070664198757
3,5949,0,0,0.05025840405980923
3,5950,0,0,0.30836423233436827
3,5955,0,0,0.05408040569073678
3,5960,0,0,0.19987721648148915
3,5965,1,0,0.25166341911948226
3,5968,0,0,0.002631253508235841
3,5970,1,1,0.5605430419695022
3,5971,0,0,2.6319346662487497e-05
3,5974,0,0,0.0029360667468026646
3,5976,0,0,0.009575634796089371
3,5980,0,0,0.010774692875689343
3,5985,1,1,0.9980580635707159
3,5988,1,1,0.5247572792261022
3,5991,0,1,0.7985344269258504
3,5993,0,0,0.0038990178973069955
3,6009,1,0,0.0005987410378451925
3,6033,0,0,0.0015757494360397184
3,6034,0,0,0.29883944122655476
3,6048,0,0,0.20491798092139796
3,6053,0,0,0.0561778030033979
3,6055,1,1,0.7783566380298333
3,6056,0,0,0.011827943749875886
3,6061,0,0,0.0024399967526865865
3,6066,0,0,0.09700124276584507
3,6067,0,0,0.01748857907400343
3,6072,0,0,0.05345520996052143
3,6078,0,0,0.022237066189336664
3,6089,1,1,0.8844319530370439
3,6090,0,0,0.43076735635502483
3,6096,1,1,0.6171759519750006
3,6097,0,0,0.14358954245122554
3,6104,0,1,0.9341247171990714
3,6108,0,0,0.4436475450034455
3,6109,0,0,0.0008879196812351637
3,6112,0,0,7.321426270661265e-06
3,6117,0,0,0.0009888332173678027
3,6121,0,0,0.000113703923818777
3,6123,1,1,0.6545195746728151
3,6130,0,0,0.021429564358297695
3,6131,0,1,0.7905363060746307
3,6147,0,0,0.10587725873779026
3,6159,0,0,0.15723411470427848
3,6160,0,0,0.15230776156712034
3,6167,0,0,0.006058547932796867
3,6169,0,0,0.0032962063028687465
3,6178,1,1,0.9966988803497503
3,6179,0,0,0.0007400968299897678
3,6183,1,1,0.7244063313949636
3,6189,0,0,0.46383134677801835
3,6200,0,0,0.009315836245002857
3,6207,0,0,0.007335731300103399
3,6208,0,0,0.0003218871879612937
3,6209,0,0,0.16800687654311777
3,6212,1,1,0.9723722085826564
3,6215,0,0,0.0008010316382710652
3,6216,0,0,0.3509182500460138
3,6220,1,1,0.6012615574696123
3,6228,0,0,0.003371639577099977
3,6229,0,0,0.0002687141801913344
3,6237,0,0,0.10819951296678183
3,6238,0,1,0.8197294073354878
3,6239,0,0,8.158657461309554e-05
3,6240,0,1,0.7181801979219323
3,6245,0,1,0.6882092806624251
3,6254,0,0,0.020049528001506684
3,6258,0,0,0.003812203087199705
3,6265,0,0,0.2520903343421093
3,6267,0,1,0.9062301406305724
3,6271,0,0,7.424606473584801e-05
3,6277,0,1,0.7685573051854057
3,6280,0,0,0.4643426778817172
3,6281,0,0,0.04930123768057901
3,6286,1,1,0.7218416952062491
3,6293,1,0,0.48582535080039385
3,6297,1,1,0.9316418348058078
3,6298,0,0,0.0029874572172341415
3,6306,0,0,0.04905816250886747
3,6309,0,0,0.0761546063776412
3,6320,1,1,0.8683994036477878
3,6322,0,0,0.015511984391883263
3,6323,0,1,0.871249454141164
3,6328,0,0,0.004132048411085331
3,6330,0,0,0.3083765271331111
3,6331,0,0,0.016696849743670323
3,6334,0,0,0.012290246878512543
3,6344,0,1,0.7447259654947551
3,6345,0,0,0.1571041504414949
3,6350,0,0,0.20070909484768407
3,6354,0,0,0.08251415476219964
3,6359,0,0,0.005751400138660474
3,6380,0,0,0.02301875068546093
3,6382,0,0,0.002897312754123982
3,6383,0,0,4.183045985673051e-05
3,6384,1,1,0.9939363919893469
3,6396,0,0,0.1995256026621284
3,6398,0,0,0.0012000884180701982
3,6399,0,0,0.01297454377766664
3,6401,0,0,0.0003479888633986749
3,6405,0,1,0.8075833559141732
3,6422,0,0,0.00044442420892325046
3,6426,1,1,0.9986119638463792
3,6429,0,0,0.005438360416984758
3,6442,0,0,0.0024364206694267405
3,6465,0,0,0.011031375836540363
3,6467,0,0,0.0045134410034542065
3,6471,0,0,0.3377792474344565
3,6479,0,0,0.06776277641251975
3,6482,0,1,0.6863801685937638
3,6483,0,0,0.00023352869884029172
3,6486,0,0,0.027667551162644678
3,6496,0,0,0.005591245320492531
3,6497,1,1,0.9972934177495907
3,6499,0,0,0.0195105348604582
3,6504,0,0,0.20252976920428947
3,6514,0,0,0.11941428733367102
3,6524,1,1,0.9899884057295093
3,6527,0,0,0.0013883603564484159
3,6528,0,1,0.9792643323669716
3,6529,0,0,9.109294446350916e-05
3,6531,0,0,0.012555604330859933
3,6533,1,1,0.9787830268931287
3,6541,0,0,0.010051372925398308
3,6543,0,0,0.19359366059203734
3,6553,0,0,0.15041443881760924
3,6554,1,1,0.972766608881533
3,6557,0,0,0.07351988619516661
3,6558,0,0,0.0032474211142386514
3,6561,0,1,0.6399475503696813
3,6562,0,0,0.015084334537657833
3,6565,0,0,0.1879392934912258
3,6572,0,0,0.0037325042353642643
3,6574,1,1,0.6377915015543402
3,6577,0,0,0.00843077682173219
3,6583,0,0,7.151720255061303e-05
3,6584,0,0,0.03015016988343084
3,6586,1,1,0.9901926835725623
3,6590,0,0,0.0019501525450207216
3,6591,1,1,0.610666094685204
3,6601,0,0,0.00012154009964475201
3,6602,0,0,0.12891345084548186
3,6603,1,1,0.9563530257186785
3,6607,0,0,0.06633847855650367
3,6613,0,0,0.011664175884722542
3,6617,1,1,0.953059634979408
3,6622,0,0,0.017234816087410572
3,6623,0,0,0.024262399253921353
3,6642,1,1,0.7760286429838515
3,6644,0,0,0.006409335047218704
3,6653,1,1,0.8998402606467479
3,6654,0,0,0.008473227053517138
3,6657,1,1,0.7350274285353869
3,6662,0,0,0.0010928662750365635
3,6665,0,0,0.0003069259693938329
3,6667,0,0,0.011775622780674929
3,6669,1,1,0.9742108761381185
3,6675,0,0,0.17450628762600998
3,6678,0,0,0.01758374079403502
3,6701,0,1,0.7013766863520056
3,6703,0,1,0.8465789120941053
3,6704,0,0,0.001446515747958324
3,6705,0,0,0.0003366632112261317
3,6725,0,0,0.0251492886559889
3,6728,0,0,0.06664450652832292
3,6730,0,0,0.07074777863391074
3,6741,1,1,0.6489207242525161
3,6745,0,0,0.0001313552712839089
3,6749,1,1,0.9722293067547789
3,6751,0,0,0.27792496076415873
3,6767,0,0,0.01920429118362576
3,6768,1,0,0.20641351861047175
3,6776,1,0,0.33366956218367233
3,6778,1,1,0.917481705619693
3,6783,0,0,0.052450296701390904
3,6786,0,0,0.20678772845765894
3,6789,0,0,0.033726249756610094
3,6794,0,0,0.008267094405889555
3,6797,0,0,0.11875610116115204
3,6800,1,1,0.5716550092089658
3,6811,0,0,0.2757141379056664
3,6817,0,0,0.005905020303852966
3,6819,0,0,0.029446225883525235
3,6835,1,1,0.9451833930340181
3,6849,0,0,0.04346264070102399
3,6850,0,0,0.0006531821605222072
3,6855,0,0,0.31428942521321573
3,6856,1,1,0.9086576765291721
3,6857,1,1,0.9909653062473459
3,6858,0,1,0.8170021076245616
3,6859,1,1,0.955380517271688
3,6868,0,0,0.4279146406797852
3,6869,0,0,0.014389185955933656
3,6873,1,1,0.9079553402832543
3,6876,1,1,0.9669177288188833
3,6879,0,0,0.0032956942994246076
3,6880,0,0,0.10306157765314182
3,6889,0,0,0.005602889316909073
3,6891,0,0,0.4054573211496728
3,6896,0,0,0.009571651804774076
3,6901,0,0,0.0002747683779858147
3,6902,0,0,0.0027984790212139273
3,6903,0,0,0.0005072032449674743
3,6904,0,0,0.003965358636709464
3,6911,0,0,0.10318089306087047
3,6923,0,0,0.09244156049234058
3,6924,0,0,0.0038434098669487323
3,6925,0,1,0.9649056486973923
3,6927,1,1,0.9792743490307863
3,6929,1,1,0.927191815571465
3,6931,0,0,2.8624975644479552e-05
3,6940,1,1,0.5964805652934994
3,6941,0,0,2.7444726388216267e-05
3,6942,0,0,0.0015044821117862596
3,6944,0,0,0.0012855797901480594
3,6949,0,0,0.1127638396651818
3,6956,0,0,0.0014898015911278236
3,6957,0,0,0.10392620620750309
3,6958,0,0,0.012369989888118672
3,6960,0,0,0.001199355250111513
3,6963,0,0,0.0038321774920998175
3,6979,0,0,0.0008093953744061937
3,6987,1,1,0.5272966269978748
3,6990,0,0,0.00041978549437242743
3,6999,0,0,0.005290600819725096
3,7003,0,0,0.042463317114518846
3,7010,1,1,0.9907861627879502
3,7013,0,0,0.004925235304048233
3,7026,0,0,0.07659844867328441
3,7029,1,1,0.9665707659627938
3,7033,1,1,0.9444009765139789
3,7034,0,0,0.22055234926560216
3,7039,0,0,0.002717656461881711
3,7041,0,0,0.011772214724619933
3,7043,0,0,0.2405006301850119
3,7048,1,1,0.8215020206666388
3,7051,1,1,0.9731296364197042
3,7053,1,1,0.85523831642835
3,7055,0,0,0.10304393450275037
3,7056,0,0,0.30731953889606617
3,7057,0,0,0.09794137309056399
3,7062,0,0,0.36194253910755947
3,7067,0,0,0.03551040611390521
3,7070,0,0,5.290783230497563e-05
3,7077,1,1,0.9482525761432099
3,7078,1,1,0.6905818594266997
3,7079,0,0,0.17604215779925453
3,7090,0,0,0.4564859168625742
3,7101,0,0,0.0010392597293811484
3,7106,0,0,0.0001903837231008131
3,7109,0,1,0.6505260956389292
3,7111,0,0,0.0009096608670937595
3,7122,1,1,0.8424429173994642
3,7128,0,0,0.01936231266690663
3,7131,0,0,0.030858427583675005
3,7135,1,0,0.4514564385400614
3,7136,0,0,0.006467343661866212
3,7152,1,1,0.859041071133379
3,7165,0,0,0.00015295115415382945
3,7170,0,0,0.490764796548563
3,7173,1,1,0.9755547566301362
3,7175,1,0,0.2059354040027213
3,7187,0,0,0.00014982729563339849
3,7190,0,1,0.56711246163893
3,7194,0,0,0.0006183785634962536
3,7195,1,1,0.8710316045250249
3,7200,0,0,0.013142640591878278
3,7207,0,0,5.2563257577030815e-05
3,7213,0,0,0.06049245627355774
3,7214,0,0,0.1555988892100696
3,7218,0,0,0.06813871191142813
3,7225,0,0,6.510787582889964e-05
3,7226,0,0,0.0233926921274712
3,7234,0,0,0.002160688907046972
3,7237,0,0,0.000171695444052772
3,7239,0,0,0.007893699985526716
3,7257,0,0,0.4154462041403419
3,7261,1,1,0.9557477630971944
3,7264,0,0,6.517273780875775e-05
3,7277,0,0,0.021839295247539053
3,7295,0,0,0.0018251125083219703
3,7300,1,1,0.9883881788933955
3,7301,0,0,0.44843566347643443
3,7308,0,0,0.023834902119977446
3,7309,0,0,0.0003388248111285794
3,7312,0,1,0.740306246670138
3,7313,0,0,0.004998803411270871
3,7316,0,0,0.000379543639516526
3,7324,0,1,0.5722329223136629
3,7326,0,0,0.05023603865635184
3,7328,0,0,0.011426040526972733
3,7337,0,0,0.006395448261884403
3,7350,0,0,0.016944366021561574
3,7352,0,0,7.672192404636074e-05
3,7363,1,1,0.9820086159047089
3,7375,0,1,0.5179162341446323
3,7380,0,0,0.014982895838540757
3,7383,0,0,0.0022659216547482406
3,7384,0,1,0.597015866937803
3,7385,0,0,0.0002047549684680026
3,7387,0,0,0.3969601380665351
3,7390,0,0,0.0018693953097245332
3,7397,0,0,0.026230608864954198
3,7399,0,0,0.01616100148652567
3,7401,0,0,0.004327162063264314
3,7407,0,0,0.10020432733806081
3,7427,0,0,0.05671444214175441
3,7435,1,1,0.9866605832398103
3,7439,0,0,0.055164913498304276
3,7453,0,0,0.007801350053643075
3,7455,0,1,0.7048330650732303
3,7464,0,0,0.024847013568470067
3,7465,0,0,0.009017447159467501
3,7476,0,0,0.001567401672147696
3,7487,0,1,0.607213405975759
3,7493,0,0,0.013659109311004738
3,7497,0,0,3.1781744103483934e-05
3,7499,0,0,0.0008219741787112131
3,7508,0,0,0.03452864185962326
3,7521,0,0,0.0005759915095389624
3,7526,0,0,0.0013621943605046749
3,7527,0,0,0.05323556386202867
3,7540,1,1,0.9756499551046551
3,7542,0,1,0.9924610249696977
3,7544,0,1,0.7841535789748325
3,7551,0,0,0.005594350043340525
3,7561,0,1,0.8099289600844823
3,7562,0,0,0.29732070921004583
3,7568,0,0,0.2580019308344156
3,7579,0,0,0.002586189385464156
3,7581,0,0,0.002807327792412151
3,7591,0,0,0.3497507013388915
3,7593,0,0,0.45673850069840133
3,7596,0,0,0.0004149447654338433
3,7601,0,0,0.458818398223604
3,7603,0,1,0.6253423675066722
3,7604,1,0,0.005431892432275275
3,7607,0,0,0.050883647158176344
3,7609,0,0,0.011107215424930305
3,7610,0,0,0.0004292394400895856
3,7615,0,0,0.01915965194253146
3,7618,0,0,0.0193510638284091
3,7630,0,0,0.002736354535461144
3,7633,0,0,0.0030620012082819186
3,7635,0,0,0.034094504301658904
3,7636,0,0,0.009562610186592197
3,7643,0,0,0.006850496662217554
3,7654,0,0,0.04731234436289199
3,7658,1,1,0.9696977504116598
3,7662,0,0,0.037380420316443584
3,7666,0,0,0.008469440019938747
3,7694,0,0,0.0023019186605765843
3,7696,0,0,0.3854878371026403
3,7705,0,1,0.5563264255412913
3,7713,1,1,0.916299270215378
3,7717,1,0,0.1825284378041765
3,7734,0,0,0.03128176978580297
3,7738,0,0,0.001489089379906311
3,7739,1,1,0.554674367726035
3,7749,0,0,0.0011123548059291622
3,7755,0,0,0.01992951920234457
3,7766,0,0,0.08292100296529495
3,7768,1,1,0.9449068184793828
3,7770,0,0,0.011379063250186318
3,7773,0,0,0.21536762053262093
3,7776,0,0,0.0012288381315825013
3,7782,0,0,0.05589687085626484
3,7783,1,1,0.9275069995510514
3,7784,0,0,0.004553829473201326
3,7806,0,0,0.0008543949097258081
3,7807,1,1,0.8296027951426063
3,7808,0,0,0.005996513195076912
3,7812,1,1,0.9926730712460673
3,7818,0,0,8.388532713978754e-05
3,7819,0,0,0.017112118730919654
3,7824,0,0,0.05671474909448722
3,7826,0,0,0.00768667634404296
3,7835,1,1,0.5886460001240514
3,7836,1,0,0.03090665390625653
3,7844,1,1,0.994717568581365
3,7847,1,1,0.9734456673537883
3,7852,0,0,0.009546789629686464
3,7856,0,0,3.495506632739794e-05
3,7860,0,0,0.030437212929606675
3,7862,1,1,0.9935203445240941
3,7868,1,0,0.10254684428897354
3,7872,0,0,0.18815355212622326
3,7873,1,1,0.9239166444235251
3,7878,0,0,0.08332467598191723
3,7879,0,0,0.002760767379999013
3,7881,0,0,0.12474128386912135
3,7885,1,1,0.7952140080417733
3,7893,1,1,0.9897015725602554
3,7899,0,0,0.001133794646020614
3,7905,0,0,2.337285652188574e-05
3,7908,0,0,0.003829687273184526
3,7914,0,0,0.0013390431139310736
3,7916,1,1,0.9955144432509918
3,7924,0,0,0.19884702290072223
3,7931,0,1,0.8350075835262075
3,7932,0,0,0.017026974211968145
3,7944,0,1,0.6773650969467558
3,7954,0,0,0.0016360048807947285
3,7962,0,0,0.03811001796760011
3,7965,0,0,0.00018272149479515832
3,7974,0,0,0.01461715751337717
3,7975,0,0,0.001092761901950593
3,7976,0,0,0.21663547638671446
3,7984,0,0,0.08943439012888126
3,7986,0,0,0.0027107397137509336
3,7990,0,0,0.3839427627063342
3,7994,0,0,0.01185218285882471
3,8000,0,0,1.351135443661607e-05
3,8002,0,1,0.7177378240169497
3,8003,0,1,0.894735119292389
3,8005,0,0,0.00025410632597117213
3,8017,0,0,0.000493473298792771
3,8019,0,0,0.002174031943171021
3,8022,0,0,0.0030025082787312044
3,8031,1,1,0.9925038172115798
3,8033,0,0,0.006388180461797254
3,8038,0,0,0.0011174499339115186
3,8042,1,1,0.8634009841441398
3,8045,0,0,0.1416522402869921
3,8046,0,0,0.22750232896278183
3,8049,1,1,0.9816737485730325
3,8055,0,0,0.00205083557020649
3,8062,0,0,0.014798738996968062
3,8071,0,0,0.002311787961908717
3,8074,0,0,0.00044623803470661416
3,8080,0,0,0.22063742821709104
3,8093,1,0,0.49561263054026566
3,8094,0,0,0.004500812142895958
3,8104,0,0,0.00014631711850307557
3,8111,1,1,0.7580700956031352
3,8113,0,0,0.17302914015826082
3,8117,1,0,0.4399795522388647
3,8126,0,0,0.03204462797178247
3,8133,0,0,0.09758459228660278
3,8144,0,0,0.27279519372096545
3,8147,1,1,0.9899038808761677
3,8155,0,0,0.0017846067599153273
3,8157,0,0,0.008039307500127702
3,8169,0,0,0.00736604916841177
3,8170,0,0,0.0006767481250089649
3,8172,0,0,0.002876840488901928
3,8182,0,0,1.5644250963826802e-05
3,8183,0,1,0.6900880212010603
3,8187,1,1,0.9010856822024682
3,8188,0,0,0.043415651017939025
3,8190,0,0,0.0004915958467958797
3,8192,0,0,0.04453691934220006
3,8199,1,1,0.9517822825008986
3,8205,0,0,0.15452222178169145
3,8225,0,0,0.0011443108776039207
3,8227,0,0,0.34664079117205815
3,8231,0,0,0.008656866496778003
3,8237,0,0,0.01832512253654223
3,8243,0,1,0.7443340532153732
3,8244,0,0,6.225423067200106e-05
3,8247,0,1,0.9253518591672927
3,8252,0,0,0.020908171625601164
3,8254,0,0,0.04708443317031923
3,8268,0,0,0.03628746868741107
3,8269,0,0,0.05446829780218275
3,8273,1,1,0.5766953646426284
3,8291,0,0,0.35849344626344304
3,8294,1,1,0.5861542629278537
3,8295,0,0,0.08584393300337369
3,8312,0,0,0.0099775003220178
3,8314,0,0,0.11308226668888813
3,8343,0,0,0.014995410580873642
3,8345,0,0,0.0001734685122163758
3,8346,1,1,0.9694200468199997
3,8354,0,0,0.39968416043495353
3,8358,0,0,0.1780172385072703
3,8360,0,0,0.0029272031405114165
3,8366,1,1,0.7550716445087085
3,8372,0,0,0.023929749885831256
3,8375,0,0,0.08875885568578563
3,8376,0,0,0.011099538723715085
3,8382,1,1,0.6820952447240394
3,8386,0,0,0.015380347236187388
3,8393,0,1,0.9820812070544335
3,8398,0,0,0.03581825108975437
3,8400,0,0,0.14544449867216744
3,8402,0,0,0.07124650505044165
3,8403,1,1,0.801058875707117
3,8411,0,0,0.1494883218948648
3,8419,0,0,0.0012122156414422582
3,8428,0,0,0.02676743711488118
3,8436,0,0,0.04795024097713032
3,8441,1,0,0.24528510018740035
3,8443,1,1,0.9582229183309888
3,8449,0,0,0.045239181955985745
3,8452,0,0,0.12442534602921555
3,8453,1,1,0.8013732545160535
3,8455,0,0,0.0015397902391875485
3,8473,1,1,0.9160055429411021
3,8482,1,1,0.9869478562630633
3,8493,0,0,0.002571828874389948
3,8500,1,1,0.9506997882965639
3,8501,0,1,0.8024055806482764
3,8522,1,0,0.03325843549902742
3,8529,1,1,0.632865212311011
3,8530,0,0,0.009667976200423374
3,8539,0,0,0.0009075826989169842
3,8544,0,0,0.04240733319268253
3,8545,0,0,0.3172413786698703
3,8558,0,0,0.0034177505402169365
3,8564,0,0,0.0014548618004157575
3,8571,0,0,0.030458294175895205
3,8596,0,0,0.0005863898558349737
3,8598,0,0,0.011644464576470708
3,8605,0,0,0.00011983401235880845
3,8607,0,0,0.043165410131848804
3,8612,0,0,0.36965924006942324
3,8613,0,0,0.22006968687750852
3,8618,0,0,0.0352155092860329
3,8622,0,0,0.36308699556262947
3,8634,0,1,0.8485018323061493
3,8640,0,0,0.008906075045646746
3,8646,0,0,0.00909755666774465
3,8647,0,0,0.30595104000450307
3,8648,0,0,0.0004161600639263569
3,8665,1,1,0.9642906114557684
3,8671,0,0,0.0013747497696745567
3,8675,0,0,0.0220912793790611
3,8677,1,0,0.2708166875621251
3,8679,0,0,0.252360516016372
3,8680,0,0,0.07847149674628
3,8681,0,1,0.8169362457565125
3,8684,0,0,0.00211739299705902
3,8693,0,0,0.0068069630274874456
3,8710,1,1,0.957894503797189
3,8723,0,0,0.0005468343720673766
3,8730,0,0,0.0007761340311259001
3,8743,0,0,0.10436907430947438
3,8745,0,1,0.8035009179968623
3,8747,0,0,5.34834607647295e-06
3,8750,1,0,0.27666310755635304
3,8770,0,0,0.0012145530889059862
3,8771,0,0,0.029830179234220204
3,8776,1,1,0.9863125949928265
3,8792,0,0,0.0003961952172670176
3,8793,0,1,0.8398292068873011
3,8795,0,0,0.2879420184959268
3,8802,0,0,0.13488789622429073
3,8811,0,0,0.06485252014143178
3,8812,0,0,0.002322052881668514
3,8834,0,0,0.08516804563044725
3,8847,0,0,0.015094136285283171
3,8855,0,0,0.025739799938452587
3,8858,0,0,0.12899972015106886
3,8859,0,0,0.011577237052854012
3,8862,0,0,0.037737453022998434
3,8864,0,0,0.08454922523493703
3,8867,0,1,0.9125316950713287
3,8887,0,0,0.09768740446181126
3,8890,0,0,0.02526034231095535
3,8895,0,1,0.5876913119018903
3,8899,0,0,0.09336621113107206
3,8903,1,0,0.4087620373371167
3,8904,1,1,0.9961298528073721
3,8909,0,0,0.03971518362681662
3,8915,0,0,0.015113864716813412
3,8916,0,0,0.12856909633851735
3,8920,0,0,0.21842632081782987
3,8921,0,1,0.8268308532960305
3,8928,0,0,0.2571176507153963
3,8941,0,1,0.8303004107029208
3,8944,0,0,0.0010205369775198327
3,8945,0,0,0.00012484993020355918
3,8947,0,0,0.002271240142159243
3,8954,1,1,0.9561362599804446
3,8955,0,1,0.7030304115587429
3,8956,0,0,0.000584860633720062
3,8957,0,0,1.1713946500083526e-05
3,8966,1,1,0.9863882267312084
3,8976,0,0,0.019874518224375685
3,8977,0,0,0.0021250789112710125
3,8979,0,0,0.0022305666048417303
3,8991,0,0,0.03476494659230013
3,8994,0,1,0.7358757604478428
3,8996,1,1,0.9862979135407623
3,8997,0,0,0.013948640245687906
3,8998,0,0,0.00035291034472191476
3,9004,0,0,0.10764734937855129
3,9006,1,1,0.8903285466529527
3,9010,0,0,0.08418242336779387
3,9011,0,0,0.03455245881801196
3,9018,1,1,0.9444768260770824
3,9020,0,0,0.3223510860864195
3,9025,0,0,0.04551319072915277
3,9031,1,1,0.8784713196045546
3,9042,0,0,0.015232054467081693
3,9043,0,0,0.4518881616513646
3,9054,0,1,0.7135292603116757
3,9064,0,0,0.00445994291471443
3,9066,0,0,0.011918675944693098
3,9074,0,0,0.002199177701904364
3,9075,1,1,0.9838313229060901
3,9077,0,1,0.9832513024676879
3,9079,0,0,0.015569150416745137
3,9082,1,1,0.9612581527346924
3,9084,1,1,0.9928491065272786
3,9089,0,0,0.0008687790714461441
3,9090,0,1,0.7719937593135892
3,9095,0,0,0.016265647508757624
3,9099,0,0,0.01076170483813098
3,9102,0,0,0.45700673245303086
3,9118,1,1,0.8868397262139252
3,9128,0,0,0.011281442169535269
3,9131,0,1,0.7451361909107248
3,9133,1,1,0.8882500619054734
3,9134,0,0,0.028002084992034996
3,9135,0,0,0.0017268403759200333
3,9136,0,0,0.008002052134656767
3,9148,1,1,0.9630066015149658
3,9150,0,0,6.480622412930407e-05
3,9154,0,0,0.0007161156319226706
3,9162,0,0,0.021248162120019863
3,9168,0,0,0.002702511401184252
3,9179,0,0,0.014514590227375534
3,9180,1,1,0.9979518404698055
3,9181,0,1,0.6794410394920289
3,9182,1,1,0.8817019379825816
3,9191,0,1,0.7039986988038166
3,9194,0,0,6.428970758831286e-05
3,9200,1,1,0.977300519327292
3,9204,0,0,0.4129077495658703
3,9205,0,0,0.0030160009740724655
3,9209,1,1,0.7947455261095805
3,9216,0,0,2.010652340511842e-05
3,9219,0,0,0.000140406316100012
3,9224,0,0,0.004496170053377478
3,9226,0,0,0.0010798691291929365
3,9227,1,0,0.12642266430995192
3,9228,1,1,0.5944900356073448
3,9232,1,1,0.6824242947237915
3,9236,0,0,0.013909845745830094
3,9251,1,1,0.988910913793375
3,9254,0,0,0.02704953111286863
3,9256,0,0,0.001820919919437298
3,9257,0,0,0.00901193000344734
3,9263,0,0,0.16126176350952595
3,9265,0,0,0.010708969514540062
3,9267,0,0,0.003270001184699725
3,9273,0,0,0.009622097821359248
3,9284,1,1,0.8077524892593546
3,9292,1,1,0.9632934193550665
3,9296,1,1,0.9097615507158213
3,9297,0,0,0.017046847093800443
3,9315,1,0,0.3167654477366681
3,9319,1,0,0.3478986190516114
3,9329,1,1,0.9927337804555955
3,9330,0,0,0.021048847824295943
3,9331,0,0,0.0011263153795003683
3,9341,0,0,0.18047697348492836
3,9345,0,0,0.0002232827503452872
3,9348,0,0,0.03040143057514887
3,9352,0,0,0.012175731326439057
3,9360,0,0,0.001780818562695966
3,9366,0,0,5.107327070194383e-05
3,9386,0,0,0.00011148450785497211
3,9387,0,0,0.004109937258031158
3,9410,0,0,0.18097084041685393
3,9416,0,1,0.7844395334419557
3,9422,1,1,0.9076211677087461
3,9426,0,0,0.001246051245436748
3,9444,1,0,0.2325871114803785
3,9450,0,0,0.008240435022454876
3,9453,0,0,0.4415370725707279
3,9458,0,0,0.06760546325353183
3,9467,1,1,0.7503562382856523
3,9468,0,1,0.6890098788125486
3,9476,0,0,0.0004746087357210579
3,9481,0,0,0.0030081399674030257
3,9483,1,1,0.9942859298342456
3,9496,0,1,0.9842904826739819
3,9505,0,0,5.334105880877385e-05
3,9508,0,1,0.7941184543606428
3,9511,0,0,1.1521939360879867e-05
3,9512,0,0,0.036721353272329685
3,9529,1,0,0.35023812756389
3,9532,0,0,0.009137227723022702
3,9535,0,0,0.010597654729061528
3,9541,0,0,6.923091288728976e-06
3,9542,0,0,0.23887274182812268
3,9545,1,0,0.15516390109909473
3,9551,0,0,0.00591034442012127
3,9561,0,0,0.012547807255825492
3,9562,1,0,0.34659396476568494
3,9563,1,1,0.9962825528834213
3,9564,0,0,0.011699546400630414
3,9569,0,0,0.0005280257499917307
3,9576,0,0,0.00017302513283583092
3,9581,0,0,0.042027394892368196
3,9582,1,1,0.7744899862360339
3,9588,0,0,0.0004974628141586678
3,9595,0,0,0.26195129326346467
3,9597,1,1,0.9772713770683729
3,9604,0,0,0.008663550231621114
3,9606,0,0,0.0039866016777329065
3,9608,0,0,0.11050811426682194
3,9613,1,1,0.9878633916518182
3,9618,1,1,0.8412503942855207
3,9623,0,0,0.0067903666749386795
3,9627,1,1,0.9293846357324187
3,9634,1,1,0.6355885874597297
3,9642,0,0,0.03553662581618448
3,9644,1,1,0.8723411777747403
3,9649,0,0,0.007386352145865828
3,9679,0,0,0.00042091567921774683
3,9688,0,1,0.6925932659559872
3,9697,0,0,0.0011941794008040036
3,9716,0,1,0.6230748732768436
3,9719,0,0,0.01794892963208428
3,9725,0,0,0.0038506812785368805
3,9726,0,0,0.015975738216227924
3,9729,0,1,0.7117359538452513
3,9732,1,1,0.8428105449296479
3,9733,1,0,0.22522574895715622
3,9742,1,1,0.8510705075903547
3,9749,0,0,0.011274276407383065
3,9754,0,1,0.6958867079425283
3,9761,0,0,0.015778490158194172
3,9764,1,1,0.9218352971257543
3,9766,0,0,3.1684232821057765e-05
3,9770,1,1,0.7897692375646653
3,9777,1,1,0.5958761888104377
3,9784,0,0,0.001540817195492772
3,9790,1,1,0.6523446823964038
3,9792,0,1,0.5224973829215961
3,9795,0,0,0.07402403108117736
3,9800,0,1,0.7554244313439299
3,9803,0,0,0.01735539237456931
3,9805,1,1,0.5766085224798676
3,9812,1,1,0.9805523287750961
3,9813,0,0,0.40072792625182974
3,9815,0,1,0.8792697500679674
3,9818,0,0,0.00018621428921716487
3,9822,0,0,0.0001409220329225001
3,9826,1,1,0.8473850786219884
3,9827,0,0,0.20455726931269133
3,9839,0,0,0.0808127859761654
3,9847,0,0,0.08192529366958301
3,9849,0,0,0.23017902653741573
3,9850,1,1,0.5805120172068707
3,9851,0,0,0.057834287861637294
3,9865,1,1,0.7581412677139096
3,9867,0,0,0.0001403829897686474
3,9868,0,0,0.0025505435596024284
3,9871,0,0,0.03844268805629268
3,9876,0,0,0.07917978153853361
3,9890,0,0,0.0013953234054654565
3,9892,0,0,0.011174753113611135
3,9899,0,0,0.003393593297897159
3,9907,0,1,0.9719713822706044
3,9908,1,1,0.9894318139245983
3,9911,0,1,0.5817215947232994
3,9919,1,1,0.9676344315794587
3,9922,0,0,0.0006866487513139931
3,9923,1,0,0.1681985943411567
3,9929,0,0,0.005193265213434348
3,9934,0,0,0.23192997838432222
3,9941,0,0,0.011970325164916633
3,9952,1,1,0.877694342592308
3,9956,0,0,0.0077948384469482875
3,9958,0,0,0.09421109559408469
3,9969,0,0,0.0002948280229904992
3,9972,0,0,0.108724063543255
3,9976,0,0,0.015800598839924712
3,9983,0,0,0.011509159692570731
3,9984,0,0,0.0016609578476594815
3,10010,1,1,0.6261833587079298
3,10012,0,1,0.6972276036221026
3,10022,0,0,3.296301397529642e-05
3,10029,0,0,0.01655654448945899
3,10043,0,0,6.020058661108769e-07
3,10048,0,1,0.7648198457829912
3,10052,0,0,1.0744317464136003e-05
3,10053,1,0,0.11812520815334683
3,10056,0,0,0.024600148408731926
3,10060,0,0,0.007656861235226508
3,10062,0,0,0.0001429413615409031
3,10067,0,0,0.000513921002653506
3,10070,0,0,0.0013544196239679014
3,10072,0,0,0.06589930064585332
3,10074,0,0,0.2505376725904287
3,10075,1,0,0.15850861297598953
3,10077,0,0,0.0731491036282777
3,10078,0,0,0.010148587992531048
3,10080,0,0,3.322618021154183e-05
3,10081,0,0,0.007546232096668997
3,10094,0,1,0.9557394101468816
3,10097,0,0,0.004656488890890284
3,10102,0,0,0.02056760952350097
3,10118,0,0,0.027796669647419524
3,10126,1,1,0.8781366922854814
3,10140,0,0,0.0534954468051783
3,10142,0,0,0.011915958439992016
3,10143,1,1,0.9879072825183107
3,10150,0,0,0.38748740901387496
3,10153,1,1,0.981205954698398
3,10169,0,1,0.9234226419721777
3,10170,0,1,0.6915956055933862
3,10173,0,0,0.006226138552582788
3,10182,1,1,0.8659263214101549
3,10192,0,0,0.32352212875338376
3,10193,0,0,0.00282945282025164
3,10196,1,0,0.1623793748872942
3,10197,1,0,0.29918803796159865
3,10209,0,0,0.0012719376241105691
3,10212,1,1,0.9709461612165035
3,10213,0,0,0.00020700335214014052
3,10214,0,0,0.022444716228982867
3,10228,0,0,0.2339552008377441
3,10247,0,0,0.29471878434347315
3,10249,0,0,0.07907383083708447
3,10252,0,1,0.9016868423334844
3,10253,0,0,0.1974781703036803
3,10256,0,0,0.05676719913863795
3,10260,0,0,0.015073384141995749
3,10261,0,0,0.000830009800258646
3,10265,0,1,0.7107972113273502
3,10266,0,0,0.0062186196296911515
3,10280,0,0,0.0036375250874945146
3,10281,0,0,0.16703323757374827
3,10288,0,0,0.03315757538277342
3,10298,0,0,0.3586101468530297
3,10306,1,0,0.373799071018717
3,10309,0,0,0.007410947078081124
3,10317,0,1,0.7933207589492917
3,10319,0,0,0.03193866162280325
3,10328,1,1,0.7148647960440584
3,10331,0,0,0.0005660138830319638
3,10333,0,0,0.4188246944575247
3,10341,0,0,0.0014201775607269233
3,10346,0,0,0.001376745347926259
3,10348,0,0,0.00026995077103208706
3,10352,1,0,0.3916070029989397
3,10358,1,0,0.36199271829760404
3,10378,1,1,0.9197013957547172
3,10379,0,0,0.13258215068374316
3,10386,0,0,0.03520564194852532
3,10387,0,0,0.005652586445567944
3,10398,0,0,0.0002525101606858106
3,10404,0,0,0.21193045638708383
3,10407,0,0,0.0005455575211362297
3,10418,0,0,0.024107661498328124
3,10424,0,0,0.02070125955322643
3,10425,1,1,0.9967452186670934
3,10428,0,0,0.028805395979461378
3,10440,1,1,0.9974665117495657
3,10442,1,0,0.27230808956539393
3,10447,1,1,0.6913415130841196
3,10448,0,0,0.0005498980070053161
3,10453,1,1,0.8671189562697352
3,10454,0,0,0.002764396191665572
3,10461,0,0,0.0006194311865652832
3,10462,0,1,0.638021591578662
3,10463,0,0,0.0016554667844295397
3,10471,0,0,0.04865037704740928
3,10474,0,0,0.42220869765111685
3,10486,0,0,0.00120847496146469
3,10487,0,1,0.6621773576276375
3,10501,0,0,0.0002202644392789169
3,10512,1,1,0.8971885770318093
3,10513,0,0,0.04040820766670702
3,10514,0,0,0.1797096574652805
3,10516,1,1,0.8403622955499447
3,10521,1,1,0.7177236524778391
3,10522,0,0,0.33501719595387847
3,10526,1,1,0.6778621299918025
3,10529,0,0,0.18750719686128045
3,10536,1,1,0.5728426161875618
3,10537,0,0,0.11479338205867073
3,10538,1,1,0.967212518930039
3,10540,0,1,0.7773893006150843
3,10545,0,0,0.31946198744957793
3,10546,1,1,0.9018970179259038
3,10550,0,0,0.0967438774782551
3,10552,0,0,0.20182564806295508
3,10562,0,0,0.0021606131644425473
3,10563,1,1,0.9316371647253765
3,10578,0,0,0.004588725066713968
3,10583,0,1,0.6076759038762517
3,10594,0,0,0.038410209091421836
3,10597,0,0,0.0010960454878118455
3,10600,1,1,0.9610244237472342
3,10602,0,0,0.00342614133582105
3,10607,0,0,1.6653471505917627e-05
3,10610,0,0,0.08726087982630401
3,10615,0,1,0.5977960479139448
3,10620,0,0,0.0008623589133953553
3,10628,0,1,0.8595764816126115
3,10629,1,1,0.7190563568282636
3,10630,0,0,0.0026729776971156955
3,10631,0,0,0.18176899356506135
3,10637,0,0,0.04457031259049535
3,10638,0,0,0.02277900437145663
3,10639,0,0,0.4718073981606335
3,10640,0,0,0.06868132336367389
3,10641,1,1,0.9816228701079144
3,10644,0,0,0.00662316444128979
3,10654,1,1,0.978209660330854
3,10660,0,0,0.000400566067638582
3,10661,0,0,0.00010198118025451827
3,10672,0,0,0.00048325015143540264
3,10674,0,0,0.0053491468075569
3,10683,1,1,0.7726018373385288
3,10684,0,0,0.004619474131888513
3,10687,0,0,0.0027328987954367474
3,10689,1,0,0.0759645369407376
3,10693,0,0,0.005081822971995481
3,10694,0,0,0.024310523609868132
3,10696,1,1,0.8812714500614369
3,10710,0,0,0.0018396395793766574
3,10714,0,0,0.0004926432105981396
3,10716,0,0,0.014642838528928604
3,10720,1,1,0.9985582668267409
3,10721,0,0,0.1712794424947697
3,10723,0,1,0.856973432539288
3,10724,0,0,0.06369282996800536
3,10725,0,0,0.016511975736988187
3,10731,1,1,0.9565666976633755
3,10735,0,0,0.014670580777339872
3,10743,0,0,0.0786491156172537
3,10745,0,0,0.0011650587733557888
3,10761,0,0,0.21654482916339374
3,10768,0,0,0.11900471557065856
3,10770,0,0,0.17252802388622476
3,10774,0,0,0.008775723568134202
3,10778,0,0,0.0016488390248693184
3,10794,0,0,0.0020130475502828683
3,10811,0,0,0.002499244808284129
3,10817,1,0,0.3317670462347347
3,10819,0,0,0.008441590372758621
3,10825,0,0,0.00671161675410036
3,10833,1,1,0.60093932096619
3,10847,0,1,0.5349509102033922
3,10848,0,0,0.0001408958161180646
3,10851,0,0,0.00025095337314842237
3,10855,0,0,0.03666435344682151
3,10858,0,0,0.0013420589585754913
3,10865,0,0,0.0003282384686219655
3,10868,0,0,0.12082340602006603
3,10879,0,0,2.016916489873512e-05
3,10882,0,0,0.00038154172251113664
3,10883,0,0,0.1267968090130479
3,10884,0,0,0.0008397522424628919
3,10885,0,0,0.0054896060724167715
3,10893,0,0,0.03456862034233699
3,10902,0,0,0.1323474935967208
3,10905,0,0,0.04834077794601386
3,10910,1,1,0.9512486107219792
3,10911,0,0,0.17288287870692665
3,10915,0,0,0.007725249553398868
3,10919,0,0,0.0006708656805288369
3,10921,0,0,0.0016750481168640735
3,10928,0,0,0.003345982813074462
3,10932,1,1,0.7680587613715765
3,10935,0,0,0.1447889263017984
3,10936,1,0,0.07657566003369383
3,10942,0,0,0.10905576092587502
3,10948,0,0,0.16805252035896323
3,10955,0,1,0.6712582516568945
3,10956,0,0,0.00024473350241064224
3,10961,0,0,0.0002733963237639147
3,10963,0,0,0.005792961065223916
3,10964,0,0,0.006184931706665104
3,10966,1,1,0.9904127789588735
3,10978,0,0,0.4170125863070461
3,10979,0,0,0.0024602470005154267
3,10994,0,0,7.962341987775009e-05
3,10995,0,0,0.08474408891000584
3,10996,0,0,0.0023708366380974246
3,11015,1,1,0.987292412235992
3,11019,0,0,0.40468376206765494
3,11020,0,1,0.6316335641297662
3,11021,1,1,0.9924392988089303
3,11023,0,0,0.25781846386169244
3,11027,0,1,0.9473436278769612
3,11032,0,0,0.0010061129033193043
3,11035,0,0,0.015760386299521457
3,11039,1,1,0.9936561767348384
3,11046,0,0,0.24887529595416302
3,11048,1,1,0.8819194997551477
3,11050,0,0,0.0002806276099165121
3,11051,0,0,0.20934846554221082
3,11052,0,0,0.013189362404657496
3,11053,0,0,0.0004735661865118907
3,11060,0,1,0.5066063130742109
3,11062,0,0,0.0015482816744457474
3,11064,0,0,0.18856728807711942
3,11065,1,0,0.18348904655894055
3,11066,0,0,0.008228500631735186
3,11085,1,1,0.9034347669574151
3,11088,0,0,0.4919879819252933
3,11090,0,0,0.04039139955892797
3,11099,0,0,0.08366196920026225
3,11100,1,0,0.3632055184155518
3,11104,0,1,0.8443624162756638
3,11106,0,0,1.0800939794453428e-05
3,11110,0,0,0.00018034610327606607
3,11114,0,0,0.1464020038868939
3,11124,0,1,0.9912647075129739
3,11128,0,0,0.30075169797303675
3,11132,0,0,0.02848666192695858
3,11141,1,1,0.9804521594902367
3,11153,1,1,0.9764261721021261
3,11157,1,0,0.21131242145675563
3,11159,1,1,0.9718792997413905
3,11163,0,0,0.01362299065251501
3,11165,0,0,0.06385032152291427
3,11173,0,0,0.11943612087137302
3,11179,0,0,0.0007836189073611367
3,11195,0,0,0.11456612859185433
3,11202,0,0,0.06320514800917222
3,11208,1,1,0.7719398579833443
3,11213,0,0,0.013909269604651728
3,11219,1,1,0.9695639891577662
3,11221,1,1,0.9971141101449178
3,11222,0,0,0.0007284383282990126
3,11225,0,0,0.11192936212935786
3,11227,0,0,0.07173579938032762
3,11231,0,0,0.0038410100721608933
3,11233,0,1,0.6396821393941128
3,11235,0,0,0.0093875566446276
3,11236,1,1,0.9967783122509775
3,11239,0,0,0.0025722437709822027
3,11249,0,0,0.00012597409049449018
3,11253,1,1,0.9874532665840839
3,11254,0,0,0.02652889396783564
3,11255,0,0,0.43014634320682293
3,11264,0,0,0.21572620637499498
3,11269,0,0,0.036976676159820906
3,11271,0,0,0.07980128596775032
3,11275,0,0,0.014770927923207972
3,11281,0,0,0.0020973872618792787
3,11290,0,0,0.020345524533375244
3,11298,0,0,0.008713546218079297
3,11299,0,0,0.0003853278828723799
3,11301,0,0,0.34727563259665495
3,11303,0,0,0.02436092502750541
3,11305,0,0,0.03228022402971005
3,11307,0,0,0.07608501226462973
3,11309,1,1,0.9791360968097732
3,11312,0,0,0.008788257339920356
3,11313,0,0,0.001166567115019768
3,11314,0,1,0.6831510516031685
3,11316,1,0,0.15157423868794484
3,11321,0,0,0.05001920469313817
3,11325,0,0,0.00013885583157289552
3,11329,0,0,9.671055010387078e-05
3,11335,0,0,0.08395805934307693
3,11344,0,0,0.005850721986570565
3,11351,0,0,0.10963506833240026
3,11358,1,1,0.905411315069027
3,11367,0,0,0.00030465916984477316
3,11372,0,0,0.0017026543859842288
3,11373,1,1,0.9998550220702869
3,11375,0,0,0.4389863448897173
3,11377,0,0,0.006060179786386057
3,11387,0,1,0.9863493789236342
3,11392,0,0,0.0008527064767488274
3,11402,1,1,0.911826447819162
3,11404,1,0,0.016180792652705913
3,11407,1,1,0.9945418427954458
3,11412,0,0,0.0010301410909261193
3,11416,0,0,0.011953374198351671
3,11418,0,1,0.9611264662083836
3,11422,0,0,0.22830821371676446
3,11427,0,0,0.004500794519870625
3,11429,0,0,0.00031134225765480075
3,11441,0,1,0.6450051900050368
3,11444,0,0,0.01624919018649686
3,11459,0,0,0.0002179935724523749
3,11464,0,0,0.02773148027680937
3,11465,0,0,0.378700305672767
3,11466,0,0,0.00036741968371877795
3,11470,0,0,0.1280395435435952
3,11474,0,0,0.09627553794881748
3,11478,0,1,0.6089667551194613
3,11490,0,0,0.15677536045476964
3,11506,1,0,0.3952949700045251
3,11510,0,1,0.5201278155600684
3,11512,0,0,0.0001617679890304995
3,11513,0,0,0.11258452740961929
3,11523,0,1,0.9107378040261713
3,11524,0,1,0.8462262785541315
3,11532,0,0,0.000371901253141911
3,11541,0,0,0.0010833954958397523
3,11547,0,0,0.004491064715146458
3,11548,0,0,0.04008424674443492
3,11554,1,1,0.8576152990677575
3,11556,0,0,0.006149885644693046
3,11558,0,0,0.20676837562077852
3,11567,0,0,0.020988116618571803
3,11572,0,0,0.00011782834316279325
3,11576,0,0,0.15049624422552532
3,11578,0,0,0.006441554826563801
3,11579,0,1,0.5959368699097477
3,11582,1,1,0.9363228838824089
3,11589,0,0,0.004289871583939559
3,11590,1,1,0.9653785044186901
3,11594,1,1,0.984247195868824
3,11602,0,0,8.594336231757267e-05
3,11605,0,0,5.685618482139929e-05
3,11617,0,0,0.04760001840470592
3,11623,1,1,0.6149383217035185
3,11628,0,0,0.15444728639544913
3,11630,0,0,0.04279477209110919
3,11633,0,0,0.28610120785076537
3,11639,0,0,0.09709757944478012
3,11646,0,0,0.014053207805475558
3,11655,1,1,0.9714750469656448
3,11658,0,0,0.011186411305018957
3,11662,0,0,0.27376982405851175
3,11670,0,0,0.017745342495134715
3,11679,1,1,0.9985433159187524
3,11681,1,1,0.7989432365057928
3,11694,1,1,0.9963718467282279
3,11698,0,0,0.001201026965305932
3,11702,0,0,0.046091348722204294
3,11704,0,0,0.3170035540928299
3,11706,0,0,0.01372082550247947
3,11707,0,0,0.074904680867544
3,11711,0,0,2.2544682045275116e-05
3,11713,0,0,0.18995090995424269
3,11718,0,0,5.7928667746703856e-05
3,11719,0,0,0.012737882334855146
3,11721,1,1,0.8418756606095857
3,11726,0,0,0.002717748261455686
3,11727,0,0,0.010837074231240137
3,11729,0,0,0.0006297410675455444
3,11730,0,0,0.0007971656192117654
3,11739,0,0,0.17921019084412249
3,11741,0,0,0.0005276422823183922
3,11753,0,0,0.4792435913937037
3,11755,0,0,0.0061238273849096156
3,11766,0,0,0.13647914022691215
3,11770,0,0,0.005918396176607606
3,11779,0,0,0.07418951623964706
3,11795,0,0,0.09765984540374927
3,11798,0,1,0.8259763113510529
3,11800,0,0,0.016423421441456594
3,11803,0,0,0.0018869382712756438
3,11804,0,0,0.034051184307234826
3,11810,1,1,0.9608834079488164
3,11815,1,1,0.9625035115145762
3,11818,0,0,0.059754729877279866
3,11823,0,0,2.7815541121810677e-05
3,11827,1,0,0.1968960130673747
3,11828,0,0,0.20866052672010002
3,11829,0,0,0.01669948817965252
3,11836,1,1,0.9981157539095585
3,11852,1,1,0.9411022033566535
3,11856,0,1,0.8367197473667809
3,11865,1,1,0.9952325174039569
3,11875,0,1,0.9634826728105718
3,11879,0,0,0.0898320970779091
3,11884,0,0,0.08024358616710493
3,11886,0,0,0.0006519546765239391
3,11889,0,0,0.44045918755962077
3,11892,1,1,0.7428145529400196
3,11902,0,0,0.009326939817613464
3,11903,0,1,0.706535918264351
3,11905,0,0,0.0001369996281353122
3,11917,0,0,0.11124390565823473
3,11922,0,1,0.5494953469094411
3,11933,1,0,0.46895772771647604
3,11941,0,0,6.773896579237493e-05
3,11942,0,0,0.0008419185737456943
3,11945,0,0,0.0002113762100565988
3,11946,0,0,0.3094120894867961
3,11949,0,1,0.9160890079676683
3,11950,0,0,7.274204188712204e-05
3,11952,1,1,0.8106922699822201
3,11953,1,1,0.662220366349601
3,11956,0,0,0.0001289692941946476
3,11958,0,0,0.07671032491270334
3,11961,0,0,0.08693563273237943
3,11965,0,0,5.9283708143612774e-05
3,11972,1,0,0.12330039126674862
3,11973,0,0,0.0052861134276045475
3,11978,0,0,0.061714136134153975
3,11981,0,0,0.0008206982320091062
3,11986,1,1,0.8845435719690936
3,11994,0,0,0.0035079305280214207
3,11995,0,1,0.5280527031826856
3,11998,0,0,0.0007235927065115157
3,12001,0,0,0.10681628277530485
3,12012,0,0,0.00026776054597898313
3,12015,0,0,0.0034340938184773814
3,12020,0,0,0.391864211500167
3,12025,0,0,0.0034180200528866793
3,12026,1,1,0.9942012879123883
3,12031,1,1,0.9540911656906899
3,12035,1,1,0.9178682573397591
3,12037,0,0,0.18266791658837145
3,12038,0,0,0.07676960336527137
3,12042,0,0,0.4954708571481232
3,12050,0,0,7.665139732322519e-05
3,12059,0,0,0.004771334412166764
3,12071,1,1,0.819926049448543
3,12076,0,0,5.708495490203785e-05
3,12080,1,1,0.7340221314360805
3,12083,1,1,0.7413666906429462
3,12093,0,0,0.0028709759780474785
3,12101,1,0,0.15687403524244234
3,12105,0,1,0.8276776886743674
3,12111,0,1,0.8679203515333143
3,12112,0,0,0.02912627484579785
3,12119,0,0,0.006299467031960229
3,12121,1,1,0.9320083145071449
3,12126,1,1,0.99047077575545
3,12129,0,0,0.013132409856111964
3,12131,0,1,0.5715890261020659
3,12133,0,0,0.0007630434644154456
3,12135,1,0,0.028039983957792215
3,12136,0,1,0.9212161221738507
3,12159,0,0,0.012664364645334771
3,12162,0,0,0.01302547155151049
3,12163,0,1,0.8407142290097165
3,12165,0,0,0.23537074815699777
3,12179,0,0,0.003219648624697026
3,12189,0,0,0.05420082040652776
3,12195,0,0,0.11219696214903467
3,12196,0,0,0.32759638670801605
3,12200,0,0,0.2812800978647592
3,12207,1,1,0.9298539311874429
3,12211,0,1,0.8142840986052614
3,12213,0,0,0.0018302453306842355
3,12218,0,0,0.02766636411515019
3,12221,1,1,0.7450080565725394
3,12225,1,1,0.7716254094202917
3,12233,0,0,0.005770836701927055
3,12235,0,0,0.2086957106604334
3,12240,0,0,0.005073169822390552
3,12243,0,0,0.12544544222358014
3,12245,0,0,0.11660222967066303
3,12247,0,0,0.009979396404453052
3,12248,0,0,0.09215158093186893
3,12251,0,0,0.004875896179521444
3,12253,1,1,0.8043217681615278
3,12262,0,0,0.19994431792340542
3,12273,0,0,0.003909367882850379
3,12278,0,0,0.027491567796124137
3,12284,1,1,0.9742283375435703
3,12291,0,0,0.008974228196754185
3,12301,0,0,0.0012560683490383325
3,12306,0,0,0.19764504645232658
3,12314,1,0,0.26297595981691774
3,12318,0,0,0.0012452281757328394
3,12322,0,0,0.018495842338777307
3,12330,0,0,0.007602344638383919
3,12331,0,0,0.009557099107138813
3,12332,0,0,0.02751888580721453
3,12333,0,0,0.0070611716220577965
3,12344,0,0,0.08214982247148911
3,12347,0,0,6.663977715649295e-05
3,12356,0,0,0.0022541503741390673
3,12359,0,0,0.028959948665898433
3,12360,1,0,0.14603481646733793
3,12361,0,0,0.0037207108760113085
3,12370,0,0,0.036983271276890065
3,12371,1,1,0.956187262942114
3,12372,0,1,0.8396232150508737
3,12379,0,0,0.00028655418838993425
3,12385,0,0,0.0009935651043281805
3,12387,0,0,0.3534668293445305
3,12389,0,1,0.6463601672699382
3,12391,0,0,0.0016689709641714758
3,12401,1,0,0.49639992250540904
3,12408,0,0,0.0014616512311724224
3,12413,0,0,0.0006436292623902799
3,12414,0,1,0.7560649038445777
3,12415,0,1,0.9286623838543345
3,12421,1,1,0.539680294220631
3,12422,0,0,0.010285485307853632
3,12433,0,0,0.04665561903966313
3,12438,0,0,0.0036396309851816004
3,12441,1,1,0.6418054687801376
3,12446,0,0,0.1295683487937913
3,12463,1,1,0.9874282124394402
3,12467,0,0,0.009885597115623097
3,12476,0,0,0.0036105386484511217
3,12478,0,1,0.7899911593755305
3,12484,1,1,0.5478434541313232
3,12487,0,0,0.00031518652798286274
3,12488,0,0,0.005936968672284218
3,12489,1,1,0.7119073084628225
3,12491,0,1,0.6068821633830531
3,12495,0,0,0.0016689760026785024
3,12496,1,1,0.7922360895695767
3,12506,1,1,0.9439043407508001
3,12519,0,0,0.00027698857003638413
3,12520,0,0,0.00014262672822816795
3,12521,1,0,0.27797488902906686
3,12530,0,0,0.02186986491463651
3,12531,0,0,0.0010182763984788916
3,12532,0,0,0.008189176651096414
3,12534,0,0,0.00026276599624078776
3,12538,0,0,0.04146964475784688
3,12558,0,0,0.002687394015514491
3,12560,0,1,0.7377604966337825
3,12563,0,0,0.0033119474008438646
3,12566,1,1,0.9809717569944088
3,12574,0,0,0.032805687757504386
3,12576,1,1,0.9689768593278538
3,12577,0,0,0.004300457468913791
3,12590,0,0,0.25839490749963834
3,12597,0,0,0.2372439750924822
3,12606,0,0,0.010053076728646033
3,12607,0,0,0.018498065327773122
3,12608,0,0,0.027635661046983468
3,12611,1,1,0.8058269136684084
3,12613,0,0,0.08714690026249348
3,12614,0,0,0.01710778590739643
3,12619,0,0,0.018750487955498267
3,12621,0,0,0.04439326976768562
3,12626,0,1,0.5686968819766721
3,12631,0,0,0.05321738525843971
3,12635,0,0,0.04387789494663988
3,12644,1,0,0.009027128118978447
3,12651,1,1,0.6911150568449641
3,12653,0,0,0.029044333898305682
3,12654,0,0,0.38863974167406024
3,12658,1,0,0.46314285910134256
3,12668,0,0,0.1359088392948839
3,12670,1,1,0.6784124702430139
3,12672,1,1,0.5795823082502899
3,12673,0,0,0.0012937335701590585
3,12675,0,0,0.056447628439708845
3,12688,1,1,0.9235739957110398
3,12700,0,0,0.0035844650313943682
3,12710,0,0,0.3225403192138603
3,12712,1,1,0.662506389157977
3,12713,1,1,0.7678934650287319
3,12719,0,0,0.3569528894174186
3,12723,1,1,0.9898411150403875
3,12725,0,0,9.522863132254066e-05
3,12728,0,0,0.04480851949111115
3,12736,1,1,0.8946567700525323
3,12745,0,0,0.010231546360119642
3,12748,0,0,0.002763487350176955
3,12749,0,1,0.6872414212037331
3,12751,0,0,0.005636231967894592
3,12755,0,0,0.07669207628842913
3,12756,0,1,0.5255728856678359
3,12770,1,1,0.9403113838699944
3,12780,1,1,0.860414319385796
3,12786,0,0,0.02230914409827865
3,12788,0,0,0.0016032111968586776
3,12791,0,0,0.1929449283997156
3,12792,0,1,0.6679785152764464
3,12797,0,0,0.2028464202943635
3,12804,0,0,0.029202589838381494
3,12805,0,0,0.028519275937162088
3,12807,0,0,0.0021234158507232983
3,12810,0,0,9.811597515664638e-05
3,12811,0,0,0.04295224303493156
3,12814,0,0,0.31844480553330945
3,12815,0,0,0.0005350512257338666
3,12816,0,0,0.04767460615404757
3,12817,0,0,0.01203158123191266
3,12823,0,0,0.3990935044329539
3,12829,1,1,0.940940811561211
3,12835,0,0,0.0003129678286159691
3,12836,0,0,0.004888753019707474
3,12837,0,0,0.015599975056868349
3,12839,0,1,0.7601436107412288
3,12841,0,0,0.0010639375481098206
3,12846,0,1,0.5323236396795042
3,12847,0,0,0.005927065276263016
3,12852,0,0,7.852327524151577e-06
3,12867,1,0,0.19791664832567896
3,12869,0,0,0.003616378208795407
3,12870,0,0,0.010285198448000585
3,12871,1,0,0.3158217789808633
3,12878,0,0,0.006383287498338979
3,12887,0,0,0.0014152371153484335
3,12890,0,0,0.1726135515443492
3,12899,1,0,0.08491709097850386
3,12908,0,0,0.0007274765943205014
3,12909,0,0,0.0051139819314294805
3,12911,0,0,3.904393967468424e-06
3,12920,0,0,0.19209902598527778
3,12931,0,0,0.00010290861239371759
3,12933,1,1,0.9916397160189002
3,12937,0,1,0.9033614526650806
3,12941,0,0,0.004209060386130261
3,12943,0,0,0.003031031354641606
3,12947,1,0,0.16844723322881078
3,12948,0,1,0.5054825845395188
3,12949,0,0,0.024050851449297694
3,12952,0,1,0.5260080912615243
3,12959,0,1,0.8110213494751413
3,12962,0,1,0.5171805855671318
3,12964,0,0,0.022698355473837088
3,12965,0,0,0.25698167822309836
3,12969,1,1,0.7458400819171193
3,12971,0,0,0.008128258437033435
3,12981,1,1,0.7586991740339268
3,12983,0,0,0.0006320187585088068
3,12990,0,0,0.0038476463053700757
3,12995,0,0,8.500106254855357e-05
3,13003,0,0,0.0030607082213814554
3,13007,0,0,0.012540135764746429
3,13010,0,0,0.004883395331433916
3,13014,0,0,0.0004969521192496823
3,13019,0,1,0.5429221482157133
3,13030,0,1,0.8888826204047494
3,13034,0,0,0.00025119506405191173
3,13037,0,0,0.00019774896822898302
3,13056,0,0,0.017226553059423774
3,13057,0,0,0.2680278234030356
3,13058,0,0,0.004078463095770836
3,13062,0,1,0.9889785029766105
3,13063,0,0,0.00333925093807251
3,13064,0,0,0.0003421750371784876
3,13071,1,1,0.8652720009555652
3,13072,0,0,0.26264012415645016
3,13082,0,0,0.019042377541122348
3,13083,0,0,0.0056893900131202045
3,13086,0,0,0.02222254401114222
3,13091,0,0,0.009386237216994294
3,13095,0,0,0.06071373058024735
3,13109,0,0,0.17894368667929897
3,13110,0,0,1.5534944675362794e-05
3,13113,0,0,0.004742543431893864
3,13115,0,0,0.02634175413738458
3,13116,0,0,0.0020111389468874196
3,13124,0,0,0.28740076708851314
3,13135,0,0,0.007261637337147805
3,13141,1,1,0.8484855752842534
3,13143,1,1,0.8373305148829558
3,13146,0,0,0.001818911180717728
3,13147,0,0,0.0010683625620394818
3,13149,0,0,2.4138884375006107e-05
3,13160,0,0,0.15539777688561604
3,13161,0,0,0.0064165185920980325
3,13165,0,1,0.6141855658437989
3,13167,1,1,0.8874956561046481
3,13171,1,1,0.986719240573213
3,13174,0,0,0.3766152874931877
3,13175,0,0,0.0038369226311510043
3,13177,0,0,0.11655649457582004
3,13182,0,0,0.004354593790402877
3,13183,0,0,0.00034938941730886425
3,13195,0,0,0.030031751007150335
3,13200,0,0,0.016070964802001517
3,13202,0,0,0.0010921229989647222
3,13205,0,1,0.7294724255856986
3,13220,0,0,0.00043388818185876915
3,13227,0,0,0.0009180680601137103
3,13231,1,1,0.8516245692168135
3,13234,1,1,0.9447938650614848
3,13237,1,1,0.9023040278279383
3,13239,1,1,0.9744062803167116
3,13244,0,0,0.0008494140955865735
3,13245,0,0,0.0070882770823665715
3,13246,1,1,0.5097891678312249
3,13264,0,0,0.0022342003621955895
3,13265,0,0,0.017167010794661233
3,13271,0,0,1.0567256254837962e-05
3,13273,0,0,0.4684912639469384
3,13278,0,0,0.0070438137609564085
3,13285,0,0,0.0015689789107292368
3,13290,0,0,2.9902775165760837e-07
3,13291,1,1,0.9743113689880964
3,13295,0,0,0.004146350679421703
3,13297,0,0,0.028154469915208435
3,13298,0,0,0.006235647736188215
3,13300,1,1,0.9503360930935839
3,13304,0,0,0.00020788355428760427
3,13312,0,0,0.0001191846857459396
3,13319,1,0,0.10732425353209726
3,13322,0,0,0.0008221818129143761
3,13327,0,0,0.03554210022888714
3,13332,0,0,0.33184302349845546
3,13340,0,0,0.062262252094615535
3,13342,1,1,0.9706384994701628
3,13351,0,0,0.005878463120771435
3,13352,0,0,0.20958763036260764
3,13358,0,0,0.1503539483270834
3,13370,0,0,0.20922024464879335
3,13378,1,0,0.2348288402453803
3,13383,1,1,0.7327263906918571
3,13394,1,1,0.7298153719376527
3,13395,1,1,0.6960900000022064
3,13403,0,0,0.33207118358172943
3,13407,0,0,0.009806402371895622
3,13413,0,1,0.7940377830417766
3,13418,1,1,0.9025540114149346
3,13421,1,1,0.9215863560934118
3,13433,1,1,0.9484283008278579
3,13437,0,0,0.22271558443859948
3,13444,0,1,0.6836775503865388
3,13451,0,0,0.003772455990136509
3,13453,0,0,0.0099487332612334
3,13462,0,0,0.0013072759376211581
3,13472,0,0,0.12274792579705943
3,13480,0,1,0.6868901784912973
3,13484,0,1,0.7619065655345222
3,13485,0,0,0.0007995786107369852
3,13487,0,0,0.005639519798487373
3,13506,0,1,0.7149553073955426
3,13516,0,0,0.0001413769579310236
3,13518,0,0,9.128375924731958e-05
3,13519,0,0,0.016062824656170593
3,13522,0,1,0.8296619715265543
3,13527,0,0,0.0006023777194863322
3,13529,0,0,0.0011673476893367995
3,13532,0,0,0.1134176225932029
3,13537,0,0,0.009276223750327316
3,13539,0,0,0.005206825040753081
3,13540,0,0,2.0511715643089877e-05
3,13541,0,0,0.22220931818055706
3,13552,0,0,0.00012904360521296017
3,13554,0,0,0.0040633617124726015
3,13557,0,1,0.7602918218639892
3,13573,1,1,0.9897351591577039
3,13577,0,1,0.709720214273993
3,13587,0,1,0.7366015065496698
3,13603,0,0,0.0893568064322065
3,13610,0,0,0.011553814000831554
3,13612,0,1,0.8117949328031167
3,13616,1,1,0.9796086675161935
3,13618,1,0,0.09469819195072944
3,13620,0,1,0.8261460925190794
3,13624,0,0,0.017556598670844026
3,13636,1,1,0.5436696617220863
3,13644,0,0,0.0013027040415682677
3,13646,0,0,0.19059738362533302
3,13664,0,0,0.00054641233053965
3,13666,0,0,0.014171193758101112
3,13669,0,0,0.24737247991195058
3,13675,0,0,0.0007710694822461532
3,13688,0,0,0.011253605216981093
3,13689,1,0,0.4462900348474146
3,13691,1,1,0.9415405884048897
3,13699,0,0,0.001037982564854737
3,13700,0,0,0.010280381330159861
3,13703,0,0,0.05480045761458737
3,13704,0,1,0.9512469314376385
3,13705,0,0,0.007104445149130149
3,13709,0,0,0.001318265820795434
3,13711,1,1,0.9373677173400593
3,13712,0,0,7.109145265537831e-05
3,13717,0,0,0.03658800814435205
3,13719,0,0,0.0012508744026209133
3,13725,1,0,0.27180580697263673
3,13742,0,0,0.011872401839588176
3,13756,0,0,0.03134831171468825
3,13760,1,1,0.9091340205290706
3,13765,0,1,0.6141945347097935
3,13766,0,1,0.9245557816829351
3,13780,0,0,0.00524178170364124
3,13783,0,0,0.022690637269885745
3,13790,1,1,0.9149798488033168
3,13793,0,1,0.5553072849942389
3,13797,0,0,0.0004217609847290269
3,13803,0,0,0.2346727571891035
3,13806,1,1,0.9303524959811418
3,13817,0,0,0.007640442260817764
3,13820,0,0,0.015222522941142827
3,13829,0,0,0.0004187028890048044
3,13830,0,1,0.5267458847733014
3,13838,1,1,0.7076811129990482
3,13843,0,1,0.9351046379184119
3,13852,0,0,0.015286520007743158
3,13853,0,0,0.022569763179107673
3,13856,1,0,0.49681606807000667
3,13859,0,0,0.013385620420595344
3,13860,0,1,0.600096973133875
3,13864,1,1,0.6914140690014403
3,13881,0,0,0.30525461767748685
3,13886,0,0,0.00497510412543121
3,13888,0,0,0.0050183612540049315
3,13889,1,1,0.8828006960349175
3,13896,0,0,0.0007360613630399954
3,13899,0,1,0.5472808847978263
3,13900,0,0,0.011264246931581198
3,13907,1,0,0.38575304672145583
3,13913,0,0,0.10441518357049438
3,13920,0,0,0.46115757719450606
3,13924,1,1,0.9206116572405144
3,13931,0,0,0.07985998191502736
3,13932,1,0,0.028109310646050448
3,13933,0,1,0.5568026598114618
3,13951,0,0,0.0005105402691153107
3,13956,0,0,0.0037554019977093967
3,13957,0,0,0.013299990631729595
3,13961,1,1,0.9534910363847244
3,13962,0,0,0.13434973818378293
3,13963,0,0,0.1554140528357191
3,13965,0,0,0.10208055893434691
3,13966,0,0,0.28144976104931413
3,13970,0,0,0.002233469733224289
3,13974,0,0,0.0006673259039375629
3,13980,1,1,0.7439096068940919
3,13983,0,1,0.7059106706640115
3,13985,0,0,0.0021958703803497625
3,13987,1,1,0.9696218399580175
3,13991,0,0,0.06785389683118212
3,13992,0,0,7.76334192215164e-05
3,13994,1,0,0.28432309292339825
3,13999,1,0,0.3681067014488109
3,14002,0,0,0.001084288800810275
3,14014,0,0,0.0005605234269623307
3,14021,0,0,0.006505043472230776
3,14027,0,0,0.00024455762272207167
3,14032,1,1,0.9651818824089823
3,14033,1,1,0.9941457891003899
3,14036,0,0,0.018160421297146716
3,14040,0,0,0.001663034000132819
3,14045,0,0,0.47847331366748036
3,14046,0,0,0.01250489569508782
3,14060,0,0,0.48235623531102584
3,14070,0,1,0.6382320070259373
3,14077,0,0,2.616305828349275e-05
3,14087,1,1,0.8890825367677461
3,14095,0,0,0.00026968242077705874
3,14101,1,1,0.9949883221241774
3,14106,0,1,0.5770986618244536
3,14108,1,1,0.9447342537387843
3,14109,1,1,0.9969014979992927
3,14111,1,1,0.5419278865125741
3,14128,1,1,0.9836834497698901
3,14132,0,0,0.0026409126346750317
3,14135,1,1,0.9336199318639117
3,14137,0,0,0.07832606453830858
3,14145,0,0,0.00023861777756431038
3,14148,0,0,0.176485346038139
3,14152,0,0,0.0002948707016116115
3,14157,0,0,0.0006736228802246518
3,14161,0,0,0.0017746969432579074
3,14170,0,0,0.013103035628938081
3,14175,0,0,0.01876307601142697
3,14187,0,0,0.003567910467594528
3,14194,0,0,7.67444878550245e-05
3,14216,0,0,0.032661572953782414
3,14217,0,0,0.482134175843302
3,14219,0,0,0.0012023685242248201
3,14223,1,1,0.9988965752833308
3,14226,1,1,0.8874221130635543
3,14231,1,1,0.7480857671075251
3,14236,0,0,0.15262706419433789
3,14244,1,1,0.8206233744384285
3,14246,0,0,0.00037667327701629413
3,14253,0,0,0.020231208820257782
3,14256,1,1,0.9236037577986296
3,14277,0,0,0.004964567913882294
3,14281,0,0,0.03055366406706957
3,14285,0,0,0.004886960106123141
3,14287,1,1,0.8077819174801829
3,14298,0,0,7.584789633574626e-05
3,14304,0,0,0.02716954469721964
3,14307,0,0,0.0003373022030483334
3,14315,0,0,0.0010790633349431632
3,14319,0,0,0.45572682469196624
3,14320,0,0,9.602740754094493e-05
3,14345,1,0,0.2349862619296642
3,14347,0,1,0.77724285684912
3,14348,0,0,0.04827377214222427
3,14349,0,0,0.0004972968131599409
3,14356,0,0,0.006108207140802079
3,14359,0,0,0.02451049126890889
3,14364,0,0,0.015439038200632084
3,14378,0,0,0.0006943870096702332
3,14382,0,0,0.03571512358832802
3,14392,0,0,1.0750301463167575e-05
3,14398,0,0,0.05222600240550131
3,14399,1,1,0.983178803383663
3,14407,0,0,0.017060954922951482
3,14409,0,0,0.007045535175199343
3,14411,0,0,0.0005960131968969895
3,14416,1,1,0.536510385297502
3,14421,0,0,0.0001330363267931804
3,14430,0,0,0.07754004554145508
3,14431,0,0,0.0026786671583948346
3,14435,0,0,0.00997885957340081
3,14438,0,0,5.43956770075476e-05
3,14440,1,1,0.858523960699569
3,14445,0,1,0.5793882464046473
3,14447,0,1,0.866524321110181
3,14453,0,0,0.017792976313948543
3,14455,0,0,0.08734031422543365
3,14460,0,0,0.20447964762755289
3,14461,0,0,0.0037409007589820228
3,14464,0,0,0.03061350297861468
3,14467,0,0,0.1073142274553279
3,14469,0,0,0.0012091693112862073
3,14471,1,1,0.9505212882019553
3,14472,1,1,0.9620663018683514
3,14474,1,1,0.6444033763912803
3,14480,0,1,0.8421390042234829
3,14482,0,0,0.02456154112987152
3,14484,0,1,0.5765183473923418
3,14491,1,1,0.7826885129424802
3,14502,0,0,0.19727504554625525
3,14510,0,1,0.5692406776991386
3,14524,1,0,0.17506222627340598
3,14526,0,0,0.13406063594066983
3,14539,0,0,5.810912403125197e-06
3,14542,1,1,0.8639296833349015
3,14544,0,0,0.0004815638900809297
3,14546,0,0,0.005223463418248897
3,14550,0,0,0.011981150714281644
3,14557,0,0,0.029327190101970504
3,14565,0,0,0.20998226524720423
3,14572,0,0,0.09793157573656619
3,14587,0,0,0.0003726790528846562
3,14592,0,0,0.011947771689060945
3,14594,1,1,0.6609856611997891
3,14599,1,1,0.9839179659351694
3,14602,0,0,0.03136829073316048
3,14620,1,1,0.9997257680292697
3,14626,0,0,0.015356680750944327
3,14633,0,0,0.0004383980856015526
3,14639,0,0,0.0006590262840074341
3,14641,0,0,0.0005980755561839805
3,14651,0,0,0.12014502104651653
3,14657,0,0,0.04281853834027647
3,14662,0,0,3.2462046050521844e-05
3,14675,1,1,0.9643207992829106
3,14676,1,0,0.02906947620343158
3,14677,0,0,0.004404780866897424
3,14686,1,1,0.9153907412815497
3,14691,0,1,0.7000837388292485
3,14692,1,1,0.8830415348189684
3,14696,0,0,0.19481563818453895
3,14704,0,0,0.0054057933087872725
3,14710,0,1,0.853588689895226
3,14712,0,0,0.11664166451298341
3,14727,0,0,0.0002750807690340612
3,14729,0,0,0.06683550639193261
3,14730,0,0,0.044973862386112264
3,14746,0,0,0.039795948792724814
3,14751,0,0,0.03411115075022263
3,14754,0,0,0.1255472479875058
3,14758,1,1,0.9903028886677164
3,14759,0,0,0.10230092649357024
3,14770,0,0,0.04912509427217827
3,14781,0,0,0.016002461811933703
3,14782,0,0,0.12258135914942474
3,14794,1,1,0.9939394931687643
3,14796,0,0,0.035376304472358934
3,14799,0,0,0.10707290226175645
3,14807,1,1,0.8905034837760526
3,14820,1,0,0.3622939931693715
3,14829,0,0,0.007854783611819698
3,14831,0,0,0.0032534822439624265
3,14836,0,1,0.9959711524280792
3,14841,0,0,0.11085496850378364
3,14844,0,0,0.007374376270142814
3,14857,1,0,0.4969187216659992
3,14868,0,0,0.01929701720732749
3,14869,0,0,0.01754858220224951
3,14872,0,0,0.0029356179513800548
3,14877,0,0,0.06772589118504414
3,14878,0,0,0.004377987750550812
3,14886,0,0,0.003238051231757094
3,14891,0,0,0.0032850951134819153
3,14893,1,1,0.7684665091804088
3,14896,1,1,0.9314458685159381
3,14909,0,0,2.777160592198823e-05
3,14910,1,1,0.8842830068986568
3,14911,0,0,0.0025065187023391336
3,14918,1,1,0.9968897503322222
3,14922,0,0,0.10538967244419914
3,14924,1,0,0.3181127913244581
3,14928,0,0,0.003033506836835442
3,14930,0,0,0.16824494811550686
3,14935,0,1,0.8676878578741093
3,14941,0,0,0.0036651944739236175
3,14942,0,0,0.04222843384721839
3,14943,0,0,0.07168912906301228
3,14953,1,1,0.8841879267259068
3,14955,0,0,0.011777014797088741
3,14965,1,0,0.2071810022380944
3,14968,0,0,0.0038669028116084035
3,14969,1,1,0.8647073834480783
3,14978,1,1,0.9564571461732558
3,14993,1,1,0.7615613673108907
3,14994,0,0,0.007455094249327179
3,15000,0,1,0.6249239105519458
3,15002,0,0,0.004133430002235131
3,15006,0,0,0.001859850101193329
3,15009,0,0,0.010930801232801494
3,15017,0,0,0.005976131726047604
3,15019,0,0,0.03928488346165478
3,15024,0,0,0.001684584687273916
3,15028,1,1,0.9046752141115305
3,15030,0,0,0.24148208539188126
3,15036,0,0,0.004190824592342939
3,15037,0,0,0.0005670211810838341
3,15041,0,0,0.03940841881670694
3,15054,0,0,0.026242499577377832
3,15078,0,0,0.00017242351987487196
3,15081,0,0,0.0005554615708619402
3,15083,1,1,0.9909302275889101
3,15086,0,0,0.04455154740633141
3,15099,1,1,0.5643772068420362
3,15100,0,0,0.003488061746795163
3,15103,0,0,0.09395412448351832
3,15108,0,0,0.0001682501407707938
3,15111,0,0,0.008351755177409263
3,15114,0,0,0.05291113494174502
3,15119,0,0,0.0001599476347646688
3,15125,0,0,0.00020887512141276384
3,15129,0,1,0.6601539469204775
3,15146,0,0,0.010284681071367058
3,15149,0,0,0.07935435964371665
3,15151,1,1,0.9515416882232429
3,15153,0,0,0.35778893009230633
3,15155,0,0,0.0027815597539197425
3,15165,0,0,0.07854112581002672
3,15166,0,0,0.22386475403052544
3,15176,1,1,0.764081637642054
3,15181,1,1,0.9277152081254625
3,15185,0,0,0.036481195774783065
3,15187,0,0,5.53628691629606e-05
3,15191,0,0,0.033048957624877924
3,15196,0,0,0.00028219003924838875
3,15219,0,1,0.5718340312191194
3,15223,1,1,0.868866628496659
3,15227,0,0,0.00020182343663759287
3,15229,1,0,0.25565319026992844
3,15231,0,0,0.008692758584093366
3,15239,0,1,0.8272563710340638
3,15243,0,0,8.697536092777905e-06
3,15247,0,0,0.00066305273422753
3,15249,1,1,0.8267490484507546
3,15258,1,1,0.5533713881129155
3,15260,1,0,0.07522414854043355
3,15267,0,0,0.03870266699298228
3,15274,0,0,0.00010670756371753609
3,15282,0,0,4.725495380017216e-05
3,15293,0,0,0.16324364725851592
3,15295,0,0,0.026899250136604366
3,15298,0,1,0.7919621388269334
3,15301,0,0,0.0037272854869613995
3,15303,0,0,0.002991571757967732
3,15305,0,0,0.006473838865226246
3,15315,0,0,0.054119845566985555
3,15316,0,0,0.02890333012001388
3,15330,0,0,0.399102168737968
3,15333,0,0,0.06707943697912196
3,15338,0,0,0.4057344779400915
3,15340,0,0,0.00021323671845692934
3,15343,0,0,0.0003568861521839936
3,15345,0,0,0.10957734389138575
3,15349,0,0,0.30597459554962214
3,15351,0,0,0.019108193206087705
3,15356,0,0,0.00045390963697290254
3,15359,0,0,0.01875227083428911
3,15361,0,0,0.006609868542615243
3,15363,0,1,0.628253236104114
3,15367,0,0,0.0032102369099479408
3,15368,1,1,0.8859629089915475
3,15376,0,0,0.14733600934739083
3,15378,0,0,0.0014900793923458395
3,15379,1,1,0.8373995331986682
3,15387,1,1,0.581370066390317
3,15389,0,0,0.008083452601529241
3,15392,0,0,0.050617423542636514
3,15400,0,0,0.001218171907061275
3,15402,0,0,0.02838304485251068
3,15403,0,1,0.6751029231361828
3,15406,0,0,0.07693128578823183
3,15407,0,0,0.0053722594401886935
3,15411,0,1,0.5222786678661022
3,15414,1,1,0.9957653837634665
3,15415,0,0,0.1647306260362297
3,15418,0,1,0.5428458657352689
3,15420,0,0,0.002119200149426782
3,15428,0,0,8.257649361071088e-05
3,15433,0,0,0.12582865719368888
3,15437,1,1,0.9882940020818962
3,15438,0,0,0.0025524760435519933
3,15439,0,0,0.003960435616752283
3,15457,0,0,0.001393530407395298
3,15467,0,0,0.33181239582315125
3,15474,0,0,0.3742408655523174
3,15476,1,1,0.8990580174361571
3,15489,1,1,0.7077760904660769
3,15492,0,0,0.3654551115140193
3,15493,0,0,0.09216463262752253
3,15497,0,0,0.02310993998802397
3,15505,0,0,0.3735225756512412
3,15508,0,0,0.009183917390391283
3,15511,1,0,0.4154003640647105
3,15518,0,0,0.008763366465040391
3,15520,0,0,0.000671081418916933
3,15542,1,1,0.898772601647834
3,15543,0,0,0.03418133235115323
3,15544,0,0,0.006612611707887261
3,15549,0,0,0.002594603742414379
3,15550,0,1,0.667170191671542
3,15555,0,0,1.5980050892286932e-05
3,15557,0,0,0.027538199211884797
3,15559,0,0,0.25393603838012524
3,15565,0,0,0.0008306901456351299
3,15572,0,0,8.166598030967108e-05
3,15577,1,0,0.4619369385006217
3,15581,0,0,0.0014113704021069104
3,15582,0,0,0.0003834304311208025
3,15585,0,0,0.02350052810292228
3,15586,0,0,0.009493414213844826
3,15587,0,0,0.06188178805995818
3,15589,0,0,0.07893059270027146
3,15590,0,0,0.05364721564072909
3,15602,0,0,0.010071849872557617
3,15611,1,1,0.9497990366894549
3,15617,1,1,0.9241472980124088
3,15630,0,0,0.0006974668074133916
3,15646,0,0,0.23118654058553867
3,15659,0,0,0.00048617087366868597
3,15660,1,0,0.14609334688303463
3,15661,1,1,0.9082989616146333
3,15675,0,0,0.033907541342066284
3,15679,0,1,0.7086726593737694
3,15681,0,0,0.006738373766096979
3,15691,0,0,0.031793013663860455
3,15693,0,0,0.06178571112564849
3,15694,0,0,0.0037254901693325525
3,15700,0,1,0.9037039196793164
3,15701,0,0,0.01033569604945776
3,15703,0,0,0.10692218394620544
3,15705,0,0,0.0011994034908879448
3,15714,0,0,0.009567703995847995
3,15718,0,0,0.00316185956756912
3,15720,1,1,0.8774987302687607
3,15721,0,0,0.002705301678626558
3,15722,1,1,0.9802881430590183
3,15728,1,1,0.9917378549176531
3,15743,0,0,0.00014966569632586735
3,15744,0,0,3.350904479562296e-05
3,15747,0,0,0.0004912483393045396
3,15752,1,1,0.9412295742311431
3,15756,0,0,4.507880803406191e-06
3,15758,0,1,0.5595219625359317
3,15760,0,1,0.761753631598088
3,15768,0,0,0.11725380187393188
3,15776,1,1,0.5049705850670626
3,15777,0,0,0.1664080533392381
3,15784,0,0,0.00047538326307513016
3,15788,0,0,0.018651660621903408
3,15793,0,0,0.0010894618550496742
3,15794,0,0,0.2553686030772407
3,15800,1,1,0.8049853990447406
3,15804,0,1,0.8458157526595276
3,15809,0,0,0.1017837234064181
3,15828,0,0,0.15962149105288306
3,15830,1,1,0.642134808618433
3,15834,0,0,0.05374341276895616
3,15835,0,0,0.0998186420447819
3,15841,1,0,0.4013428134359652
3,15843,0,1,0.9303367744575181
3,15844,0,0,0.044395493053013955
3,15847,1,1,0.9683353633250106
3,15851,1,1,0.9787028034031064
3,15860,0,0,0.006344020225806738
3,15863,0,0,0.08322664086985301
3,15893,0,0,0.02014217906029336
3,15897,0,0,0.004089529806898145
3,15899,0,0,0.15586932041281754
3,15905,0,0,0.32219816344302343
3,15909,0,0,0.011588705548805646
3,15913,0,0,0.017556448316277753
3,15919,0,0,0.20305626767319962
3,15930,0,0,0.12315465193834531
3,15933,0,0,0.003935825940763062
3,15938,0,0,0.40560299807817357
3,15943,0,1,0.5473332935287987
3,15944,1,0,0.3359813307615578
3,15948,0,0,0.022779722533835135
3,15950,0,0,0.004766086495067616
3,15951,0,0,0.019755403513189523
3,15954,0,0,0.25370542803223545
3,15955,0,0,0.48367533141217134
3,15962,0,0,0.025377838345499976
3,15965,1,1,0.9990381736069089
3,15969,0,0,0.0480513670278458
3,15973,0,0,0.0012530227391335715
3,15977,0,0,0.003254616688418043
3,15988,0,1,0.8062164997521895
3,15989,0,0,0.0761414057948789
3,15991,0,1,0.667080170834834
3,15996,0,0,0.1193841891955368
3,15999,0,0,0.022412808890995856
3,16023,0,0,0.0017050501887115777
3,16029,0,0,6.893975591155674e-05
3,16031,0,0,0.020284906710231868
3,16032,1,1,0.9356657729455964
3,16042,0,1,0.6284395706864887
3,16049,0,0,0.005390240654766541
3,16060,0,1,0.6605160415457201
3,16061,0,1,0.5783473975146464
3,16075,0,0,0.07263291286715462
3,16077,0,0,0.17020954243862205
3,16089,0,0,0.004013037898326262
3,16093,0,0,0.021948525816270707
3,16098,1,1,0.5028015833304783
3,16099,1,1,0.6802825293474145
3,16100,0,0,0.014740126440027288
3,16107,1,1,0.9980305812654259
3,16110,0,0,0.3195928039133028
3,16115,0,0,0.07712009094537743
3,16117,0,0,0.0004585007586186999
3,16118,0,0,0.0005181066038451819
3,16127,0,0,0.1581900932253658
3,16128,0,0,0.010910389929278107
3,16130,1,0,0.24766160237377638
3,16133,0,0,0.016436339632080153
3,16134,0,0,0.025006986136472998
3,16143,0,0,0.059227835823436485
3,16147,0,0,0.053885411341524685
3,16148,0,0,0.0005843775575124356
3,16149,0,0,0.002130283642102895
3,16150,0,0,0.001968281558854599
3,16155,1,1,0.8435480013140327
3,16156,0,1,0.8321046330380891
3,16161,1,1,0.8270500862838511
3,16164,0,0,0.01139676430907412
3,16166,0,0,0.006670769742213962
3,16168,0,0,0.21816023312988628
3,16175,1,1,0.8939862757088766
3,16184,1,0,0.24232108078132408
3,16185,0,0,0.14720707137089953
3,16189,1,1,0.971184468379554
3,16190,0,0,0.028026601194734328
3,16194,1,1,0.9408087632985183
3,16198,0,0,3.671983130093871e-05
3,16214,0,0,0.07221108123964382
3,16215,0,0,0.021211481234739604
3,16218,0,0,0.009287889801885846
3,16227,0,0,0.012792652182988995
3,16230,1,1,0.9892517841945232
3,16237,0,0,0.0012767615554402608
3,16239,0,0,0.01972178701020879
3,16261,0,0,0.004287283136902309
3,16264,1,1,0.9511202634998257
3,16266,0,0,0.00027514629482029284
3,16271,0,0,0.2785637016921671
3,16278,0,0,0.0006988731314371797
3,16279,0,0,0.0006109911069481497
3,16280,0,0,0.0015806127860740226
3,16282,0,0,0.0006984206358930155
3,16295,0,0,0.0013951475771750725
3,16301,1,1,0.952769015215502
3,16307,0,0,0.09095592346594544
3,16308,0,0,0.0019422330525156308
3,16312,0,0,0.0004973070618334118
3,16317,0,0,8.124972220786086e-05
3,16321,0,0,0.009881008368309425
3,16323,1,1,0.9981628507918822
3,16325,1,1,0.9306641740260313
3,16336,0,0,0.0004521342130164958
3,16337,0,0,0.34928315588219244
3,16339,0,0,0.00047478961683895354
3,16357,0,0,0.1089489176407641
3,16358,0,0,0.0007162221256410482
3,16359,1,1,0.9785440012518406
3,16365,1,1,0.968986618346134
3,16366,0,0,0.21002018253468538
3,16367,0,0,0.09133019798096839
3,16382,0,0,0.0799612950756784
3,16385,0,1,0.502186479220189
3,16389,0,0,0.010942465950529145
3,16395,0,0,0.030313374823441906
3,16402,1,1,0.8307224725749555
3,16405,0,0,0.012872232335093624
3,16410,0,1,0.5864845607452911
3,16413,0,0,0.01738348617855184
3,16416,0,0,0.013017518625736147
3,16419,0,0,0.013069585324855342
3,16424,1,0,0.309131893794078
3,16426,0,0,0.10929635824613904
3,16429,0,0,0.21688522142721475
3,16433,1,1,0.9926220067684395
3,16448,0,0,0.009977433899386899
3,16453,0,0,0.04599825149619354
3,16454,0,0,0.0003215667367331446
3,16469,0,0,0.1274361609745758
3,16474,0,0,0.0035742637605597877
3,16475,1,1,0.9836778379654374
3,16476,1,0,0.35176526076415054
3,16481,0,0,0.0051369137575923976
3,16488,0,0,0.0005066298642232025
3,16506,0,0,0.012528741960429222
3,16509,0,0,0.008729575149264332
3,16511,1,1,0.5474691597270294
3,16513,0,0,0.16042311475734475
3,16517,0,0,0.0008252058219112833
3,16528,0,0,0.0064105536100113256
3,16534,0,1,0.7589062247693772
3,16538,1,1,0.9332117453286499
3,16540,0,0,0.07265692904806235
3,16552,0,0,0.0022078221469831985
3,16557,0,0,0.08815272520236636
3,16567,1,1,0.8524598509224424
3,16569,0,0,0.08286715934440819
3,16577,0,0,0.16553956238888107
3,16579,0,0,0.0025075798509336866
3,16580,0,0,0.006986576338923131
3,16585,1,1,0.9939919616037614
3,16591,0,1,0.7570867074354792
3,16592,0,0,0.011805365320012763
3,16593,0,0,0.1892542751824024
3,16599,1,1,0.5290871095251369
3,16603,0,0,0.025123309165806924
3,16606,0,1,0.5053770307136493
3,16612,0,0,0.005410259995053048
3,16617,1,1,0.881168137580171
3,16626,1,0,0.09624196208301826
3,16627,0,0,0.0039218890855734455
3,16635,0,0,0.0010373435802867822
3,16639,0,0,0.0008930399294121864
3,16642,0,0,0.048631786062999886
3,16645,1,1,0.9986642669733046
3,16651,0,0,7.914550326080707e-06
3,16655,0,0,0.194844747000035
3,16657,0,0,0.01761851159305359
3,16660,0,0,0.024469760942959478
3,16662,1,1,0.8148166351877504
3,16665,0,1,0.5668784364906734
3,16670,0,1,0.8991091229516228
3,16672,0,1,0.7796208228212691
3,16676,0,0,3.6061259861630836e-05
3,16677,1,1,0.6733056500885134
3,16678,0,0,0.0029964893224099834
3,16680,0,0,0.16041007268909876
3,16693,0,0,0.19947464342511856
3,16695,1,0,0.4355212408459156
3,16696,0,0,0.49208115265611085
3,16697,0,0,2.179124496590316e-05
3,16733,0,0,0.0010186818821321076
3,16737,0,0,0.01661193170236404
3,16742,0,0,0.0451616978199006
3,16758,0,0,0.1553007666615756
3,16767,0,0,0.16539620605327454
3,16768,0,1,0.9620129729266931
3,16777,0,0,0.45895182147885405
3,16785,0,0,3.564693680114616e-05
3,16789,0,0,0.25585722988105436
3,16793,0,0,0.01316220311639794
3,16794,0,0,0.0018985965520214284
3,16795,1,1,0.5040773204216377
3,16797,0,0,0.20989432789532997
3,16803,0,0,0.00028545768448435486
3,16806,1,1,0.6109892152894724
3,16808,0,0,5.165979687269866e-06
3,16811,0,0,0.004725813091469755
3,16812,1,1,0.6990878725755512
3,16815,0,0,0.010674248706184287
3,16822,0,0,0.0010211075768806783
3,16830,0,0,4.08986333605236e-05
3,16832,0,0,0.4625453130374844
3,16834,1,1,0.9813447326333038
3,16849,0,0,4.77574518252467e-05
3,16852,1,1,0.971778167184856
3,16853,0,0,0.001410028535637565
3,16854,0,0,0.009864857493673813
3,16856,0,1,0.640282898276775
3,16863,0,1,0.9472475966639476
3,16864,0,0,0.12796223037894341
3,16865,0,0,0.001546770765203201
3,16871,0,0,0.015911088064491794
3,16873,0,0,0.002189426580252423
3,16877,0,0,0.017377773800763004
3,16890,0,1,0.8090088974501357
3,16891,0,0,0.006437711232125194
3,16892,1,0,0.4257245677197527
3,16894,0,0,0.21843360584918747
3,16900,0,0,2.9450966998547335e-05
3,16902,0,0,0.08854407023562615
3,16903,0,0,0.0005523621141520343
3,16906,0,0,0.22854561445699825
3,16923,0,0,0.009290207741700602
3,16925,0,0,0.04128188073540044
3,16927,0,0,0.27187829284959586
3,16929,0,0,6.989917708742806e-05
3,16936,0,0,0.014278786406831032
3,16940,0,0,0.0030300177515849565
3,16944,1,1,0.6955747849833644
3,16945,0,0,0.10634142775123669
3,16946,0,0,0.0007038043299168564
3,16947,0,0,0.10166624769506775
3,16960,0,0,6.900488972386224e-05
3,16963,1,0,0.20530833428285938
3,16967,0,0,0.0021736919632828837
3,16968,0,0,0.011686363671806272
3,16973,0,0,0.004815401962422805
3,16976,0,0,0.034621061154450745
3,16982,0,0,0.0007176002965341204
3,16988,0,0,0.0029907096048919684
3,16993,0,0,0.055473334794155206
3,17007,0,0,0.0012828952349380803
3,17011,0,0,0.08944238068956681
3,17017,0,1,0.7325873420941765
3,17019,1,1,0.978481472233377
3,17026,0,0,0.45307741721640676
3,17027,0,0,0.18981559332954145
3,17031,0,0,0.20315030694012925
3,17037,0,0,0.03021144274306773
3,17038,0,0,2.2727048102220098e-05
3,17039,0,1,0.8024438118946263
3,17063,1,0,0.39577820440410844
3,17066,1,1,0.989788437412584
3,17076,1,1,0.8251909897833508
3,17081,0,0,0.009568893581264351
3,17087,1,0,0.4355007065125503
3,17090,1,1,0.9497244348088466
3,17099,0,0,0.23822085591109463
3,17104,1,1,0.9985747230069928
3,17107,0,0,0.00032051440726842963
3,17109,0,0,0.0017449082566709578
3,17116,0,0,0.06629388286823011
3,17126,0,0,0.004666576498815667
3,17131,0,1,0.5964079628872715
3,17132,0,0,0.011238885721660551
3,17139,0,0,0.044706431018687445
3,17144,0,0,0.006380470176961234
3,17147,1,1,0.8636052493615053
3,17153,1,1,0.9199346330245455
3,17165,0,0,0.09901227305054731
3,17166,0,0,0.0035451702502367266
3,17167,0,0,0.0006577045532682179
3,17169,1,1,0.9855734202272256
3,17178,0,0,0.13635481343646558
3,17181,0,0,0.277566882665538
3,17182,0,0,0.007035344815747674
3,17185,0,0,0.02176107165312932
3,17194,0,0,0.21736701698833877
3,17204,0,0,0.09206545597288032
3,17205,0,0,0.3272928680732812
3,17211,0,0,0.000490195907035316
3,17216,0,0,0.1444789430952971
3,17217,1,1,0.8434552362844768
3,17218,0,0,0.15136990741364367
3,17229,0,0,0.03253363604376314
3,17234,0,0,0.04342657886154048
3,17235,1,1,0.9454565518099031
3,17236,0,0,0.017551958670841986
3,17239,0,0,0.010164660519893837
3,17240,0,0,0.028970489429316345
3,17249,0,1,0.6652301882156668
3,17255,0,0,0.03161589039619634
3,17260,1,1,0.9426384359128132
3,17262,0,0,0.00022875857978088798
3,17264,0,1,0.6562138154316833
3,17266,0,1,0.8152631905951755
3,17287,1,1,0.8953538280854124
3,17289,0,0,0.0033398043943918512
3,17292,0,0,0.00033835808179310503
3,17297,1,0,0.28771993627149556
3,17299,0,0,0.15975994138473373
3,17302,0,0,0.26459379272561034
3,17313,1,1,0.9662458955127028
3,17316,0,0,0.12288908149356503
3,17320,0,0,0.0009343443332105845
3,17323,0,0,0.007300758826373817
3,17326,0,0,0.003122579901753786
3,17329,1,1,0.9616310884798956
3,17335,0,0,0.00042290746406817824
3,17348,0,1,0.7349218533090838
3,17350,0,0,0.001853751564730198
3,17355,0,0,0.014614850558832517
3,17358,1,1,0.9476940169525182
3,17360,0,0,0.009532649596094405
3,17362,0,0,0.019085082687355027
3,17363,0,0,0.01760206689950997
3,17364,0,0,0.02101978477988459
3,17365,1,1,0.965913410892349
3,17366,1,1,0.9921254159728871
3,17367,0,0,0.0004208438295724822
3,17369,0,0,0.004717873996562327
3,17379,0,0,0.048077176319265856
3,17383,0,0,0.18694675061096988
3,17387,1,1,0.5361691612582905
3,17388,1,1,0.9976753286473932
3,17392,0,0,0.4708732634584675
3,17393,0,0,0.005051691090014115
3,17404,0,0,0.44291604676826346
3,17414,0,0,0.10334640872185365
3,17416,1,0,0.42267566444169313
3,17424,0,0,0.0080820113994879
3,17425,0,0,0.0048132966779322215
3,17437,0,0,0.0027521062746188904
3,17439,1,1,0.9804199497666308
3,17456,1,0,0.3116020931954867
3,17461,0,0,0.19990698714306512
3,17465,0,0,0.02202066589634672
3,17468,1,1,0.9963946105108038
3,17471,0,0,0.0005867633325236836
3,17476,0,0,0.2660800731245396
3,17478,0,0,0.02374677078074034
3,17479,0,0,0.023555979766449985
3,17481,0,0,0.4307019439356076
3,17490,0,0,0.13277010931995378
3,17492,0,1,0.8232139166768792
3,17495,0,0,0.004538613282127117
3,17499,0,0,7.0743466636624235e-06
3,17508,0,0,0.0003899045602469952
3,17512,0,1,0.5749942456995107
3,17513,0,0,0.27255699055873056
3,17514,0,0,0.0001770541404441393
3,17519,0,0,0.051016610850275895
3,17527,0,0,0.0004464975684152915
3,17529,0,0,0.012118792037177
3,17530,1,1,0.9605658387734936
3,17534,0,0,0.008171590511312605
3,17541,1,1,0.9323662712910685
3,17543,0,0,0.05028937436808354
3,17549,0,0,3.487338327967941e-05
3,17556,0,0,0.0063707332849084536
3,17563,0,0,0.0017932078342363673
3,17565,1,1,0.9237906328881329
3,17573,0,0,0.002986723797312209
3,17579,0,0,0.024771437835510234
3,17588,0,0,0.0002497541324981176
3,17591,0,0,0.08758719832909623
3,17597,0,0,4.525331087004937e-05
3,17608,0,0,0.00041683891428642125
3,17618,0,0,0.00791996269529243
3,17619,1,1,0.9970658493521548
3,17620,0,0,0.02819001770821807
3,17628,1,1,0.7876710283304885
3,17636,0,0,0.007399486859536773
3,17643,0,0,0.40468662665861177
3,17646,1,1,0.952005434458864
3,17649,0,0,0.05749328682818114
3,17650,1,1,0.9978191090407637
3,17652,0,1,0.6179782995575275
3,17656,0,0,0.0027978426576149348
3,17659,0,1,0.7301953011397201
3,17663,0,1,0.5097033166177838
3,17668,0,0,0.0032435376582906424
3,17674,0,0,0.14385454033859446
3,17679,0,0,0.011773857281130071
3,17681,1,1,0.9446573858567979
3,17687,0,0,0.020654607609969056
3,17688,0,0,0.00011764491639957817
3,17692,1,1,0.9353647197208492
3,17696,0,0,0.008508619923815689
3,17699,0,0,0.09393156263087996
3,17702,0,0,0.0040784931520869
3,17705,0,0,0.015302748829224305
3,17708,0,1,0.664120444007119
3,17713,1,1,0.9002060823472194
3,17714,1,0,0.0013209032896151485
3,17715,1,1,0.9887210655478956
3,17716,0,0,0.00014959136796183757
3,17721,0,0,0.09532477539518779
3,17729,0,0,0.0038132663912714675
3,17737,0,0,0.004763628015814145
3,17748,0,1,0.9344788157191918
3,17765,1,1,0.9868717974366215
3,17767,0,0,0.3044597361820523
3,17769,1,1,0.7936606091356405
3,17772,0,0,0.004738650884126263
3,17779,1,0,0.09588731731937178
3,17783,0,0,0.009258561218400376
3,17792,0,0,0.42802410221644643
3,17795,1,1,0.553560115332296
3,17803,0,0,0.00042950582237743807
3,17812,0,0,0.006417034291190109
3,17813,0,0,0.00016456420110948447
3,17814,0,0,0.00019954761668283151
3,17818,0,0,0.08412700198501084
3,17819,1,1,0.94733456650373
3,17826,0,0,0.006442279077424259
3,17827,0,0,0.0026642943509299047
3,17842,0,1,0.5057784471109814
3,17855,1,1,0.9659236802527503
3,17861,0,0,9.821221086103273e-06
3,17875,0,0,0.021445431442786426
3,17879,0,0,0.00303421578367292
3,17881,0,0,0.0021199658289259627
3,17901,0,0,0.19654518504543145
3,17906,0,0,0.012077184223185388
3,17918,0,0,0.43399899321092017
3,17920,0,0,0.0909525216346176
3,17922,1,1,0.9251651603636799
3,17924,0,0,0.0017215089800175277
3,17929,0,0,0.012279440655228447
3,17930,0,0,0.028135028446163036
3,17932,0,1,0.7493480455842509
3,17964,0,0,0.06196571126524991
3,17965,0,0,0.19982932869864203
3,17966,1,0,0.26114751465900155
3,17969,0,0,0.0018000471397350692
3,17973,0,0,0.016479238661668446
3,17975,1,1,0.7930790675843311
3,17977,0,0,5.574179540510481e-06
3,17980,0,0,9.631396556554834e-06
3,17986,1,1,0.9239622328369387
3,17995,0,0,0.07876150502410804
3,18009,0,0,0.1845342834826616
3,18011,0,0,0.004858456753661153
3,18014,0,0,0.3118582188203901
3,18016,0,0,0.031237288037748712
3,18027,0,0,0.0026397870066758315
3,18053,1,1,0.8975252420735126
3,18056,1,0,0.2457987392212371
3,18063,0,0,0.0018753926720803111
3,18064,0,0,0.3529923859730381
3,18066,0,0,0.08195059204091912
3,18068,0,0,0.00896393246253224
3,18078,0,0,0.0007809227801860333
3,18081,1,0,0.08341403656742877
3,18085,1,1,0.9693733294831124
3,18087,0,1,0.7630582893857377
3,18094,0,0,0.01599740226113637
3,18096,0,0,0.0009650790768721148
3,18098,0,1,0.6326730665993814
3,18102,0,0,0.0029456963345704224
3,18105,0,0,0.00016838644367306261
3,18117,0,0,0.0870527643713233
3,18121,0,0,0.0005216996739400355
3,18127,0,0,0.0004089887552801957
3,18128,1,1,0.9195199933907224
3,18130,0,0,8.894296484951891e-05
3,18132,0,0,0.007128511672971242
3,18136,0,0,0.1635697884255271
3,18137,0,0,0.035368190303416376
3,18140,0,0,0.019823349640335587
3,18152,1,1,0.9983030868463488
3,18153,0,0,0.0006489701756804447
3,18157,0,1,0.5016522187701425
3,18159,1,0,0.3183310714341329
3,18163,1,0,0.07705724487490999
3,18174,0,0,0.2838710878546719
3,18188,1,0,0.34571831105950984
3,18190,0,0,1.3933125385739952e-05
3,18195,0,0,0.01340805455683382
3,18198,0,0,0.009050096304169567
3,18200,0,0,0.010689711524903289
3,18206,0,0,0.006899901852431034
3,18211,0,0,0.24548988320374063
3,18212,0,0,0.2561143667085155
3,18219,0,0,0.002309986711529723
3,18226,0,0,0.0021264307726233203
3,18238,0,0,0.17757032982975227
3,18243,0,0,0.3020852816846512
3,18244,1,1,0.9517890969913196
3,18245,0,0,0.029422970094749434
3,18247,0,0,0.0009545573902208257
3,18255,0,0,0.0016744134421372162
3,18257,0,1,0.8822415447992681
3,18259,0,0,1.8892916656620405e-05
3,18272,0,0,0.33424505755184575
3,18274,0,0,0.0028747386484546623
3,18275,0,0,0.07674965973976827
3,18277,0,0,0.18419904223460112
3,18281,1,1,0.7354150276061033
3,18287,0,0,0.1859821110115951
3,18291,1,1,0.9630887799722401
3,18294,0,0,0.027175443139072355
3,18305,0,0,0.002400364027804674
3,18311,0,0,0.04720823446558814
3,18317,0,0,0.0010484142791746167
3,18319,0,0,0.00011383901429534642
3,18321,0,0,0.002533254884980906
3,18324,0,0,9.969726616567173e-05
3,18335,1,1,0.9477990165667014
3,18353,0,0,0.0004265955032698845
3,18367,1,0,0.1263724359455593
3,18369,0,0,0.19973787343522434
3,18374,0,0,0.09425863680384998
3,18375,1,0,0.27361068758475626
3,18377,0,0,0.007594924670810877
3,18379,1,1,0.9662670726367176
3,18386,1,0,0.3220521468084961
3,18397,0,0,9.124629266409115e-05
3,18402,0,1,0.5221441618065769
3,18405,1,0,0.34440030427888185
3,18410,0,0,0.0028708641486897856
3,18415,0,1,0.7318494677062543
3,18417,0,0,0.0022345963836503647
3,18418,0,1,0.594649349207508
3,18424,0,0,1.0727581629257026e-05
3,18433,0,0,0.15961450992413448
3,18438,0,0,0.14109390156990742
3,18442,0,0,0.11172462807952704
3,18447,0,1,0.990183859853641
3,18453,0,0,0.017922750510601892
3,18457,0,0,4.0287271234704695e-05
3,18471,0,0,0.0001581718076415101
3,18472,0,0,0.14664110119306256
3,18479,0,0,0.0012882138784693796
3,18484,0,0,0.004521018198561631
3,18487,0,0,0.018725402147161792
3,18488,0,0,0.24329892747466292
3,18490,1,1,0.946111182906714
3,18499,0,1,0.682971696308651
3,18500,0,0,0.11939946916075249
3,18502,0,1,0.7395481195335709
3,18508,0,0,0.017350326234341018
3,18514,0,0,0.0578231344122358
3,18519,0,0,0.16591914419745518
3,18521,0,1,0.9580753234812968
3,18522,0,0,2.352113694598617e-06
3,18541,0,0,0.014636037746915851
3,18549,0,0,0.26655286918076904
3,18554,0,0,0.05405528620026282
3,18557,0,0,0.30714049033308194
3,18559,0,0,0.004241602379184948
3,18565,0,0,0.004983861862500031
3,18566,0,0,0.019939807632577283
3,18570,0,0,0.01694726167617938
3,18574,1,1,0.9796984955724586
3,18576,0,0,0.005265235971915447
3,18580,0,0,0.36125675289982373
3,18585,0,0,0.0012316067496021418
3,18589,0,0,0.009427742028551707
3,18590,0,0,0.0007316789343541777
3,18593,1,1,0.6686096600699396
3,18594,0,0,0.02760716984732553
3,18599,0,0,0.003947395920168647
3,18602,1,1,0.6959805655985386
3,18607,1,0,0.2408680501357468
3,18608,0,0,0.051148690700177205
3,18612,0,0,0.03333362146172572
3,18626,0,0,0.04822335043127768
3,18628,0,0,0.00010950891145783749
3,18630,0,0,0.004051241534345328
3,18631,0,1,0.5420476319292844
3,18637,0,0,0.025374245251699477
3,18643,0,1,0.6358631339871091
3,18650,0,0,0.052244450364683594
3,18659,0,0,0.01184789694148975
3,18668,1,1,0.7629088430356338
3,18680,1,1,0.8896548901180659
3,18687,0,0,0.00550534837683106
3,18693,0,0,0.0030647445910912956
3,18694,1,0,0.3334540602426727
3,18695,0,0,0.008014290730275252
3,18711,0,0,0.016169379558662586
3,18716,1,0,0.43941813487600184
3,18717,1,1,0.9741736398190451
3,18724,0,0,0.04777876342406298
3,18727,1,1,0.7394442343834465
3,18739,0,0,0.00046901660764625606
3,18740,0,0,0.002422960308619056
3,18744,0,0,0.0018087883382832044
3,18747,0,0,0.0010936409071152563
3,18748,0,0,6.213420104139009e-05
3,18755,0,0,0.0022631364997478987
3,18757,0,0,3.737739347229161e-05
3,18759,1,1,0.8816740016053998
3,18765,0,0,0.05082551497167902
3,18767,0,0,0.09866826394099477
3,18768,0,0,0.008412743201269864
3,18774,0,0,0.004745209534990268
3,18788,0,0,0.0008665365513854704
3,18792,0,0,0.134780071373179
3,18794,0,0,0.024038646889476687
3,18795,0,0,0.06319378884818828
3,18804,0,0,0.006599504267390934
3,18824,0,0,0.01668392504655139
3,18830,0,0,0.21765328740136206
3,18831,0,0,0.020151578263924826
3,18840,0,0,0.006084237324075611
3,18841,0,0,0.0004645615893636709
3,18842,0,0,0.0005441447159934045
3,18844,0,0,0.10351243844762724
3,18845,0,1,0.6031770479905992
3,18849,0,0,0.022376983275069685
3,18851,0,0,0.4078433703513536
3,18854,0,0,0.00018914057513419585
3,18855,0,0,0.03269393588258723
3,18858,1,1,0.5864167742457841
3,18860,0,0,0.26018416492572294
3,18867,0,0,9.84442853434317e-05
3,18868,0,0,0.0018650787053160042
3,18869,0,0,0.0031916655107248476
3,18870,0,0,0.037552734282487656
3,18872,1,1,0.9016699757062265
3,18879,1,1,0.8743689355516951
3,18880,1,1,0.9305850930804345
3,18883,0,0,0.0037425975044269953
3,18887,0,0,0.04566200497364158
3,18891,0,0,0.00588938491846523
3,18892,0,0,0.0021077597089358344
3,18893,0,1,0.5009091542181714
3,18895,0,1,0.7457096395139183
3,18897,0,0,0.0021644088796111964
3,18899,0,0,0.2262234871286697
3,18900,0,0,0.3154360446774655
3,18910,1,1,0.9140970234302198
3,18918,0,0,0.016142803871792392
3,18931,0,0,1.808030036209614e-05
3,18934,0,0,0.006487614835762156
3,18940,0,0,0.00010303475643668528
3,18948,0,0,0.048661823361766936
3,18965,1,1,0.9168960245779537
3,18988,0,0,0.00421326390735054
3,18990,0,0,0.00026284752555278545
3,18995,0,1,0.6386969656352123
3,19009,0,0,0.4318791576587231
3,19014,1,0,0.3334497835027536
3,19026,0,0,0.02849148027552016
3,19029,0,0,0.00849160246647071
3,19032,0,0,5.620566784217421e-05
3,19039,1,1,0.7267857070735898
3,19043,1,1,0.5605972933952232
3,19048,0,0,0.012015989458011278
3,19050,0,0,0.0001250320005609881
3,19060,1,0,0.06181777504838592
3,19101,0,0,0.0072692677429433035
3,19106,0,0,0.024871462234828223
3,19107,1,1,0.9505855573240976
3,19113,0,0,0.0005051428280962704
3,19114,1,1,0.9933425036249346
3,19125,0,1,0.5709675731956672
3,19132,0,0,0.01868194095248995
3,19135,0,0,0.07705066268521377
3,19139,0,1,0.6529042862662863
3,19140,1,1,0.7477675063614925
3,19147,0,0,0.09873337759348659
3,19151,0,0,0.1598781320440191
3,19155,1,0,0.04633187930805307
3,19161,1,1,0.9934842430967057
3,19167,0,0,0.00024121111676794519
3,19168,0,0,0.001977188169119089
3,19170,0,0,0.023450013144427677
3,19173,0,0,0.0008639736247813948
3,19177,1,1,0.977003926778407
3,19185,0,0,0.3611540405998228
3,19186,0,0,0.08392014386323243
3,19188,1,1,0.9636301364723533
3,19191,0,0,0.006579555905891832
3,19197,0,0,0.003575915014112096
3,19200,0,0,0.0784223131503977
3,19203,0,0,0.3639382567490257
3,19212,0,1,0.678392183173366
3,19214,0,0,0.23065331444405354
3,19220,1,0,0.0015682803418650296
3,19222,0,0,3.4663201351204045e-06
3,19223,0,0,0.48739937620672547
3,19231,0,0,0.14419396257941117
3,19233,1,1,0.6440474684746846
3,19235,0,0,0.16857999399982376
3,19236,0,0,0.0021882776866755022
3,19237,1,1,0.9558317471196777
3,19248,0,0,0.1031852398163767
3,19255,1,0,0.23998838975788817
3,19257,1,1,0.9488245324697621
3,19278,1,1,0.9614873417440668
3,19280,0,0,0.001367553121214559
3,19282,0,0,0.4816357481055514
3,19284,0,0,9.782590513955708e-05
3,19286,0,0,0.00039698978580903654
3,19289,0,0,0.011967579842646243
3,19293,0,0,0.024484234095608834
3,19295,0,0,0.001624463141891483
3,19296,0,0,0.41847109913864716
3,19301,1,1,0.9393691869720822
3,19303,0,0,0.00014237629256848866
3,19305,0,0,0.005053271331428726
3,19308,0,1,0.8918845258256805
3,19323,0,0,0.00787981515411972
3,19325,0,0,0.09974670046130857
3,19328,0,0,0.15496013456381152
3,19331,0,0,0.30642160045622224
3,19335,0,0,0.3821909163606246
3,19350,0,0,0.11451345504643776
3,19353,0,0,0.007054791925435892
3,19356,1,1,0.5594428041679876
3,19364,0,0,0.002256924374834877
3,19369,0,0,0.009345646702388325
3,19372,0,0,0.01036728404999377
3,19373,0,0,0.016866093553948913
3,19375,0,1,0.5052754463641558
3,19378,0,0,0.20248914270903606
3,19386,1,1,0.9953701203627178
3,19393,0,0,0.002673953042177805
3,19395,1,1,0.5613559527323136
3,19398,1,1,0.9911664199314544
3,19403,0,0,0.0883485670149851
3,19410,0,0,0.0006165842787296601
3,19411,1,1,0.7723461354334628
3,19420,0,0,0.08555775466025711
3,19431,1,1,0.963411716611703
3,19449,1,0,0.06230850127849671
3,19456,0,0,0.07459451228673733
3,19457,0,0,0.0005268483599530321
3,19463,0,0,0.03967659627948253
3,19464,1,1,0.9931604177335059
3,19465,1,0,0.010375026468443268
3,19468,0,1,0.8187968572016865
3,19469,0,0,7.160803561407345e-05
3,19476,0,0,0.0027412788045193047
3,19492,0,0,0.0015508606955699337
3,19493,0,0,0.0018124257460452578
3,19495,0,0,0.1934025341619613
3,19496,0,0,0.0014064150995301615
3,19504,0,0,0.06580105244927764
3,19513,1,1,0.955313673579495
3,19517,0,0,0.2988686537268709
3,19526,0,0,0.016088773171214977
3,19531,0,0,0.38836267286945025
3,19533,0,0,9.089419685606437e-06
3,19536,0,0,0.004347414825551426
3,19537,0,0,0.0011132946572797347
3,19538,1,0,0.14999101425946096
3,19542,0,0,0.039849570344917144
3,19549,0,0,0.000592059270741273
3,19553,0,0,0.08745993153184818
3,19556,0,0,0.0009075175674866258
3,19560,1,1,0.9967027850307293
3,19566,0,0,0.012469281007361914
3,19569,0,0,0.13803625048661233
3,19571,1,1,0.9600660578878668
3,19582,0,0,0.005465203203302387
3,19588,0,0,0.0012851468414002403
3,19589,0,0,0.2924601123800907
3,19598,0,0,0.02109496840433875
3,19599,0,0,0.0020907024970248634
3,19609,1,0,0.30668588713315564
3,19611,0,0,0.026250986962175663
3,19618,0,0,0.25315888171230655
3,19628,0,0,0.003248295585030257
3,19629,0,0,0.0007528684437924965
3,19636,0,0,0.3933822467266692
3,19638,0,0,0.018624771812452402
3,19643,0,0,0.016956268408831084
3,19645,0,1,0.9143866617388653
3,19646,1,1,0.986449669118825
3,19647,1,1,0.9619084341645083
3,19655,0,0,0.47616412744990894
3,19658,0,0,0.03779674412085624
3,19660,0,0,5.333862718803821e-06
3,19662,1,1,0.9955601151749703
3,19665,0,0,0.32649407324491203
3,19678,0,0,0.3430405003486488
3,19685,0,1,0.9514397539847257
3,19687,0,0,0.0015971886631562114
3,19689,0,0,0.04627216000249957
3,19690,0,0,0.0033773501609533903
3,19691,0,0,0.03465015961968958
3,19692,0,1,0.6238863507769423
3,19693,0,1,0.6597553015194443
3,19696,0,0,0.05532665615161685
3,19703,0,0,0.008580772212903305
3,19711,0,0,0.13035312507603816
3,19714,0,0,0.0010408862789849193
3,19715,1,0,0.19713118259473833
3,19719,0,0,7.259981447940138e-05
3,19728,0,0,0.00033018341651431014
3,19730,0,0,0.2825760078115325
3,19733,0,0,0.13019378577827403
3,19734,0,0,0.0035172643167297236
3,19740,1,1,0.87955732980461
3,19743,0,0,0.31986507090125255
3,19744,0,0,0.0005289727535357238
3,19748,1,1,0.6263493731637482
3,19750,0,0,0.008315202851077601
3,19754,1,0,0.11191892029186847
3,19755,0,0,0.0007165703172353232
3,19760,0,0,0.0023906239975568944
3,19762,1,1,0.6381309301516762
3,19772,0,0,0.0075043147356645456
3,19773,0,0,0.04659464151470467
3,19774,0,0,0.10871037597766987
3,19777,1,1,0.7817776019985464
3,19797,0,0,0.01775298346722285
3,19798,0,0,0.3890606404899341
3,19799,0,0,0.001393723799854827
3,19802,0,0,0.0014444738543169437
3,19810,0,0,0.0032947692741385
3,19813,0,0,0.0029053856281797347
3,19814,0,0,1.0004728938492618e-05
3,19820,0,0,0.39260120066685716
3,19825,0,0,0.0003227116915748678
3,19827,1,1,0.9569627125076757
3,19828,0,0,0.0060222961456653954
3,19829,0,0,0.006075605184750746
3,19838,1,1,0.7948486025770102
3,19848,0,0,0.03959136064497194
3,19851,0,0,0.00016305082236044003
3,19854,0,0,0.00010543549606028802
3,19880,0,0,0.001379185243874638
3,19883,0,0,0.21300263086822288
3,19886,0,0,0.0006898244741015107
3,19892,1,1,0.9809387946829129
3,19893,0,0,0.004869256000974521
3,19894,0,0,0.051737244116973585
3,19900,0,0,0.03426052529218467
3,19904,0,0,0.0020485911162437553
3,19906,0,0,0.01662063986497436
3,19908,0,0,0.48207922954159216
3,19911,0,0,0.03031954765532493
3,19912,0,0,0.000998275394954669
3,19918,1,1,0.9384554011267073
3,19924,0,0,0.09084012628650504
3,19933,1,1,0.9787992469543594
3,19939,0,0,0.004043096028000654
3,19944,0,0,0.16094067823810093
3,19950,1,1,0.5127745505878647
3,19959,0,0,0.005018557255897139
3,19962,1,1,0.9534099082432225
3,19964,0,0,0.038438118920612746
3,19968,0,1,0.5861654430058324
3,19971,1,0,0.28417001462984276
3,19975,1,1,0.9641176045633488
3,19981,0,0,0.0006777788650974105
3,19983,0,1,0.7945739272252252
3,19985,0,0,0.3366864367061609
3,19988,0,0,0.028964976248924943
3,19993,0,0,0.03750185310630727
3,20011,0,0,0.12066646574864662
3,20014,0,0,0.32470738171260166
3,20020,0,0,0.020184322089026985
3,20039,0,0,0.002919472627312489
3,20043,0,0,0.006918095200816109
3,20044,0,0,0.22691572014270678
3,20056,0,1,0.6098415250202895
3,20062,1,1,0.9827645957598967
3,20075,0,0,0.26536848970026705
3,20077,0,0,0.0003213778439620804
3,20080,0,0,0.2523841649776572
3,20090,1,1,0.8601711906968061
3,20092,0,0,0.014774230949335151
3,20104,1,1,0.9401732270655816
3,20105,0,0,0.0004606111239825241
3,20109,0,0,0.0012336291108512292
3,20110,1,1,0.9963849157989629
3,20119,1,1,0.6925957107564665
3,20123,1,0,0.0818555693344744
3,20126,1,1,0.9981877396989919
3,20132,0,0,0.15250729751669967
3,20133,0,0,0.31750709193376797
3,20142,0,0,0.15135567665032548
3,20145,0,0,0.0001440982346511227
3,20151,0,0,0.007084470724282746
3,20161,0,0,0.20016828666934322
3,20165,0,0,0.09583005056005715
3,20166,0,0,0.0003102951902147471
3,20170,1,0,0.3865897283584668
3,20173,0,0,0.040082816495258536
3,20176,0,0,0.460493912768834
3,20185,0,0,0.005529017737272166
3,20194,1,0,0.06477438575143558
3,20197,1,1,0.6060708695382442
3,20198,1,1,0.998715394823548
3,20206,1,0,0.2871032542331902
3,20210,1,1,0.9931544770183613
3,20220,1,1,0.982319527487397
3,20224,0,0,0.05909810644369188
3,20227,1,1,0.9617405500853201
3,20230,0,0,0.00016100947232125027
3,20232,0,0,0.018456877896333802
3,20234,1,1,0.8575677983826755
3,20257,0,0,0.4166601665306024
3,20263,0,1,0.9757242592334403
3,20267,0,0,1.1840963172544641e-05
3,20272,0,0,0.18535075518843241
3,20273,0,0,0.025652207882286497
3,20274,1,0,0.32555108985203074
3,20278,0,0,0.4867477654506117
3,20282,0,0,0.0001631772909534061
3,20292,0,0,0.3942623223026808
3,20294,0,0,0.001658754573786323
3,20295,0,0,0.04639909418643757
3,20306,0,0,0.03377602573889711
3,20308,1,0,0.057541591431599676
3,20309,1,1,0.9861756363352839
3,20310,0,0,0.18960680372766975
3,20314,0,1,0.7359385597668425
3,20317,1,1,0.9145189693138827
3,20322,0,0,0.011419951239928065
3,20325,0,1,0.6388112935962744
3,20334,0,0,0.02904721836154022
3,20348,0,0,0.0036517063747452338
3,20352,0,0,0.003687693470664253
3,20358,0,0,3.1886928079626204e-05
3,20359,0,0,0.02019404297854527
3,20368,0,0,0.048503032876752
3,20370,0,0,0.010433620541561675
3,20374,1,1,0.9450518181324358
3,20383,0,0,0.000295879236081479
3,20388,1,0,0.447109057017841
3,20396,0,0,7.195933738739331e-05
3,20407,0,0,0.018228202645448492
3,20423,0,0,0.0002720470144113835
3,20424,0,0,0.06196910112679076
3,20433,0,0,0.0004416139968585811
3,20435,0,0,0.002259003718782264
3,20436,1,0,0.03630957160267876
3,20439,0,0,0.14991934665732382
3,20445,0,1,0.9179189244877993
3,20448,0,0,0.006023829102449182
3,20464,0,0,0.28665688738298434
3,20468,0,0,0.12305160580828069
3,20472,0,0,0.0015598296825527853
3,20477,0,0,0.0005339469249919402
3,20481,1,1,0.9964924636982244
3,20485,0,0,0.05730859985896137
3,20489,1,0,0.4579699650392146
3,20497,0,0,0.06328102673077164
3,20499,0,0,0.0007028474516874012
3,20502,0,0,0.048661779546361764
3,20510,0,0,0.2970036349724629
3,20511,0,0,0.3457497678845693
3,20512,0,0,0.027683959509934433
3,20514,0,0,0.006783927412533455
3,20515,0,0,0.0004178744535189241
3,20529,0,0,0.019566828902764958
3,20541,0,0,1.168342866432915e-05
3,20544,0,0,0.009474867997392614
3,20549,0,0,0.3102867316357184
3,20561,1,1,0.779355193811738
3,20571,0,0,0.001586710548668732
3,20573,0,0,0.341110695858635
3,20574,0,0,0.007891565625147085
3,20582,1,0,0.21719007258979034
3,20588,0,0,0.4239379628375499
3,20596,1,1,0.8868436375142605
3,20603,0,0,0.00015282185183381134
3,20614,0,0,0.1180090529759812
3,20616,0,0,0.01329179671061725
3,20620,0,0,0.0037738382483477008
3,20627,0,1,0.8731313184598251
3,20630,0,0,0.11024838802854946
3,20631,0,0,0.10390031683018694
3,20637,0,0,0.12454814720082467
3,20642,0,0,0.2783773659088973
3,20644,0,0,0.3249975309719884
3,20646,0,1,0.5202794199165186
3,20656,1,1,0.9066353569126506
3,20658,1,1,0.8621041646748169
3,20661,0,0,0.029076465984462323
3,20663,0,0,0.3214514931937799
3,20665,1,1,0.7807025581875432
3,20670,0,0,2.2334251413830377e-05
3,20678,1,1,0.9798249028326975
3,20688,0,1,0.8473557459063065
3,20697,0,0,0.15071533469822185
3,20699,0,0,0.017768443785092024
3,20707,1,1,0.9573611036879401
3,20708,1,0,0.2548812949330464
3,20710,0,1,0.7587860440738975
3,20711,0,0,0.0015776533535054576
3,20721,0,0,0.00027550573106986583
3,20722,0,0,0.26732249838359595
3,20723,0,0,0.37857576961919276
3,20725,0,0,0.0005881274711756943
3,20726,0,0,0.004078571302105176
3,20727,0,0,0.3147865018368315
3,20739,1,1,0.9980080920788156
3,20747,0,0,0.0038966815402885365
3,20756,1,1,0.8384339824485434
3,20757,1,1,0.9168296247637343
3,20761,0,0,0.014786437157187329
3,20769,0,0,0.005206866917479514
3,20770,1,0,0.46375265089195056
3,20771,1,0,0.4500641773074386
3,20772,0,0,0.007338625656700417
3,20777,0,0,0.0017215494708124755
3,20778,1,1,0.9324474602798786
3,20783,0,1,0.5326549699819558
3,20787,1,0,0.28904250018273947
3,20796,0,0,0.0028319528725820123
3,20803,0,0,0.004928538635964329
3,20804,0,0,0.022960723507429646
3,20811,0,0,0.07305021166354767
3,20813,0,0,0.19148411061338952
3,20815,0,0,0.04458115113917818
3,20821,0,0,0.02738021476859703
3,20825,0,0,0.012932750847672725
3,20835,1,1,0.7930136807529423
3,20837,0,0,0.04532093409196275
3,20845,0,0,0.08179782262962527
3,20850,0,0,0.0039467588350634315
3,20855,0,0,0.0007490377306604062
3,20861,0,0,0.00028236404494272143
3,20862,1,1,0.864049846580464
3,20865,0,0,0.034031917931951254
3,20867,0,0,0.06205275211330518
3,20868,0,0,0.009294193853179361
3,20870,1,1,0.9981824901607147
3,20873,0,0,0.022851533904859722
3,20874,0,0,0.44569485818579113
3,20875,1,0,0.007055234182033263
3,20878,0,0,0.0007709873605608524
3,20884,0,0,0.01893929271925659
3,20886,0,0,0.11584950779808613
3,20895,0,0,0.27170814308264984
3,20896,0,0,0.001613960269974126
3,20903,0,0,0.0013122297442153574
3,20912,0,0,0.06524873456288931
3,20914,0,1,0.955530601263812
3,20918,0,0,0.013681203033876403
3,20921,1,0,0.13023158160727896
3,20923,1,0,0.32822583022912255
3,20924,0,0,7.366071384634852e-06
3,20934,0,1,0.8265108592577307
3,20941,1,1,0.9938105776062989
3,20943,0,0,0.00041911393915909894
3,20944,0,0,0.015577588999365795
3,20947,0,0,0.00842520017695304
3,20950,0,0,0.05983602494868898
3,20951,0,0,0.0029854099500399127
3,20952,0,0,0.10995748307762959
3,20954,1,1,0.9863232485101228
3,20965,0,0,0.001665143354315542
3,20968,1,1,0.8983121282152797
3,20971,0,0,0.27737727764903286
3,20973,1,1,0.7858349882005927
3,20976,0,0,0.019824828462914345
3,20982,1,1,0.89931575941014
3,20987,1,0,0.29356898567113526
3,20993,0,0,0.0015579466041389365
3,20998,0,0,0.1319881530259418
3,21002,0,0,0.0007364873732707406
3,21007,1,1,0.809903179704302
3,21017,1,0,0.02093227358139231
3,21022,0,0,0.0034396844632107624
3,21033,0,0,0.3056834749575582
3,21037,0,1,0.9372737833026684
3,21039,1,1,0.8562077355880121
3,21041,0,1,0.5537580161526294
3,21049,0,0,0.010961678570782228
3,21050,0,0,0.0004955097617146902
3,21053,1,1,0.671517070217602
3,21054,0,0,0.21277884466737423
3,21058,0,0,0.2489694473028138
3,21061,0,0,0.00885593104121399
3,21077,0,1,0.5801141161243525
3,21081,1,1,0.9501673220305606
3,21086,0,0,0.3037520608106802
3,21095,0,0,0.02848057273073206
3,21101,0,0,0.0018471020039973762
3,21102,0,0,0.00037707212007576454
3,21104,0,0,0.0002988581086773092
3,21107,0,0,0.0342821901519112
3,21127,0,0,0.00728278678166914
3,21132,0,0,0.09717218286054195
3,21139,1,1,0.9209078841376849
3,21140,0,0,0.005066761616260988
3,21144,1,1,0.9805789963777561
3,21146,0,0,1.793472554893966e-05
3,21153,1,1,0.9908300834511687
3,21156,1,1,0.7713363446428679
3,21162,0,0,0.0038289943722152643
3,21165,0,0,0.22303033747325612
3,21166,0,0,0.013179607804179334
3,21170,0,0,0.2153649083144549
3,21171,0,0,0.1266097103473376
3,21172,1,1,0.9678770882668972
3,21173,0,0,0.00017428226914467185
3,21177,1,0,0.15452627587060153
3,21181,0,1,0.5638882780663909
3,21182,0,0,0.10627773268199094
3,21200,0,0,0.03689100192977998
3,21203,0,0,0.015066840488889817
3,21213,0,0,0.009646213681869235
3,21214,1,0,0.05770395887361517
3,21217,1,0,0.4092139414469285
3,21229,1,1,0.9974442065673127
3,21231,1,0,0.4274434282410671
3,21239,1,1,0.9321522511166855
3,21248,0,1,0.7805593074548476
3,21251,1,1,0.8189909421644445
3,21253,0,0,0.32958016675885354
3,21255,1,1,0.9878074938958775
3,21261,0,0,0.00014703172356505666
3,21262,0,0,1.6893578083870814e-05
3,21283,0,0,0.07183499211556946
3,21284,0,0,0.01505596784039552
3,21289,0,0,0.012205665114543844
3,21290,0,1,0.6292758160390022
3,21296,0,0,0.2587066538654295
3,21298,0,1,0.600495913760521
3,21309,1,0,0.25322604663049764
3,21321,0,0,0.000884290359456791
3,21324,0,0,0.03112592339380702
3,21327,0,0,4.514894123619931e-05
3,21333,1,1,0.99296516382041
3,21346,0,0,0.0094713176404959
3,21349,0,0,0.03521205849578172
3,21356,0,1,0.6587851458468118
3,21362,0,0,0.1921723628070343
3,21369,0,0,0.0763977889589877
3,21375,0,0,0.2027194153728707
3,21379,0,0,0.0018381285783031786
3,21380,0,0,0.16505899507556687
3,21382,0,0,0.0005241097431806794
3,21389,0,1,0.5223777048317988
3,21405,1,1,0.9037102817799594
3,21409,1,1,0.9148417899303841
3,21416,0,0,0.07560887431783399
3,21418,0,0,0.01092859338887023
3,21419,0,0,0.0003871444754442563
3,21424,0,0,0.00022141183230942044
3,21426,0,0,0.010654322288496209
3,21433,1,1,0.8900560371359881
3,21437,0,0,0.015258722621724107
3,21439,0,0,0.0015164939882262
3,21441,0,0,0.018419634153726244
3,21445,0,0,0.006336650907014082
3,21446,0,0,0.2763286422854058
3,21454,1,1,0.7304853128553064
3,21455,0,0,0.16608387085877233
3,21456,0,0,0.01956291072550438
3,21460,0,0,0.15300260394473789
3,21469,0,0,0.0008534883223026817
3,21475,0,0,0.013000455405414857
3,21477,0,0,0.00017293812465253133
3,21479,0,0,0.02622871670382564
3,21482,0,0,0.05119899696207236
3,21498,1,1,0.875457336163617
3,21499,1,0,0.14312952355968914
3,21500,0,0,0.36325519851614696
3,21502,0,0,0.003404118900834025
3,21506,1,1,0.906741613799178
3,21512,0,0,0.01238826619450266
3,21546,0,0,0.3753751429345268
3,21549,0,0,0.001515021330664047
3,21556,1,1,0.7789443207636906
3,21558,1,1,0.7637744946361448
3,21568,0,0,0.00866321312685275
3,21577,0,0,0.1964913169917484
3,21586,0,0,0.06577085582338696
3,21591,0,0,0.00037625456080257275
3,21593,0,0,0.14842779512826007
3,21599,0,0,0.18011948160814062
3,21606,0,0,0.40974492842634874
3,21611,0,0,0.0006022873076259339
3,21612,0,0,0.0008031296666101998
3,21613,0,0,0.33673608592779447
3,21616,0,1,0.849052165911499
3,21621,1,1,0.8170451083808694
3,21629,1,1,0.9967035352297972
3,21630,0,0,0.1666038433968039
3,21632,1,0,0.26433865511858456
3,21644,1,1,0.9631948492323632
3,21647,0,0,0.08303609889133408
3,21649,1,0,0.0041833828373211744
3,21653,0,0,0.013365403885516672
3,21654,0,0,0.0028721760457161324
3,21657,0,0,0.0019934002623381076
3,21677,1,1,0.8425935528507315
3,21697,1,1,0.9184062468303319
3,21699,1,1,0.6967106892404474
3,21701,1,1,0.961957037043285
3,21703,0,0,8.702161751838672e-05
3,21707,1,1,0.9631171649519377
3,21717,0,0,0.056220072672324706
3,21718,0,0,8.480596837324998e-06
3,21721,0,0,0.004779619373460343
3,21727,0,0,0.0037010918735202285
3,21735,0,0,0.005133414343520967
3,21737,1,1,0.9834331198830364
3,21754,1,1,0.8502084646682189
3,21755,0,0,0.2598649265832046
3,21757,1,1,0.9863568048047793
3,21758,0,1,0.7781852078801038
3,21759,0,0,0.036620035362717566
3,21760,0,0,0.0018641669116153624
3,21768,0,0,0.029708898561658405
3,21770,0,0,0.003197667289156411
3,21782,0,0,0.001622199135276936
3,21800,0,0,0.4999521731522642
3,21816,0,0,0.002631220432820303
3,21822,1,1,0.7139693817185641
3,21823,0,1,0.7468901023602751
3,21833,0,0,0.0013989831791657553
3,21840,0,0,0.3926242209802464
3,21841,0,0,0.4726424330869197
3,21844,0,0,0.00078429386162642
3,21852,0,0,0.00022718746714846653
3,21853,0,0,0.003020306749315163
3,21856,0,0,0.35524598844337985
3,21857,0,0,0.00858952053094494
3,21858,0,0,0.002970442056883381
3,21866,0,0,0.0013077359301898184
3,21870,0,1,0.5234820679418883
3,21871,1,0,0.06577954325825819
3,21872,0,0,0.033374165559363754
3,21873,1,0,0.2973502853697851
3,21874,0,0,0.3611137973480377
3,21875,1,1,0.9505347252733011
3,21887,0,0,0.035669076018842893
3,21891,0,0,0.008603367530078105
3,21892,0,0,0.014845801997721711
3,21894,0,0,0.014836048678030836
3,21897,0,0,0.0033232739371743297
3,21922,0,0,7.887527539769371e-05
3,21929,1,1,0.9107731368287414
3,21938,0,0,0.028418932269304
3,21940,0,0,0.0024480164586823732
3,21942,0,0,0.0028614113901628256
3,21943,0,0,0.04572014267859226
3,21944,0,0,0.037132406556163906
3,21955,1,1,0.8330518584302412
3,21960,0,0,0.0004750546775702948
3,21962,0,0,0.2321580904370974
3,21965,0,0,0.0010460741696127567
3,21974,0,0,0.009259771050929606
3,21977,0,0,0.05798686215634358
3,21978,0,0,0.01437825159048812
3,21986,0,0,0.007978598197374287
3,21995,1,1,0.9789440635590592
3,22005,0,0,0.015229252043782874
3,22011,1,1,0.9644264625415269
3,22013,0,0,4.8545333619045676e-05
3,22024,0,0,0.36928917158955554
3,22030,0,1,0.9758975170951103
3,22038,0,0,0.04605974035617722
3,22041,0,0,0.46305344928751346
3,22042,0,0,0.031124290216493815
3,22050,0,0,6.406895007355619e-05
3,22055,0,0,0.0009184915541774118
3,22062,0,0,0.010549792445468125
3,22067,0,0,0.07380228080801067
3,22068,0,0,0.2796731843756448
3,22069,1,1,0.8792959767611672
3,22070,0,0,0.027599170532861046
3,22074,0,0,0.1383368453033336
3,22077,0,0,5.780069496409951e-05
3,22078,0,0,0.13280556548855388
3,22083,0,0,0.20221420196708753
3,22094,0,1,0.893546379989948
3,22101,0,0,0.22116588516939453
3,22104,0,0,0.014391104770935345
3,22107,0,0,0.00021625273009438507
3,22109,0,0,0.24422925925903746
3,22122,1,0,0.01799697501003047
3,22123,0,0,0.011186374967647529
3,22125,0,0,6.640584269953916e-05
3,22127,0,0,0.18775213470247065
3,22135,0,0,0.030758534212046863
3,22150,0,0,0.003309783534227533
3,22172,0,0,0.0611099776905818
3,22173,0,0,0.0033293436325909577
3,22175,0,0,0.002814405932175336
3,22182,0,0,0.002934997957382944
3,22189,1,1,0.9526466694084442
3,22192,0,0,0.044557261474562695
3,22209,1,1,0.9536209084820142
3,22213,1,1,0.8566740605537015
3,22216,0,0,0.0006166445954173416
3,22217,0,1,0.6902131625865758
3,22222,0,0,0.0032000475880597295
3,22225,1,0,0.4891290698366439
3,22230,0,0,0.002292533078296047
3,22232,1,0,0.17482329240092115
3,22252,0,0,0.017498683586534666
3,22255,0,1,0.7470697035817835
3,22256,0,0,0.0006159295409672456
3,22267,0,0,0.0026836026259990688
3,22268,0,0,0.23204537708311537
3,22271,1,0,0.4211848203982278
3,22273,0,0,0.012712802200481873
3,22275,0,0,0.0018462825166225872
3,22282,0,0,0.0009150505458198634
3,22284,0,0,0.0005511684537190492
3,22285,0,0,0.1935715719032949
3,22286,0,0,0.005100721863772143
3,22287,0,0,0.00032869063905762266
3,22291,0,0,0.37007614157689817
3,22301,0,1,0.5784363418885924
3,22306,0,0,0.006985313144408193
3,22310,1,1,0.8316993777006677
3,22311,0,0,0.37225082744423643
3,22313,0,0,0.12313101549165946
3,22320,0,0,0.0055433466726280784
3,22322,0,0,0.0025930353029969674
3,22323,0,0,0.0007782173271836825
3,22324,1,0,0.36652810175370504
3,22329,0,0,0.3577793494669453
3,22342,0,0,0.0018498655624921512
3,22345,0,0,0.0018216378989727388
3,22346,1,1,0.7095036796136235
3,22347,0,0,0.017154280417271548
3,22357,0,0,1.0698170561610425e-05
3,22360,1,1,0.8330836021732482
3,22362,0,0,2.45302422912422e-06
3,22370,0,0,0.3930731129438491
3,22376,0,0,0.04016898823808473
3,22388,0,0,0.02591771025385124
3,22391,0,0,0.015600722912334358
3,22399,0,1,0.5854779823411007
3,22402,0,0,0.02577686523394366
3,22403,0,0,0.11756265780208205
3,22410,0,0,0.17366300547901886
3,22413,0,0,0.05699470400331943
3,22414,0,0,0.015478022705910722
3,22418,1,1,0.9474048359639305
3,22421,0,0,0.018262395025787435
3,22427,0,0,0.0036161213205085493
3,22435,0,0,0.021070765337567004
3,22437,0,0,0.00010955685984281786
3,22445,0,0,0.004180348792232084
3,22456,0,0,0.053908542689363896
3,22458,0,0,0.019689322938438142
3,22462,0,0,0.00011692841077175807
3,22466,0,0,0.02458598731234551
3,22470,1,0,0.1725581607176972
3,22476,0,0,0.0010000103476498492
3,22478,0,0,0.0004492430745397936
3,22484,0,0,0.00130424648589309
3,22492,0,0,0.007130132075051359
3,22496,0,0,0.001979798186791407
3,22501,0,0,0.06510303281958105
3,22504,0,1,0.5977412303679026
3,22508,0,0,0.00024981503247724113
3,22510,1,1,0.9650534850436204
3,22515,1,1,0.6073127525234464
3,22531,0,0,0.01787903687282096
3,22533,0,0,0.0032417678907239963
3,22537,0,0,0.0013254688266123103
3,22540,0,1,0.9276493096250417
3,22549,0,1,0.8888402310185718
3,22550,0,0,0.2857553160185384
3,22552,1,1,0.9912926453339471
3,22554,0,0,0.002631135317885245
3,22564,1,1,0.8920299193398714
3,22569,0,0,0.007649585994003439
3,22572,0,0,0.1505902338857004
3,22584,1,1,0.9812650278893028
3,22589,0,0,0.03492025745689167
3,22592,0,0,0.00018948472568209614
3,22593,0,0,0.0005736169957809298
3,22606,0,0,0.00606538433221217
3,22608,0,0,3.669788514269078e-05
3,22615,1,1,0.9682760662240143
3,22617,1,0,0.04273405246986717
3,22620,0,0,0.3044256475512769
3,22630,1,1,0.9594628739736882
3,22636,0,1,0.8724056065760636
3,22641,0,0,0.1852907365893976
3,22649,0,0,0.02359378530921131
3,22658,0,0,0.020473992385840162
3,22660,1,1,0.9920856741207266
3,22663,0,0,0.00017613541561359026
3,22666,0,0,0.36207291471155273
3,22668,0,0,0.2746391510877158
3,22671,1,1,0.7554850227316066
3,22672,0,0,0.05896488270777392
3,22681,0,0,0.00043842789110997316
3,22682,1,1,0.8126867188364594
3,22692,0,0,0.04329921902156197
3,22699,0,0,0.1161493145978051
3,22705,0,0,0.1304704564709092
3,22714,1,0,0.06549491068169894
3,22717,1,1,0.9771230294998028
3,22720,0,0,0.07628745724710362
3,22723,0,0,0.09968960561437885
3,22725,0,0,0.009612309399226047
3,22726,1,1,0.7871384951048294
3,22730,0,0,0.0013953452740693248
3,22738,0,1,0.7880161971397829
3,22741,0,0,0.00032792145230594065
3,22743,0,0,0.003977409389107697
3,22768,0,0,0.003115103939383593
3,22773,1,0,0.45126719379630514
3,22779,0,0,0.0140042834055527
3,22780,1,1,0.6074173974730216
3,22781,0,0,0.0003517300629262572
3,22787,0,0,6.059825697603551e-05
3,22788,0,0,0.007308679480398684
3,22790,0,0,0.0027210704599047657
3,22793,0,0,3.0431803104156637e-05
3,22806,0,0,0.12855931885694344
3,22811,0,1,0.7024486793734748
3,22819,0,1,0.5105128976945307
3,22820,1,0,0.18729413754059132
3,22828,0,0,0.0003175354461249991
3,22832,0,0,0.16864655858099192
3,22834,0,0,0.05297276342999608
3,22837,1,1,0.9961379175092101
3,22842,0,0,0.007003289779935686
3,22848,1,1,0.9781755703745867
3,22850,1,1,0.931480721616762
3,22852,0,0,0.3121176139179094
3,22855,1,1,0.5127396362990988
3,22862,0,0,0.0015816382677722078
3,22865,0,0,0.45701757004325294
3,22868,0,0,0.00022224562890843153
3,22869,0,0,0.023590200052808378
3,22875,1,1,0.9370782468756382
3,22883,0,0,0.0619365903107656
3,22884,1,1,0.9994624635335254
3,22885,1,1,0.8714827667005094
3,22890,0,0,0.01291204235670902
3,22893,0,0,0.02041379836691181
3,22899,0,0,0.2552032735355751
3,22907,1,1,0.9068136864811438
3,22914,0,0,0.002013644938881072
3,22918,0,0,0.009147717611116924
3,22929,0,0,0.25064892658795374
3,22934,0,0,0.0030899136065067495
3,22960,0,0,0.02385802619523172
3,22964,0,0,2.8701324618591642e-05
3,22968,1,0,0.35729459522193446
3,22977,0,0,0.024179371960357934
3,22979,0,0,0.01913364795469857
3,22980,1,1,0.9874036881439799
3,22987,0,0,0.012685697704573375
3,22988,0,0,0.00955462948204425
3,22994,0,0,0.21031718072891464
3,22998,0,0,0.0852217696747795
3,23001,0,0,0.007903518298994439
3,23005,0,0,0.19438607550685164
3,23007,0,0,0.06891251719403998
3,23008,0,0,0.0029693147237007432
3,23012,0,0,0.00911337338436781
3,23022,0,0,0.003694117930249182
3,23023,0,0,0.005464050034464082
3,23026,0,0,0.04712788653140075
3,23033,0,0,0.07297488859174528
3,23046,0,0,0.0010125160450181448
3,23048,0,0,5.296562097790163e-05
3,23049,0,0,0.23482294926810496
3,23057,0,1,0.9584469160592616
3,23067,0,0,0.10367459798796187
3,23068,1,1,0.9985605293103206
3,23071,0,1,0.5351060904309232
3,23080,1,1,0.9817635138983167
3,23087,0,0,0.006320181221930522
3,23093,0,0,0.026188534239963705
3,23097,0,0,0.018786946025018347
3,23103,0,1,0.6111749966844255
3,23104,0,0,0.06248150804182069
3,23106,0,1,0.7608261588781502
3,23117,0,0,0.0019654696489822326
3,23124,0,1,0.6681661441647961
3,23129,0,0,0.009127639930770348
3,23132,0,0,0.00204123652608427
3,23140,0,0,0.25242480489009844
3,23141,0,0,0.02391938991023815
3,23142,1,1,0.9524067538524833
3,23149,0,0,0.008832409219185293
3,23150,0,0,0.01286386235553192
3,23155,0,1,0.6865720933788774
3,23163,1,0,0.12227910294929091
3,23176,1,1,0.9289497770156657
3,23182,0,0,5.5625587992462435e-05
3,23185,0,0,0.003254397220217548
3,23189,0,0,0.3176512286556232
3,23205,0,1,0.8543327303956335
3,23207,0,0,0.021510568918519674
3,23215,0,0,0.023185436551527494
3,23218,1,1,0.594719340893831
3,23221,0,0,0.0032017556754903335
3,23231,0,0,0.06916474544569602
3,23240,0,0,0.0046585094580684746
3,23247,0,0,0.15677956233792287
3,23260,0,0,0.20834730561018858
3,23265,0,0,0.007092837427693775
3,23268,1,1,0.9931276730303182
3,23269,0,0,0.04987127807092795
3,23277,0,0,0.0009474007779014203
3,23287,0,0,0.001147915782889172
3,23292,0,1,0.8427135736954192
3,23293,1,0,0.23465442340502918
3,23302,0,0,0.017342969132032173
3,23303,0,0,0.0012056452097223016
3,23308,0,1,0.9705776120015045
3,23309,1,1,0.9840206414917027
3,23315,0,0,0.3036697106225882
3,23322,0,0,3.8166462653973854e-05
3,23328,0,0,0.18977324225523884
3,23335,0,0,0.0022858558809452723
3,23336,1,1,0.8445525019970869
3,23353,0,0,0.009360595187925829
3,23361,0,1,0.5495914762409561
3,23364,0,0,0.01814354404635083
3,23365,0,0,0.15252467643409923
3,23380,1,1,0.8545212319389959
3,23390,1,1,0.5055534635682976
3,23401,0,0,0.0023448005276260984
3,23402,0,0,0.000386353479113107
3,23409,0,0,0.0010561693046263713
3,23411,0,0,0.0034254872672745715
3,23412,0,0,0.00013501518359117833
3,23415,0,1,0.861891704358404
3,23417,0,0,0.012811498518943209
3,23422,0,0,0.009560596247659599
3,23433,0,0,0.0003510855144465868
3,23437,0,0,7.019550371405846e-05
3,23442,0,0,0.375137595057264
3,23449,0,0,0.19353317098411923
3,23452,1,1,0.6505327392445339
3,23455,0,0,0.002323311693446875
3,23463,0,0,9.510675451162745e-05
3,23472,0,0,0.32623440717930274
3,23475,1,0,0.0714033132796755
3,23487,0,0,4.2477589019305664e-07
3,23491,0,0,0.004815701741411037
3,23499,0,0,0.10227293558059186
3,23500,0,0,0.0053904014282796665
3,23501,0,0,0.19633080064068165
3,23506,0,0,0.007386988147779033
3,23516,1,1,0.9564548457243432
3,23517,0,0,0.06609131576166857
3,23519,0,0,0.0010444039265442788
3,23521,0,0,0.16749040717529418
3,23526,0,0,0.0005730847366367713
3,23533,1,1,0.5217267074453337
3,23536,0,0,0.0005063111813455525
3,23538,0,0,0.16312346460444307
3,23554,1,1,0.7940441775292624
3,23560,1,1,0.9779268157251407
3,23564,0,0,3.9402420870753795e-05
3,23573,1,0,0.4802546398896069
3,23577,1,1,0.9552048052248249
3,23582,0,0,0.07074464331684643
3,23583,0,0,0.017006350925451164
3,23588,0,0,0.09782222191144663
3,23594,0,0,0.0038941885517712826
3,23605,0,0,0.0011582306235623026
3,23609,0,0,0.011731644331712813
3,23618,1,1,0.8622975446688526
3,23619,0,0,0.04980845495663694
3,23622,1,1,0.9125658314829668
3,23640,0,0,0.013351333470367915
3,23644,0,0,0.2781478774153967
3,23651,0,0,1.873121667797945e-05
3,23653,0,0,0.051222203162162215
3,23661,1,1,0.5684393127425683
3,23667,0,0,0.10647212380618018
3,23668,0,0,0.14027032257750016
3,23673,0,0,0.006896409659789086
3,23677,0,0,0.00628562296014464
3,23682,0,0,0.2960312571038559
3,23688,0,0,0.0007038804567277335
3,23691,1,1,0.9127719970666922
3,23692,1,1,0.6259985228728485
3,23693,0,1,0.9345752073764314
3,23694,0,0,0.20456558488445606
3,23696,0,0,0.026827657047729662
3,23706,0,0,0.06977645396673415
3,23708,0,0,0.0030257593170892115
3,23720,0,0,0.010883334485931942
3,23723,0,0,0.002769018559275211
3,23724,0,0,0.1072263209879634
3,23728,0,0,6.533249091508615e-05
3,23732,0,0,7.949166059774041e-05
3,23733,0,0,9.599311812804679e-05
3,23741,1,1,0.9683368081051903
3,23749,0,0,0.16536967334911198
3,23753,0,0,0.27725665118539217
3,23759,0,0,0.35417072468210387
3,23760,1,0,0.3304980297129712
3,23764,0,1,0.876667391088244
3,23773,0,0,0.0008657993549509869
3,23775,0,0,0.16300738776140059
3,23779,1,1,0.9976927825574067
3,23784,0,0,0.007034749239278122
3,23789,0,0,0.3148697123952963
3,23790,0,0,0.010136172307600713
3,23796,0,0,0.007468098699121062
3,23800,0,0,0.4981873362047815
3,23809,0,0,0.00037222800892426844
3,23820,0,0,0.00037373812525329247
3,23829,0,0,0.4950218743558571
3,23831,0,0,0.4142066523927784
3,23848,0,0,0.08079755624798814
3,23851,0,0,0.025229699118370214
3,23855,1,1,0.502637565265382
3,23865,0,0,0.0008755468294167737
3,23871,0,0,0.04705829047037641
3,23873,0,0,0.0784738623027042
3,23878,0,0,0.008003798257176791
3,23879,0,0,0.20441984279369735
3,23882,1,0,0.14123390811431022
3,23884,0,1,0.6526871968361836
3,23886,1,0,0.49074991781195604
3,23891,0,0,0.004818907368627696
3,23892,0,0,5.307514417729357e-05
3,23895,1,1,0.9915612454815517
3,23911,0,0,0.0533374431789254
3,23920,0,0,0.1363495279412845
3,23926,0,0,0.004534399818600032
3,23930,0,1,0.905300603034161
3,23932,0,0,0.00010901899911392529
3,23938,0,0,0.00022053300907817864
3,23940,0,0,0.051706553662560946
3,23957,0,0,3.733591181848973e-05
3,23961,0,0,0.007361286911136819
3,23965,1,0,0.43042358524816615
3,23974,1,1,0.940617123628016
3,23975,1,1,0.6193351924185547
3,23986,0,0,0.042675550702877985
3,23987,0,0,0.0840331783656659
3,23992,1,1,0.8723671522073322
3,23993,0,1,0.8131136491739377
3,23994,0,0,0.18823489171439273
4,2,0,0,0.0017237012227910263
4,9,1,1,0.5491386852993293
4,10,0,0,0.02447978166123315
4,14,0,0,0.11227352411132359
4,17,0,0,0.00895482264849585
4,25,0,0,0.001421593875029344
4,33,1,1,0.5171141041268212
4,34,0,0,0.017809066285268283
4,36,1,1,0.5032141012859676
4,37,0,0,0.002943385221670653
4,46,1,1,0.989566327140655
4,58,1,0,0.29072423154036386
4,60,0,1,0.7607734165052563
4,66,0,0,0.03412280675333214
4,76,0,0,0.324859483600185
4,80,0,0,0.009712841385513161
4,89,0,1,0.7002551452878085
4,91,0,0,0.00010484081185589568
4,95,1,1,0.8589622270832792
4,97,0,0,0.000543275126629885
4,98,0,0,0.48780743365872953
4,102,0,0,0.03146857642407658
4,109,0,1,0.6967877633824207
4,131,0,0,0.000770843331106218
4,134,0,0,0.012799550053836171
4,135,0,0,0.06225327869205844
4,136,1,1,0.9562945134712504
4,137,0,0,4.6787927162449366e-05
4,140,0,0,0.000526304132335031
4,141,0,0,0.36343884708700525
4,144,0,0,0.4297298997443547
4,145,1,0,0.008096228283307439
4,146,1,1,0.999543384823468
4,148,1,1,0.9968542784218948
4,149,0,0,0.0009188510069124989
4,154,0,0,0.0005255574634518229
4,162,0,1,0.7628712194736887
4,163,1,1,0.6103013131832317
4,164,1,1,0.816549716618595
4,167,0,0,0.0013690624590519654
4,175,0,0,0.007931345321410568
4,176,1,1,0.9641840365554254
4,191,0,0,0.12377704157357186
4,195,0,1,0.6525077066837722
4,198,0,0,0.00030091433574014917
4,203,0,0,0.02088618213905569
4,209,1,1,0.9916896518274547
4,211,1,1,0.623050385733236
4,212,0,0,0.0016881097470979511
4,216,0,0,0.1957815998457893
4,232,1,0,0.4947184549125907
4,235,0,0,0.4496455667937911
4,241,1,0,0.08032497130779052
4,242,0,1,0.5904939292598991
4,247,0,0,0.012622036931219244
4,248,0,1,0.581707112575275
4,260,0,0,0.0004707355339268315
4,269,0,0,0.4357453235689726
4,275,0,0,0.0014466172179481067
4,282,0,0,0.04462020859788053
4,284,0,0,0.004669559271558861
4,293,0,1,0.9520142853714842
4,296,0,0,0.00043468235977328217
4,301,0,0,0.016835235534217084
4,302,1,1,0.8696734659998884
4,310,0,0,0.009553345459821748
4,316,0,0,0.00451506370476665
4,323,0,0,0.0008214098044742591
4,329,0,1,0.6558322615597625
4,332,1,1,0.9693466818481257
4,341,0,0,0.002745421820449098
4,345,0,0,0.010012664793656072
4,347,0,0,8.079876147550846e-05
4,353,1,1,0.9954285386070815
4,359,0,1,0.6651144720141965
4,360,1,1,0.9260561023519249
4,372,0,0,0.015099118535797757
4,374,0,0,0.0006210562274668718
4,380,0,0,0.08194536967142964
4,381,0,0,0.024452768563692086
4,387,0,0,0.0005198023165239203
4,400,1,1,0.8540914788935117
4,409,0,0,0.022442161531568992
4,415,0,0,0.07876450695614866
4,421,0,1,0.7278479718912829
4,424,0,0,0.06486124669672484
4,428,0,0,0.00011747857564034141
4,430,0,0,0.006417685075291037
4,433,0,0,0.011412181183173652
4,440,0,0,0.047656348363787966
4,441,0,0,0.13232875484569012
4,442,0,0,0.00030126974600127785
4,443,0,0,0.001930507001294184
4,444,0,0,0.06431444050195335
4,450,0,0,0.004727406619119972
4,456,1,1,0.9148696857996861
4,457,0,0,0.0701115638509156
4,458,0,0,0.04379526271781568
4,467,0,0,0.00017692229945710504
4,473,0,0,0.01653510251540847
4,475,1,1,0.8996685328561208
4,476,1,1,0.9126465318864048
4,477,1,1,0.993777347914806
4,482,0,0,0.0004244012381346097
4,490,0,0,0.0017207203675716559
4,491,0,0,0.002485584028550668
4,493,0,1,0.5052219579293007
4,495,0,0,0.2649613572844173
4,500,0,0,0.013977894369417274
4,504,0,0,0.01885746648680677
4,507,0,0,0.15374142617162578
4,509,1,1,0.9915062282553365
4,513,0,0,0.00028716339258089564
4,520,1,1,0.7457892230161643
4,521,0,0,0.03458279567710725
4,524,1,1,0.9195167722527594
4,526,0,0,0.0018323667246559982
4,527,1,0,0.44561167420711606
4,529,1,1,0.9875935429139437
4,532,0,0,0.46443683327764057
4,540,0,0,9.10005716092473e-05
4,550,0,0,0.017250060136471585
4,551,0,1,0.5965389371895045
4,552,0,0,0.002131523618235172
4,557,0,0,0.0006443787653096139
4,560,1,1,0.9442517144589384
4,561,0,0,0.024468378800708426
4,562,0,0,0.4770035791393442
4,563,0,0,0.0062132693611702625
4,564,0,0,0.09085331754851149
4,566,1,1,0.9921313920311725
4,567,0,0,0.03385835962370003
4,571,0,0,0.0010921567907392375
4,575,0,0,0.000732364319595915
4,578,0,0,0.01676401969183297
4,588,1,0,0.041645247532813644
4,590,1,1,0.6293041031826049
4,591,0,0,0.2864272292580973
4,595,0,0,0.2612707151562937
4,609,1,1,0.7028740960510657
4,614,0,0,0.00021856990650122185
4,615,1,1,0.7370668691399205
4,619,1,1,0.8657842201049853
4,622,0,0,0.0009564018112113822
4,635,0,0,0.05806319598431681
4,636,0,0,0.01338845133451812
4,637,1,1,0.6308618798081288
4,640,1,1,0.6497063777288067
4,662,0,0,0.3163886281344975
4,672,0,0,0.000769832172865917
4,673,0,0,0.31898004346886405
4,687,0,0,0.018574831241609156
4,688,0,0,0.0004778541929751033
4,692,0,0,0.004834378956220056
4,710,0,0,0.0001675387750092628
4,711,0,1,0.6923092022559273
4,719,0,0,0.0033725822474647165
4,721,1,1,0.6492426751985266
4,730,0,0,0.1348544720569697
4,735,0,0,0.00337482044180906
4,744,0,0,0.0003662291625155753
4,746,0,0,0.0002971381045478927
4,748,0,0,0.25929913439923036
4,761,1,0,0.19586866608265308
4,763,0,0,5.763595299274944e-06
4,775,0,1,0.7435298162737329
4,795,1,1,0.9606024790018277
4,798,0,0,0.0012483770359454011
4,800,0,0,0.11249080223370626
4,801,1,1,0.960128882241418
4,810,0,0,0.003322340861504158
4,811,1,1,0.9375695219332909
4,821,0,0,0.2277414337351275
4,827,0,0,0.006281377700058781
4,828,0,0,0.001022458137070413
4,832,0,1,0.8221209403007261
4,835,0,0,3.8507739624075584e-05
4,840,0,0,0.021611917477053308
4,844,0,1,0.7598167706351368
4,847,0,1,0.6503970715270203
4,851,0,0,0.0009916545334200575
4,853,1,0,0.03169722355355717
4,855,0,1,0.9570023933482533
4,870,1,1,0.8215302616359621
4,883,0,0,0.02124471550751681
4,884,0,0,0.019044353225136444
4,890,0,0,0.30405693167024755
4,891,0,0,0.09585828385793188
4,892,0,0,0.004192155344313704
4,895,0,0,1.7781850296242458e-05
4,898,0,0,0.145743725627339
4,900,1,1,0.9021081824665896
4,905,0,0,0.2736284906249266
4,906,1,1,0.6739008292530747
4,909,0,0,0.026912779325246976
4,913,0,0,0.07591724894604443
4,916,0,0,0.07768964800858255
4,923,0,0,0.16176166478717524
4,926,1,1,0.9149581787363159
4,933,0,0,0.1367667006403288
4,939,0,0,0.005751416129625739
4,942,0,0,0.0006178052421349351
4,946,1,1,0.9232385218245287
4,952,0,0,0.28356430932706167
4,960,0,0,0.3924695104040331
4,965,0,0,0.2990189486366391
4,966,0,0,0.27811810661478426
4,970,0,0,0.0062857726850307945
4,981,0,0,0.0003703238407415503
4,982,0,1,0.6937018728514924
4,989,0,1,0.6346800735273982
4,991,0,0,0.022459920168624532
4,1005,1,1,0.85369979619008
4,1006,0,0,0.00018167861093657802
4,1012,0,0,0.02402352832943039
4,1015,0,0,0.0308035020443403
4,1016,0,1,0.8216180329287438
4,1022,0,0,0.05544403146802392
4,1028,0,0,8.017141903064117e-05
4,1049,0,0,0.06342106780283467
4,1067,1,1,0.5546450533673949
4,1068,0,0,0.11421652808457938
4,1074,0,0,0.005850419271445613
4,1075,1,1,0.9424738579805177
4,1077,1,1,0.9934458926210001
4,1091,0,0,0.06626478435243537
4,1098,1,1,0.6776501818301947
4,1103,0,1,0.5856177425359729
4,1108,1,1,0.6633393282627859
4,1109,1,1,0.9322563325816635
4,1116,0,0,0.03138350709479065
4,1118,0,0,0.10781726341632746
4,1123,0,0,0.00016827667631460192
4,1126,0,0,0.13659444155464265
4,1127,0,0,0.0009120714051482852
4,1136,0,1,0.5202105806677317
4,1138,1,1,0.9441534118497363
4,1140,0,0,0.00015383159973634278
4,1142,0,0,0.0005547507256723712
4,1145,0,0,0.07329475307854685
4,1148,0,0,0.07168313316020831
4,1153,0,0,0.4820036150048018
4,1157,0,0,0.008694110618443133
4,1158,0,1,0.9168166626762603
4,1160,0,0,6.258092196218669e-05
4,1163,0,0,1.112931006872784e-05
4,1165,0,0,0.12333314639900966
4,1174,0,0,0.000906040300918118
4,1175,0,0,0.009105692723429178
4,1178,0,0,0.2555822587847315
4,1182,1,0,0.4701679336983413
4,1190,0,0,0.0004704132517741378
4,1194,0,0,0.003413869431755228
4,1208,0,0,0.031056072812192692
4,1210,0,0,2.3818937026062615e-05
4,1213,0,0,0.0003607861115788631
4,1214,1,1,0.9928552287208409
4,1217,0,0,0.0034704573225173676
4,1221,0,0,0.0030876848704246545
4,1252,1,1,0.9833023258748796
4,1256,1,1,0.8986255808023572
4,1262,1,1,0.8802973863034687
4,1267,1,1,0.9432708296550104
4,1274,0,0,0.06423718456931107
4,1276,0,0,0.00020597714189793035
4,1283,0,0,7.3492078996951e-05
4,1292,1,1,0.5460361330760453
4,1298,0,0,0.013573400640264074
4,1309,0,0,0.11578402270962843
4,1310,0,0,0.0004209823039516498
4,1319,1,1,0.9972869565739424
4,1322,0,0,0.00012371606515029285
4,1330,0,0,0.18113858511653833
4,1344,0,0,0.0013351198076382276
4,1352,1,0,0.33709832965381126
4,1353,1,0,0.45542411545719635
4,1355,0,0,0.02258572366279983
4,1357,0,0,0.001507756643484014
4,1361,0,0,0.1538936718298135
4,1362,0,0,0.06452064159618227
4,1369,0,0,0.07542683021870913
4,1372,0,0,0.0006043966751285274
4,1375,0,0,0.008272590567109977
4,1377,0,0,0.05916797825341332
4,1383,0,0,0.0006086457547924165
4,1384,0,0,0.0001322476326344642
4,1397,0,0,9.845892683643616e-05
4,1398,0,0,0.13319245769509266
4,1404,0,0,0.4834232804592729
4,1414,0,0,0.31224096931869966
4,1418,0,0,0.013865185486616556
4,1420,0,0,2.967864323942248e-05
4,1442,0,0,0.0007146188385275823
4,1448,0,0,0.2649465487406417
4,1452,1,1,0.9101367865703288
4,1458,0,0,0.006019331701169922
4,1461,0,0,2.8766150722040136e-05
4,1474,0,0,0.005030308093212229
4,1477,0,0,0.08268211912335195
4,1486,1,0,0.47539046088300807
4,1488,1,1,0.9894149409496622
4,1491,0,0,0.03517511687363258
4,1493,0,0,0.0011138891547642768
4,1494,0,0,0.005254322795964061
4,1500,0,0,0.005458484432335258
4,1506,0,0,0.21573325178608074
4,1509,1,1,0.83117261904381
4,1514,0,0,3.02498392191995e-05
4,1515,0,0,0.008955181515897205
4,1517,0,0,0.00927789217665165
4,1518,0,1,0.7132729968298308
4,1521,0,0,0.3172479044130011
4,1522,1,1,0.9833712697429191
4,1523,0,0,0.019298896527003787
4,1524,1,1,0.6775189914977557
4,1529,0,0,0.0028058456938092565
4,1537,0,0,0.0007611806947634402
4,1541,1,1,0.9584912213545697
4,1542,0,0,0.11136771108958564
4,1546,1,0,0.10342777861464733
4,1549,0,0,0.0007946152156596157
4,1550,0,0,0.4136440323192562
4,1552,0,0,0.006509693680727808
4,1556,0,0,0.00020505504970666486
4,1570,0,1,0.5356362784552487
4,1573,0,0,0.038355220423780256
4,1576,0,0,0.003391487447485997
4,1579,0,0,3.652229753495494e-06
4,1585,0,1,0.6468210534884055
4,1591,0,0,0.0062564069192151866
4,1595,1,1,0.9893967914272633
4,1604,0,0,0.044407082059476875
4,1610,0,0,0.4294177625333483
4,1616,0,0,0.00017987053273166306
4,1620,0,1,0.6798166552213348
4,1621,0,0,0.09052550204739886
4,1626,0,0,0.008770065082251977
4,1628,0,1,0.8056505172992867
4,1629,0,1,0.5310628442865191
4,1630,0,0,0.31534238764951694
4,1631,0,0,0.05456394013429773
4,1641,0,0,0.000638571246078284
4,1650,0,0,0.0018170818880012894
4,1652,0,0,0.01211852666739381
4,1656,0,0,0.00026011124253328685
4,1657,0,0,0.002234955767669459
4,1668,0,0,0.3244132146798295
4,1669,0,0,0.034291596743510434
4,1683,0,0,4.677763486124158e-05
4,1689,0,1,0.8413180869270598
4,1693,0,0,0.07751333307159201
4,1697,0,1,0.6817001066933408
4,1698,1,0,0.3280384602799064
4,1702,1,0,0.15612880817528868
4,1703,1,0,0.3077439823812377
4,1705,0,0,0.003833404340927501
4,1706,1,1,0.7149221333042388
4,1707,1,0,0.2814027432152334
4,1708,1,1,0.5960385469587646
4,1717,1,1,0.9551440897707316
4,1724,0,0,0.00012136720026716412
4,1727,0,0,0.06761366857416215
4,1735,0,0,0.01106435840670554
4,1736,1,1,0.9806762235072726
4,1740,0,0,0.004247473550451637
4,1742,0,0,0.15068732568576892
4,1744,1,1,0.8470147040600264
4,1749,0,0,0.010704230601513145
4,1759,0,0,0.002567897088502498
4,1768,0,0,0.14143025317131827
4,1776,0,0,0.0037919037739642006
4,1784,0,0,0.0704515963117918
4,1786,0,0,0.032571060918730584
4,1793,0,0,0.30063473989298595
4,1794,0,0,0.0005902310645373854
4,1797,0,0,0.0005783887841454668
4,1801,0,0,0.15462350923261217
4,1804,0,0,0.1424946406534683
4,1813,0,0,0.056702805634701016
4,1815,1,1,0.9998433740424385
4,1818,0,0,0.05874049910481654
4,1824,1,1,0.8333981106862784
4,1826,0,0,0.005104070640045493
4,1827,0,0,0.0629847999588238
4,1832,0,1,0.7495070638685914
4,1834,1,1,0.6748805168187824
4,1842,0,0,0.019368324808006734
4,1861,0,0,0.0001834621103305281
4,1864,0,0,0.2191599919293373
4,1868,0,0,0.019382202913491308
4,1869,1,0,0.2248083736865694
4,1874,0,0,0.007145262659123824
4,1881,0,1,0.9717836960168837
4,1882,0,0,9.213134755352501e-05
4,1890,1,1,0.8360508935317971
4,1892,0,0,0.006029735621267209
4,1898,1,0,0.11904402667354455
4,1902,0,0,0.1760761926331422
4,1904,1,1,0.9582570385804228
4,1906,0,0,0.0034121744543753924
4,1908,0,0,0.000645809003110637
4,1909,0,0,0.0016485367360274375
4,1939,1,1,0.6740524645316198
4,1940,0,0,0.020281013322755403
4,1941,0,0,0.15071325411466643
4,1948,0,0,0.04445216067633619
4,1956,0,0,0.00013669232928510921
4,1958,1,1,0.9717449983362789
4,1964,0,0,0.034525923004261536
4,1968,1,1,0.990286345146683
4,1981,1,1,0.7970009755210443
4,2003,0,0,0.0007989687656285701
4,2004,0,0,0.04544026033385616
4,2008,0,0,0.35165986197469673
4,2017,0,0,0.0006345359067102698
4,2019,0,0,0.015528940202161369
4,2033,1,1,0.9801596189721598
4,2037,1,1,0.9929367354227386
4,2040,0,0,0.002692411995960555
4,2042,0,0,0.2768055828435245
4,2060,0,0,8.460636143668334e-05
4,2061,0,0,0.45137003472761594
4,2073,0,0,0.0018381642753642164
4,2078,0,0,0.20341675666122933
4,2080,1,1,0.5125393703431805
4,2082,0,0,0.0061614044867789285
4,2083,0,0,0.14124482853265277
4,2086,1,1,0.8851865186028245
4,2093,1,1,0.9324363844419845
4,2094,0,0,0.005118325578490165
4,2096,0,0,0.061529689863540536
4,2104,0,0,0.00030507068062811496
4,2109,0,1,0.9095480249845511
4,2115,0,0,0.25879350646790816
4,2119,0,0,0.10227828622357661
4,2123,0,0,4.127183208351097e-05
4,2124,1,1,0.8957920348157199
4,2131,0,0,0.004776224216564773
4,2138,1,1,0.9799502676916557
4,2139,0,0,0.033811587636526946
4,2147,1,1,0.9814803791297797
4,2152,0,0,0.030134499307555008
4,2153,0,1,0.6072961769982236
4,2158,0,0,0.0002166847829704991
4,2160,0,0,0.002520366773702075
4,2174,0,0,0.0005038697488469147
4,2187,0,0,0.0014072139906213883
4,2188,1,1,0.8092482539558492
4,2193,0,0,0.008334248561781013
4,2196,0,0,0.2018948033249291
4,2203,1,1,0.9586267821005277
4,2204,0,0,0.001255599210091714
4,2207,0,0,0.18127128935506498
4,2211,0,0,0.13058430032151558
4,2213,0,0,0.0003227713177784124
4,2215,0,0,0.07310035181833378
4,2217,0,1,0.5862036867399057
4,2220,0,0,0.22945455885393404
4,2229,1,1,0.8710060674565298
4,2230,0,0,0.00011543696861268151
4,2232,0,0,0.27468626227580567
4,2235,0,0,0.002097312602712714
4,2241,0,1,0.5575292800766385
4,2246,0,0,0.06137820879817423
4,2253,1,0,0.3880109458825864
4,2265,1,0,0.03590952034842075
4,2268,0,0,0.468272444883012
4,2269,0,1,0.6736514693439231
4,2270,0,0,0.01028342061258573
4,2272,1,1,0.8800134549306761
4,2274,0,0,0.0036335155782714354
4,2276,1,1,0.9903430813263165
4,2277,0,0,0.0002442977763841142
4,2278,0,0,0.3751181722289864
4,2283,1,1,0.9358126922378412
4,2296,1,0,0.10195050857256448
4,2298,0,0,0.07305627419650755
4,2310,1,1,0.9325205371861462
4,2316,0,0,0.014564699771924433
4,2321,0,1,0.5536273692598501
4,2333,0,0,0.046911576740481443
4,2338,0,0,0.001400689589465009
4,2340,1,0,0.35992201712088184
4,2356,0,0,0.022545488854113484
4,2357,0,0,0.13648704701127864
4,2361,1,1,0.6020462744843412
4,2370,0,1,0.9768465818944545
4,2377,0,0,0.0005325017042576061
4,2380,1,1,0.90303993556274
4,2383,0,1,0.6695520734033783
4,2387,0,0,1.8846253114301683e-05
4,2391,0,0,6.492561009216474e-05
4,2393,0,0,0.018758724790502102
4,2396,0,0,0.25770525065016464
4,2400,0,0,0.007350932760169818
4,2404,0,0,0.05283343630318908
4,2406,0,0,0.039272933171630976
4,2417,0,0,0.01356224135087907
4,2436,0,0,0.09706858401217558
4,2443,1,0,0.3720063550246766
4,2446,1,1,0.6623200826491836
4,2447,0,0,0.3278745902410685
4,2457,1,1,0.9962594651730177
4,2460,0,1,0.6273965832233928
4,2461,0,0,0.00045416934462179294
4,2463,0,0,0.041063956708170646
4,2471,1,1,0.8690512226413258
4,2472,0,0,6.98032913911813e-05
4,2483,1,1,0.9762872514911977
4,2485,1,0,0.2544820550024258
4,2487,0,0,0.0003503269918292872
4,2489,0,0,0.012913342401719189
4,2493,0,0,0.00010389916252166311
4,2498,1,1,0.8345513785078488
4,2509,1,1,0.7925142127547584
4,2510,0,0,0.0046421057305811786
4,2511,0,0,0.0025020840412592147
4,2513,0,1,0.7452093173227371
4,2520,0,0,0.0006200829394303333
4,2522,1,0,0.08272201191785909
4,2523,0,0,0.0537391636534229
4,2531,0,0,0.059121097205595684
4,2535,0,0,0.011731024851936387
4,2545,0,0,0.03839951688505374
4,2547,1,1,0.8190442854678865
4,2566,0,0,0.0015763387749559595
4,2567,0,0,0.0036987258449786295
4,2568,0,0,0.24561293012026908
4,2575,0,0,0.004056441193230354
4,2579,0,0,0.02002798795835606
4,2580,0,0,6.563040918626757e-05
4,2586,0,0,0.001671822159585359
4,2599,0,1,0.5716483123381868
4,2612,0,0,0.011174005195308204
4,2619,0,0,0.0005116228182063733
4,2625,0,0,0.33497691012408737
4,2630,0,1,0.6728198218858277
4,2635,0,0,0.024608444353390727
4,2639,1,1,0.8473953930048804
4,2644,0,0,0.05158947518160175
4,2645,0,0,0.0486074980185682
4,2647,0,0,0.023707587476551748
4,2649,0,0,0.0006210332098707297
4,2653,0,0,0.013684908096726347
4,2658,0,0,0.12378652544241563
4,2661,0,0,0.03498944419285652
4,2669,0,0,0.0036224550541244407
4,2674,0,0,0.01153988599536606
4,2678,0,0,0.2403573965319997
4,2684,1,1,0.997902050741548
4,2693,1,1,0.992008614252718
4,2696,0,0,0.00023599139115520606
4,2704,1,0,0.48515258554736906
4,2705,0,0,0.00014225833669913562
4,2709,0,0,9.833811718778592e-06
4,2725,0,0,0.016595204352077696
4,2726,0,0,0.008907440184835509
4,2728,0,0,0.005736007787635406
4,2734,1,0,0.10454285411585244
4,2745,1,0,0.08316003350335067
4,2747,0,0,0.033306124483847364
4,2751,0,0,0.00291498467883926
4,2756,1,1,0.7525638383753523
4,2762,0,0,0.002117435808796501
4,2764,0,0,0.0010498887588673562
4,2768,0,0,0.0001037875840709114
4,2778,1,1,0.9359843201374656
4,2781,1,1,0.9632763676794505
4,2787,1,1,0.9593545189036242
4,2792,0,0,0.001955996391497346
4,2810,0,0,0.0001410971879443646
4,2820,0,0,0.007758539219447413
4,2828,0,0,0.0021745774992625753
4,2832,0,0,0.01900356812371925
4,2839,0,0,0.043460812332409726
4,2844,0,0,0.001285146678614887
4,2849,0,0,0.02943750546973197
4,2851,1,1,0.9548634989400342
4,2852,0,0,0.00035698696840717975
4,2874,0,0,0.007950200676575375
4,2879,0,0,0.010279754514356466
4,2882,0,0,1.4135886898298264e-05
4,2885,0,0,0.007737587320543618
4,2894,0,0,0.000510060273865664
4,2896,0,1,0.6664932068275777
4,2901,0,0,0.424859381532235
4,2912,0,0,0.0035488510432895525
4,2916,0,0,0.14463004248312541
4,2932,0,0,0.3080001658320165
4,2934,0,0,0.0002965665954855535
4,2937,1,1,0.9584881394559557
4,2939,1,1,0.9547672738359504
4,2940,0,0,0.1531869642395663
4,2949,1,1,0.9896393704770401
4,2961,0,0,0.003005051230142758
4,2964,0,0,0.006958786726651397
4,2965,0,0,0.18656703598701632
4,2967,0,0,0.11593700849394326
4,2994,1,1,0.974952049662579
4,2995,0,0,0.00033594310356305544
4,3001,0,0,0.18930588146906385
4,3015,0,0,1.9399728709243885e-05
4,3027,1,1,0.6371790566672328
4,3028,0,0,0.017871343079144956
4,3029,0,0,0.003969890926729015
4,3033,0,0,0.010911101332805949
4,3040,1,1,0.9232202302615732
4,3053,0,0,0.4377731130118423
4,3056,0,0,0.3243957986097406
4,3059,1,1,0.7824940945669847
4,3061,0,0,0.29015085562985504
4,3062,0,0,0.017813318421129744
4,3065,0,0,0.023438078810471687
4,3073,0,0,0.0009229833327896643
4,3076,0,0,0.2625327550884696
4,3079,1,1,0.9728830637339988
4,3080,0,0,0.0022162814885483837
4,3081,0,0,0.047357211274252714
4,3088,0,0,0.08273791198044239
4,3097,1,1,0.8821155815781663
4,3099,0,0,0.011635322833411461
4,3109,0,0,0.014513247665578927
4,3110,0,0,0.2251370702768113
4,3117,0,0,1.7426402965022667e-05
4,3132,1,1,0.8632862281580157
4,3133,0,0,0.00010654181732689954
4,3136,0,0,0.11250981428945075
4,3140,0,0,0.02543260871296045
4,3142,1,1,0.780982402790411
4,3160,0,0,0.006077421417385012
4,3163,0,0,0.17481338598166427
4,3168,0,0,0.11995906451011672
4,3179,0,0,0.002355070928083169
4,3185,0,0,0.025380505641113948
4,3196,0,0,0.013743654812031684
4,3206,1,1,0.9882089026585404
4,3207,0,0,0.2022390993547473
4,3211,1,1,0.9105496363111636
4,3212,1,1,0.9926954488522901
4,3213,1,1,0.9780346685928011
4,3221,1,0,0.010028768819021573
4,3229,0,0,0.0019729745671759106
4,3236,0,0,0.035929254382829075
4,3237,0,0,0.16781757907263775
4,3244,0,0,0.0009376817411840798
4,3245,0,0,0.01963558760918408
4,3246,0,0,0.003002985398176404
4,3248,0,0,0.03934723911057453
4,3270,0,0,0.03608536983292955
4,3277,0,0,0.45330576095809644
4,3287,0,0,0.0026264094084116484
4,3288,0,0,0.001435642310726622
4,3294,0,0,0.1552650372346346
4,3298,1,1,0.9354807764646472
4,3301,0,0,0.00042865493479290437
4,3307,0,0,0.002020725134692838
4,3308,0,0,0.1235666072236448
4,3310,0,0,0.0005298380003271821
4,3312,0,0,0.011585414477497717
4,3314,0,0,0.00020403019428813217
4,3345,0,1,0.9343492073367959
4,3347,1,1,0.8179117835852221
4,3358,0,1,0.8004847460294517
4,3365,0,0,0.02226501809500225
4,3368,1,1,0.7779796411944928
4,3374,0,0,0.005603871247160304
4,3382,0,0,0.003982541168293036
4,3396,1,1,0.721680121990613
4,3398,0,0,0.11358712537604251
4,3406,0,0,6.15484076869865e-05
4,3407,0,0,0.13805046280533878
4,3410,0,0,0.006744229149137793
4,3411,1,1,0.7080079005146649
4,3419,1,1,0.6258447399513457
4,3421,0,1,0.6419081976165979
4,3422,0,0,0.2254206283635569
4,3423,0,0,0.00021717051262435397
4,3424,0,0,0.051212445692662895
4,3429,1,1,0.624697310047207
4,3437,0,0,0.005039604696660869
4,3439,1,1,0.9529675265670909
4,3441,0,0,0.0007468689685649107
4,3447,0,0,0.4424245858418062
4,3451,0,1,0.6576159094069048
4,3454,0,1,0.6512230640518207
4,3467,0,0,0.00011734051757200428
4,3475,0,0,0.19620794353219168
4,3477,0,0,0.0030502777854480427
4,3480,0,0,0.046365215788228095
4,3482,0,1,0.5032594494755681
4,3491,0,0,0.2158188748692502
4,3504,0,0,0.2314921881808384
4,3506,0,0,0.11561499048601559
4,3509,0,1,0.7912035123764205
4,3511,1,0,0.15262300658503647
4,3512,0,0,0.00020697249702884672
4,3513,0,0,0.02411466749045958
4,3516,0,0,0.0007460461755254728
4,3518,1,1,0.9984757301209549
4,3525,0,0,0.00042850542827366293
4,3528,0,0,0.061549529624972066
4,3531,0,0,0.07541861921550835
4,3533,0,0,4.7031046290055445e-05
4,3536,0,0,0.023828444031130522
4,3541,0,0,0.01317634694750179
4,3548,0,0,0.04049199360523008
4,3559,0,0,0.16284081402779613
4,3578,0,1,0.8639704287200467
4,3580,0,0,0.0032824426853427006
4,3590,0,0,0.40272320525058075
4,3604,1,1,0.9779284469803129
4,3606,0,0,0.06707446466744832
4,3611,0,0,0.0024411577994763738
4,3616,0,0,0.013694793023485148
4,3617,0,0,0.0004045023340167444
4,3632,1,1,0.6496416644648207
4,3633,0,0,0.00443218892604868
4,3635,0,0,0.006394860898209989
4,3636,0,0,0.011518151537989709
4,3639,0,0,0.3952065739785226
4,3641,1,1,0.8741302664965098
4,3644,1,1,0.6896545725432065
4,3645,0,0,0.24337306637066575
4,3658,0,0,0.04747042341001996
4,3659,0,0,5.144178409200344e-07
4,3666,0,0,0.216741007923624
4,3669,0,1,0.7240999166357894
4,3689,1,1,0.9928564028161934
4,3690,0,0,7.206106913611789e-05
4,3696,0,0,0.0019817865762308574
4,3701,1,1,0.9227115444385259
4,3705,1,1,0.9935581855030912
4,3706,1,0,0.1470418335901099
4,3711,0,0,0.136922242406866
4,3713,0,1,0.6659262265760255
4,3717,0,0,0.013057366696391126
4,3718,0,0,0.009843878322023405
4,3719,1,1,0.8696095673121782
4,3723,0,0,0.05253347068422568
4,3728,0,0,0.3078838414880185
4,3729,0,0,0.0006865580608552444
4,3735,0,0,0.0009522810879882922
4,3738,0,1,0.7327278237784248
4,3741,0,0,0.0009341280870654269
4,3742,0,0,0.0004162720230912977
4,3753,1,1,0.9660139241035581
4,3757,1,0,0.07809415157661626
4,3765,0,0,0.0620781402933065
4,3771,0,0,0.05343217573695271
4,3775,0,1,0.9581515640829174
4,3793,0,0,0.1834045499057124
4,3797,0,0,0.03665582239278216
4,3804,0,0,6.266306346941936e-05
4,3816,1,1,0.8004229544008997
4,3817,0,0,0.01777251567247846
4,3820,0,0,0.0023517536028944664
4,3822,0,0,0.0031065570064594396
4,3823,0,0,0.0012307897588723418
4,3826,0,0,5.2588015317403865e-06
4,3836,0,0,1.3156465401591483e-05
4,3846,1,1,0.9926530018382994
4,3847,0,1,0.729155228438555
4,3849,0,0,0.010945113940864384
4,3860,1,1,0.9538617535720674
4,3864,0,0,0.0030748526628555455
4,3866,1,1,0.9852549687461094
4,3873,1,1,0.8682312448069449
4,3878,0,0,0.0020303030184315113
4,3882,0,0,0.21724956593444897
4,3888,0,0,0.09131050877335216
4,3892,0,0,0.03753755410813047
4,3897,1,1,0.9083317743748276
4,3904,0,1,0.7228846728500425
4,3907,0,0,0.001973137451323987
4,3919,0,0,0.00605543147332712
4,3933,0,0,0.18969300297982297
4,3939,0,0,0.3410181315370824
4,3941,1,1,0.9608928438109766
4,3945,0,0,0.12647025112266416
4,3953,0,0,0.001733096956452779
4,3954,0,0,0.000693222707103503
4,3955,0,0,0.0023477151588610612
4,3958,0,0,0.00011516678388045476
4,3959,0,0,0.23070073384788925
4,3963,1,1,0.9749236542580153
4,3964,1,1,0.9262013399046799
4,3979,0,0,0.00023425268500699157
4,3982,0,0,0.0044396293225191785
4,3985,0,0,0.05311061084308791
4,3990,0,0,0.3918235614961067
4,3992,1,1,0.9247598466435636
4,3994,0,0,0.006368856105577325
4,4003,0,0,0.0011915064171908434
4,4005,1,1,0.8077918002386665
4,4008,0,0,0.10399238909743869
4,4015,0,0,0.12202210262063201
4,4018,1,1,0.615877570998217
4,4026,1,1,0.8899769508237027
4,4030,0,0,0.0025446705277549744
4,4033,0,0,9.614523824067064e-05
4,4036,1,1,0.9767909913319512
4,4041,0,0,0.02699087991656124
4,4043,0,0,0.023584987862949405
4,4048,0,0,0.12857415352436713
4,4055,0,1,0.5177303588705079
4,4063,0,0,4.673102145028528e-05
4,4068,0,0,0.0005036367481488389
4,4083,0,0,0.061956435816678194
4,4084,0,0,0.013263825731711193
4,4092,0,1,0.6131162038236453
4,4099,0,0,0.05845591192553331
4,4101,1,0,0.3579944503961252
4,4106,0,0,0.070542034450924
4,4110,0,0,0.1784137201879748
4,4114,0,0,7.121303714301008e-06
4,4128,0,1,0.7641167937526613
4,4135,1,1,0.9407202766561247
4,4138,0,0,0.3110230962082258
4,4151,1,0,0.47472487968938304
4,4152,1,1,0.9610161407339428
4,4164,0,0,0.07818092133366684
4,4166,1,1,0.5183830637274629
4,4172,1,1,0.9994210057045222
4,4179,1,1,0.9807520193990246
4,4190,0,0,0.020003778253448644
4,4192,0,0,0.17201667378425703
4,4201,1,1,0.9785114991608806
4,4204,0,0,0.015046583090574864
4,4207,1,0,0.3419438935113496
4,4211,1,1,0.9570065374056149
4,4214,0,0,0.04236705681707978
4,4222,0,0,0.01645022701430079
4,4230,1,1,0.6855308539601442
4,4232,1,1,0.9228515838686044
4,4247,0,0,0.007593361002366923
4,4257,0,0,0.4570793694042177
4,4263,1,1,0.8101388366468476
4,4266,0,0,0.054742911823432945
4,4272,0,0,0.174712185781146
4,4278,0,0,0.10775401161983515
4,4279,0,0,0.45611240462663966
4,4293,0,0,0.22672902139026418
4,4295,0,0,0.0035626744787272896
4,4298,0,0,0.0005282270850554637
4,4301,0,1,0.6885137041409636
4,4302,0,0,0.01375515426231363
4,4305,1,1,0.6517747698331701
4,4306,0,0,0.0005254007616979284
4,4312,0,0,6.7760312749634e-05
4,4319,0,0,5.2862224121532676e-05
4,4337,0,0,0.03793454513326345
4,4343,1,1,0.8251811286372629
4,4351,0,0,0.026276660185234453
4,4361,0,0,0.22203521903422854
4,4381,0,0,0.006774948128182695
4,4389,0,1,0.7634285351421093
4,4391,0,0,0.0011651230588966249
4,4401,0,0,0.016330772021410214
4,4412,0,0,0.01624943063454026
4,4415,0,0,0.1791028402675882
4,4420,0,0,0.0004913224896013215
4,4426,0,1,0.6708597258760969
4,4427,1,1,0.8804537293709218
4,4428,0,0,0.013899493801082383
4,4436,0,0,0.13609417072115865
4,4439,0,0,0.11222152497031185
4,4444,0,0,0.0003084961291310019
4,4459,0,0,0.45284711474610123
4,4460,1,1,0.9703024767467701
4,4461,1,1,0.7070186278691031
4,4463,0,0,0.41940056429738437
4,4481,0,0,0.01960683443519637
4,4485,0,0,0.002041980908558905
4,4495,0,0,4.155928113959597e-05
4,4496,0,0,0.0023549112889845432
4,4497,0,0,0.008295904578052044
4,4499,0,0,0.004425989178709728
4,4501,0,0,0.01790228033689295
4,4512,0,0,0.022362132691072647
4,4513,1,0,0.43722614706347107
4,4518,0,0,0.03443258409903316
4,4520,0,0,0.03285549188518679
4,4533,1,1,0.8822467937863152
4,4538,0,0,0.23086518293236588
4,4539,0,0,0.05168535820522802
4,4543,1,0,0.2399735443637844
4,4545,1,1,0.9088550293602974
4,4547,0,0,0.23864420417358403
4,4554,0,0,0.03609687212855393
4,4555,0,0,9.167663227419906e-05
4,4556,0,0,0.00017264902473926425
4,4561,0,0,0.012428654857138167
4,4566,0,0,0.14093525316476785
4,4568,0,0,0.006514930675580263
4,4579,0,0,0.013855712792914235
4,4585,0,0,0.018786869138951123
4,4603,1,1,0.9727670092397669
4,4604,0,0,0.146926772198081
4,4605,1,1,0.7659427188943893
4,4609,0,0,0.13425294767192517
4,4613,1,1,0.7867910291887372
4,4616,0,1,0.9210798037942114
4,4619,0,0,0.006852831343813955
4,4625,0,0,0.03889538475887424
4,4629,0,0,0.10157905114880794
4,4637,1,1,0.9994224791665011
4,4638,1,1,0.9151256474498863
4,4639,1,0,0.13066044272072136
4,4656,0,0,0.0014304298123326948
4,4660,1,0,0.28381062503861776
4,4661,0,0,0.00696009036310926
4,4668,0,0,0.001427267450678156
4,4670,1,1,0.9546497068214427
4,4674,0,0,0.0028242001286009895
4,4676,0,0,0.00032524018249718677
4,4682,0,1,0.6944450982397943
4,4683,1,0,0.24935838283798686
4,4684,0,0,0.20917187179281138
4,4691,0,0,0.0017350904827313216
4,4719,0,0,0.08944233350058449
4,4721,0,0,0.0006829424869126105
4,4723,1,1,0.9699815479795081
4,4724,1,1,0.9998448305592018
4,4728,0,1,0.6727112209159312
4,4730,0,0,0.000268376646338367
4,4735,0,0,0.18130870269388333
4,4738,0,0,0.011240379535061011
4,4746,0,0,0.2203991634600136
4,4761,0,0,0.006381844975453741
4,4770,0,0,3.528768709481157e-05
4,4771,0,0,0.10619158562177256
4,4772,1,1,0.7739937135589033
4,4775,0,0,0.04503260458930846
4,4783,0,0,0.12116082702480296
4,4798,0,0,0.0011070220221018547
4,4799,0,0,0.0017228566620362366
4,4803,0,0,6.800045503906895e-05
4,4806,0,1,0.7354531934439417
4,4808,0,0,0.037606559287116544
4,4811,0,0,4.76605760499088e-06
4,4815,0,0,0.2251587045637801
4,4816,0,0,0.0001458495782940762
4,4817,0,1,0.9041074610730765
4,4822,0,0,0.011939400840065457
4,4840,0,0,0.00035354950974568407
4,4841,0,0,0.003209600309737261
4,4842,1,0,0.36015679019333574
4,4848,1,1,0.9997135680392666
4,4849,1,1,0.9794919987289771
4,4874,0,0,0.14809353305282977
4,4875,0,0,0.037129558543903346
4,4892,0,0,0.14828364476197753
4,4896,0,0,0.1448367826580587
4,4897,0,0,0.005216460788786988
4,4906,1,1,0.9848835088233564
4,4917,0,0,0.06379174565806812
4,4918,0,0,0.0031678165472191124
4,4919,0,0,0.0005150616578252873
4,4922,0,0,0.004754550162540964
4,4923,1,1,0.9909340349899319
4,4933,0,0,0.0014926390956483625
4,4938,0,0,0.022613963999769372
4,4939,1,1,0.936735148827228
4,4948,0,0,0.0007733002856442109
4,4952,0,0,0.049941947334462986
4,4957,0,0,0.0008268217545627386
4,4960,0,0,0.005550730459310285
4,4967,0,0,0.04957362666698505
4,4971,0,0,0.016298545126806986
4,4978,0,0,0.014392966714912228
4,4992,0,0,0.006962281245037904
4,4994,1,0,0.4409084683619372
4,4999,0,0,0.41199860741817457
4,5006,0,0,0.0003623026226655881
4,5009,0,0,0.2035557239808877
4,5010,1,1,0.5176530800122187
4,5014,0,0,0.14490277911507193
4,5017,0,0,0.005065763607501225
4,5019,0,0,0.26166254028922387
4,5020,0,1,0.8297257678286954
4,5023,1,1,0.9046600475434414
4,5041,0,0,0.000326862190755774
4,5043,0,1,0.8464057260283779
4,5045,0,0,0.04407261313589875
4,5049,0,1,0.9355256023504087
4,5052,0,0,0.03191303905261666
4,5053,0,0,0.1104697726594677
4,5057,0,0,0.011348231426914506
4,5060,0,0,0.005307062052421663
4,5061,0,0,0.0002912896415946887
4,5063,0,0,0.03401876508834598
4,5068,0,0,0.3123988552058945
4,5070,0,0,0.1983952286564062
4,5082,0,0,0.0014600723948153243
4,5087,1,1,0.957796723519385
4,5095,0,0,0.014205462475415577
4,5096,0,0,0.029074465802664873
4,5097,1,0,0.03005793295221288
4,5111,0,0,0.02817470270672631
4,5117,1,1,0.9932539685058275
4,5134,0,0,0.002705556022974091
4,5143,0,0,0.039425632160170046
4,5145,1,1,0.7036864104521284
4,5151,0,0,0.039589744180153486
4,5152,1,1,0.9624600600327676
4,5156,0,0,0.33375962831325606
4,5158,1,1,0.9979314499956662
4,5166,0,0,0.0013640631320400564
4,5168,0,1,0.6872354094760068
4,5170,0,0,0.0008325650900738608
4,5177,0,0,0.3723879256581049
4,5186,1,1,0.9706731890127489
4,5188,0,0,0.10333183732838323
4,5191,0,0,0.17394537871055699
4,5198,1,1,0.8442669816257895
4,5203,0,0,5.935236055959759e-05
4,5204,0,0,0.003743068759165389
4,5209,1,1,0.9517183756925729
4,5221,1,1,0.9705556113263916
4,5227,0,0,0.00024927222735425015
4,5236,0,1,0.7255604157247886
4,5245,1,0,0.0011771954846815913
4,5248,0,0,0.4222255894460143
4,5249,0,0,0.00036436474553695107
4,5259,1,1,0.8914390162235707
4,5263,0,0,0.0001397351866283013
4,5267,0,0,0.0056670947612015455
4,5269,1,1,0.926810826226861
4,5274,0,0,0.0076810578351782155
4,5282,1,1,0.9661837157170515
4,5285,0,0,0.010407822679686408
4,5294,0,0,0.08323364449829308
4,5303,0,0,0.00854852211050185
4,5304,0,0,0.12558717794285057
4,5308,0,0,0.2298840199254644
4,5309,0,0,0.0015884036640864251
4,5318,0,0,0.0783630128110143
4,5343,0,0,0.21794556404645632
4,5344,0,0,0.002174877310181849
4,5359,0,0,9.164983408819127e-05
4,5362,0,1,0.8236761239985038
4,5367,0,0,0.025766014655633065
4,5370,1,1,0.6399977163868487
4,5374,0,0,0.2988414176926865
4,5383,0,0,0.0020387847969236066
4,5388,0,0,0.06381823180052801
4,5395,0,0,0.16383591996548272
4,5402,0,0,0.015865128828133856
4,5403,0,0,0.09578634537983433
4,5408,0,0,0.003009715919939111
4,5412,1,1,0.7221670861460128
4,5413,0,0,0.0038979054463944346
4,5431,0,0,4.2260607077514254e-05
4,5434,0,0,0.004594118385063383
4,5437,0,0,0.0224861429498615
4,5441,1,1,0.9333586491284225
4,5445,0,0,0.01913609921291928
4,5448,0,0,0.30253485087662696
4,5461,0,0,0.2133199750368131
4,5465,0,0,6.998099471281063e-06
4,5480,1,1,0.7051875627882187
4,5481,0,0,0.1264770370933589
4,5493,0,0,0.0067074396312303665
4,5500,0,0,0.4243229616452192
4,5501,0,0,0.0005475395668240666
4,5503,0,0,0.0038703900367660737
4,5504,1,1,0.7553067124809502
4,5512,0,0,0.0003467542120752756
4,5520,1,1,0.9300973554189462
4,5523,1,1,0.9373197678407079
4,5530,0,1,0.6705737903254094
4,5535,0,0,0.1579744583015185
4,5536,0,0,1.3141886669724842e-05
4,5547,1,1,0.8878841968305011
4,5559,0,0,0.0224496736080004
4,5560,0,0,0.011734930746317868
4,5573,0,1,0.9717189914992094
4,5574,0,0,0.025946287930817144
4,5575,0,0,5.031303524067612e-05
4,5581,0,0,0.008666998248017985
4,5592,0,0,0.38037827343826086
4,5596,0,0,0.08983850048946924
4,5612,0,0,0.00033973271340532
4,5616,0,0,0.09440050378676107
4,5622,0,0,0.0012100464333563948
4,5626,1,1,0.9878572117711313
4,5628,0,0,0.001005571473564036
4,5629,0,1,0.710867410149089
4,5634,0,0,0.006472145281634326
4,5635,0,0,0.35585888657498915
4,5641,0,1,0.8217054885906051
4,5648,0,0,0.0006584128425650158
4,5649,0,0,0.0018397523778818192
4,5650,0,0,0.01773440207912142
4,5657,1,1,0.8907779287829114
4,5662,0,0,0.25404362480012915
4,5669,0,0,0.01011203306648315
4,5675,1,1,0.9432418260208292
4,5679,0,1,0.9488522843006748
4,5685,0,0,0.03804331618248697
4,5689,0,1,0.6278363613353614
4,5698,1,0,0.06366587225157228
4,5699,1,1,0.9182315502632342
4,5702,0,0,0.4382882881900072
4,5704,0,0,0.026009899302895854
4,5707,0,1,0.5699336256868761
4,5708,0,1,0.7843402988553404
4,5709,0,0,0.017396420486692994
4,5710,1,1,0.8120128050684403
4,5716,0,0,0.0020389289163253907
4,5717,0,0,0.32794830751003756
4,5719,0,0,1.0242337553220464e-05
4,5724,0,0,0.00024678021131898547
4,5725,1,1,0.8308269332593315
4,5733,0,0,0.010665786321414926
4,5739,0,0,0.02642622682161257
4,5744,0,0,0.08625830426581779
4,5748,1,1,0.8930244068911332
4,5756,0,0,0.28739780676326526
4,5760,0,0,0.06877718901019254
4,5762,0,0,0.13869352701713078
4,5768,0,0,0.00342598735838533
4,5772,0,0,0.08645778087559124
4,5775,1,1,0.7377595811642814
4,5778,0,1,0.6142219516973721
4,5782,0,0,0.236197622384759
4,5790,1,1,0.9283716321871931
4,5791,0,0,0.00654731331948548
4,5792,0,0,0.4950448337929997
4,5793,0,0,0.00016819061864364554
4,5803,0,0,0.026991595381751075
4,5817,0,0,0.00010778927853733071
4,5821,0,0,0.04168009781056802
4,5827,1,1,0.9314968228673158
4,5828,0,0,0.07283000681018995
4,5834,0,1,0.6955902333634821
4,5838,1,1,0.7699964681494484
4,5839,0,1,0.9164838498520472
4,5841,0,0,0.006448763347152408
4,5847,0,0,0.20518622097356848
4,5851,1,1,0.9437248707487479
4,5853,0,0,0.07710251416027991
4,5854,0,0,0.0006391007614984311
4,5861,0,0,0.0020560517765643546
4,5862,1,1,0.9791463306161445
4,5865,0,0,1.2260008789893302e-05
4,5866,0,0,1.6783971173957055e-05
4,5867,0,0,9.725681719313869e-06
4,5873,0,0,0.0019038853384619042
4,5880,0,0,6.236753499478383e-05
4,5887,0,0,0.00016009129459082416
4,5891,0,0,0.016502396341260654
4,5898,0,0,0.1095246409037958
4,5904,0,0,0.0032187451439172872
4,5905,0,0,0.02328192213310458
4,5907,1,1,0.9904234161195895
4,5908,0,0,0.008892524327413168
4,5914,0,0,0.0026491247858509825
4,5923,0,0,3.8531465487154174e-05
4,5926,0,0,0.4913885350604937
4,5927,1,1,0.9915176555151444
4,5931,0,0,0.1686738586497495
4,5933,0,0,0.17883351516460055
4,5934,1,1,0.9522003497361227
4,5936,0,0,0.021343395681935284
4,5951,0,0,0.03409848942590468
4,5952,0,0,0.005837424937703888
4,5956,0,0,0.0004506305151343208
4,5961,0,0,0.04619890047584246
4,5964,1,1,0.6357114897317108
4,5967,0,0,0.4459996733655477
4,5973,1,1,0.9854925135765834
4,5975,0,0,0.3901127899144922
4,5981,0,0,0.008124348480298797
4,5982,0,1,0.556368761330836
4,5984,1,1,0.9985803489435155
4,5995,0,0,0.022720549328294065
4,5996,0,0,0.035799206252004265
4,5999,0,0,0.0037525814836366295
4,6003,0,0,0.000521186304779121
4,6007,0,0,0.0008089397623278939
4,6013,1,1,0.7898271602235902
4,6014,0,0,0.0028362812632298996
4,6016,0,0,0.11214687725725553
4,6019,1,0,0.4154841741240384
4,6021,0,0,0.10277118315688263
4,6023,0,1,0.6754320872209284
4,6027,0,0,0.0006511796524192345
4,6030,0,0,8.056085857452319e-05
4,6032,0,0,0.048858282109030184
4,6043,0,0,0.0008726615884275903
4,6044,0,0,0.0612204046253778
4,6045,0,1,0.8991050505513463
4,6054,0,1,0.6829293549410879
4,6059,1,1,0.9497772588929978
4,6063,0,0,0.0038854100899005342
4,6068,1,1,0.8651344424906743
4,6069,0,0,0.0004249392364457933
4,6073,0,0,0.02564400939840107
4,6075,0,0,0.00030730168633265965
4,6080,0,0,0.018830623359516248
4,6081,0,0,0.0006046228447282145
4,6083,1,1,0.5538603050322158
4,6086,0,0,0.1694774877727705
4,6092,0,0,0.006790549016498157
4,6093,1,1,0.9975377758021415
4,6101,1,0,0.49054988035941316
4,6102,1,1,0.9889464468928324
4,6110,0,0,0.30794142614175546
4,6111,0,0,0.003916603266106873
4,6113,0,0,0.04231272990643176
4,6114,0,0,0.0007286753711167774
4,6116,0,1,0.5723350590490173
4,6122,0,0,0.0004589964352584182
4,6126,0,0,0.08160922222653177
4,6134,0,0,0.007108016749481082
4,6136,1,1,0.9031283693210194
4,6140,0,0,0.0006174812498423753
4,6143,0,0,0.010983213343058084
4,6149,0,0,0.45164937291357315
4,6157,0,0,0.009083274941734892
4,6162,0,0,0.0013135064484747275
4,6165,1,1,0.9990685344315762
4,6166,0,1,0.7784453007011571
4,6170,0,1,0.7874855279307396
4,6171,0,0,0.3581447806630995
4,6175,1,1,0.6706544827382473
4,6181,0,0,0.008375490531704232
4,6192,0,0,0.16067218429657704
4,6197,0,1,0.7555641269792691
4,6199,0,0,0.29469162970932505
4,6201,0,0,0.15681813831049243
4,6219,1,1,0.6160436231359496
4,6224,0,0,0.00044965114968410845
4,6225,0,0,0.0014909705952823632
4,6226,0,0,0.0029455041098034518
4,6230,1,1,0.9907967072247005
4,6231,0,0,0.008236591573857496
4,6232,1,1,0.9788243150670538
4,6234,0,0,0.00014413701891634374
4,6236,1,1,0.9586181491322806
4,6242,1,0,0.002149458836701631
4,6252,0,0,0.1266107161127451
4,6256,0,0,0.006772261716605459
4,6261,0,1,0.941565930328207
4,6262,0,0,0.018187889987731784
4,6266,0,0,0.049671143671582194
4,6270,0,0,0.22068369397953452
4,6275,0,0,0.013892441148198416
4,6285,0,0,9.705387405850818e-05
4,6290,0,0,0.012738132230432487
4,6313,0,0,0.38665115877405626
4,6316,0,1,0.6757794578808766
4,6319,1,1,0.6738785746198442
4,6327,0,0,4.995235933342465e-05
4,6329,0,0,0.02734911283250054
4,6333,0,0,0.44786944097038617
4,6340,0,0,0.0278393711835263
4,6341,0,0,0.00019594468198032
4,6364,0,0,0.3942814151866175
4,6373,0,1,0.9282513404342787
4,6375,0,0,0.0016295252951067387
4,6376,0,0,0.03452316531175579
4,6385,0,0,0.021407839529488184
4,6386,0,0,0.041346451491882714
4,6388,0,0,0.15300639167017013
4,6390,0,0,0.04053795195214791
4,6400,1,1,0.9808097043717687
4,6408,0,0,0.3248724960091915
4,6409,1,1,0.9739599858107756
4,6412,0,0,0.042024039210600925
4,6424,0,1,0.8237017026774065
4,6428,0,0,0.0015033079024089524
4,6437,0,0,0.0002186127330162416
4,6438,0,1,0.558077885762294
4,6440,0,0,0.0007171963509896122
4,6444,0,0,0.021090937507074883
4,6452,1,1,0.8406348526524701
4,6457,0,0,0.002414575093281052
4,6464,0,0,0.19660648106202136
4,6466,1,1,0.7614107508237115
4,6469,1,1,0.9923037312621388
4,6473,0,0,0.006932972313891858
4,6474,0,0,0.00036916021361645785
4,6476,1,1,0.9033808077911304
4,6478,0,0,0.05532142489307441
4,6481,0,0,0.07960509816856895
4,6484,0,0,0.0012260296492336274
4,6485,0,0,0.003024007369844867
4,6489,0,0,0.0008237698090264403
4,6492,0,0,0.06494583721046612
4,6495,1,1,0.9408163642951124
4,6507,0,0,0.0008302781449207792
4,6519,0,0,0.0017763784113417962
4,6523,0,0,0.01103329749334867
4,6525,0,0,0.014233652781877012
4,6526,0,0,0.0074694658293104925
4,6530,0,0,0.0010350969533298724
4,6535,0,1,0.7020107303941879
4,6537,0,0,0.001932459569739888
4,6539,0,0,0.031311131523122204
4,6542,0,0,0.009975491935965228
4,6544,1,1,0.9537078297243945
4,6547,0,0,0.019483518724236447
4,6551,0,1,0.9757574293566632
4,6559,0,0,0.0038374865114262813
4,6560,1,0,0.012905932573250801
4,6564,0,0,0.009808998688139491
4,6582,0,0,0.004727049657050069
4,6592,1,1,0.9954348206473443
4,6595,0,0,0.007172042301828373
4,6596,0,0,0.008141053029137299
4,6598,1,1,0.9959972862193116
4,6599,1,0,0.42928329894598666
4,6600,1,0,0.12416972972987961
4,6605,0,0,0.01013302758916524
4,6606,1,1,0.6233909369385034
4,6608,0,0,0.41980573919154696
4,6609,0,0,0.011052025934613482
4,6632,0,0,1.0719500359184643e-05
4,6636,0,1,0.618217221410365
4,6645,0,0,0.0026469939469285393
4,6655,0,0,0.08490446168167769
4,6659,1,1,0.6087899674809509
4,6660,0,0,0.0003189753911995277
4,6661,0,0,0.006420054731337225
4,6670,0,1,0.6317790810699344
4,6683,0,0,0.32236271787614523
4,6684,0,0,0.13850774277038752
4,6686,1,1,0.5268106254069922
4,6694,0,0,0.4128225624666827
4,6699,0,0,1.8790772358840117e-05
4,6710,0,1,0.5388297685426994
4,6719,0,1,0.8135903430967045
4,6726,0,0,0.03117018507424332
4,6727,0,0,6.507874239513422e-05
4,6733,0,0,0.006455684552684358
4,6734,0,0,0.00014331876274819132
4,6736,0,0,0.0005692433104235238
4,6746,1,1,0.5940419183665973
4,6750,1,0,0.10369100681419557
4,6752,0,0,0.038493598172028194
4,6763,1,1,0.8247312977720089
4,6764,0,0,0.002004278349829578
4,6765,0,0,0.08537733435218989
4,6788,0,0,0.049348177830548484
4,6793,0,0,0.2638382188778508
4,6807,0,0,3.707463091603168e-05
4,6810,0,0,0.03357550170375924
4,6815,0,0,0.011212975793627358
4,6816,0,0,0.07308242477127853
4,6829,0,1,0.7541322133383765
4,6830,0,0,0.025306441116329223
4,6833,0,0,0.008331444494368756
4,6837,1,1,0.9319384216999446
4,6844,0,0,0.05868707245894482
4,6846,0,0,0.017135055540355555
4,6852,1,1,0.9985456516419372
4,6860,0,0,0.06353198010061605
4,6863,0,0,0.19597618064498837
4,6864,0,0,0.01001022393684528
4,6871,1,1,0.9868852947408874
4,6875,0,0,0.032400166758874666
4,6877,0,0,0.008110119365798907
4,6878,0,0,0.09462026765479727
4,6882,0,1,0.8147462412334446
4,6883,0,0,0.10045203369345947
4,6885,0,0,0.05032958831651865
4,6890,0,0,0.03683987906354902
4,6892,0,0,0.005894477383047601
4,6894,1,1,0.9438892744262056
4,6897,1,1,0.823636269389591
4,6909,0,0,0.0038781198331056233
4,6913,0,0,0.3418695955553878
4,6914,0,1,0.685023511806257
4,6930,0,1,0.6407468901541005
4,6937,1,0,0.18667463984008079
4,6939,0,0,0.037325375493127436
4,6951,1,0,0.15116605232478122
4,6959,1,1,0.9471086880855988
4,6962,0,1,0.7021349388979561
4,6964,0,0,0.04104266504458929
4,6976,0,0,0.040708084293425296
4,6984,0,0,0.4426386243038966
4,6991,0,0,0.10796454073150587
4,6996,1,1,0.9662949092775832
4,7009,0,0,0.07132261572221756
4,7015,0,0,0.0008949571631892842
4,7022,1,0,0.2150330155494807
4,7023,0,0,0.466149939203886
4,7025,1,1,0.7395866922177132
4,7030,0,0,0.09385216873337562
4,7038,0,0,0.0023321589040240093
4,7040,0,0,0.021300439878348957
4,7044,0,0,0.05179253785095966
4,7050,0,0,0.0021214468875942424
4,7058,0,1,0.736246526187322
4,7065,0,0,0.35714036276773203
4,7076,0,0,0.45270689531168795
4,7082,0,0,0.17032981895421526
4,7083,0,1,0.7997100082986308
4,7084,0,0,5.726038027430273e-05
4,7086,0,0,0.0002640020174311337
4,7087,1,1,0.9499048962993988
4,7091,0,0,0.44858167754527833
4,7094,1,1,0.6993128373471628
4,7095,1,0,0.31407011817982544
4,7096,0,1,0.6457827714648963
4,7097,1,1,0.6845735986621642
4,7112,0,0,0.001054553540111674
4,7116,0,0,0.041522544457635785
4,7117,0,0,0.019500277799760175
4,7120,0,0,0.04560555018138696
4,7133,1,1,0.9915704890117827
4,7137,0,0,0.009608325254484365
4,7139,0,0,0.2933112454447412
4,7140,0,0,0.0714137057744411
4,7141,0,0,0.48881811559201876
4,7142,0,0,0.0003359447057192486
4,7144,0,0,0.003258366786377889
4,7148,1,1,0.9501572503564909
4,7150,0,1,0.8165911290510498
4,7151,0,0,0.0002035916945642154
4,7158,0,0,0.013691566395823404
4,7162,1,1,0.9478315855614046
4,7164,0,0,0.004798596211943396
4,7166,0,0,0.04942952615732258
4,7167,1,1,0.9445618582536915
4,7168,0,0,0.01640178490690616
4,7169,1,1,0.8862309448497098
4,7172,0,0,0.036792469648445826
4,7176,0,0,0.0027692272192373917
4,7181,1,1,0.8419342933087858
4,7189,0,0,0.06340986484790719
4,7192,0,0,0.0002445503823145366
4,7197,1,1,0.9683289977438481
4,7215,0,0,0.14075950539413348
4,7219,1,1,0.9838553571228159
4,7223,0,0,0.273416020824747
4,7227,1,1,0.9212614570806892
4,7232,0,0,0.22546668743427709
4,7235,0,0,0.033411839570109625
4,7243,0,0,0.0035005841643517893
4,7244,0,1,0.6271220578318584
4,7248,0,0,0.0016866393766537444
4,7270,0,0,0.2201443645540352
4,7280,1,1,0.9280728392297792
4,7284,0,0,0.0007057762509296568
4,7286,0,0,0.10577678544289727
4,7289,1,1,0.5342455968294448
4,7292,0,0,0.10271931084999576
4,7302,0,0,0.011921755909006442
4,7305,1,1,0.9606228016835892
4,7307,0,0,0.03237590777313765
4,7310,1,1,0.990976219460462
4,7311,0,0,0.0006517403157298981
4,7315,0,0,0.0007740518849989304
4,7318,0,0,0.1916624484817835
4,7320,0,0,0.0008366340161215027
4,7329,0,0,0.10047424791776485
4,7332,0,0,0.08162094049503833
4,7333,1,1,0.9951838017325471
4,7338,0,0,0.0007440347136439784
4,7340,0,0,0.4298545927001289
4,7341,0,0,0.01379319389880327
4,7344,0,0,0.01296951479632662
4,7349,0,0,0.00915305746113365
4,7356,1,1,0.6480527039390424
4,7362,0,0,0.008331923368519
4,7368,0,0,0.04599667784135162
4,7372,0,1,0.7179781557457975
4,7373,1,1,0.6441623619109974
4,7377,0,0,0.06127285065255291
4,7379,0,0,0.013061903822824884
4,7393,0,0,0.0004595838338099518
4,7396,0,0,0.16934989372644899
4,7406,0,1,0.5917760369447279
4,7409,1,0,0.49522291103851607
4,7412,0,0,0.13006645913854908
4,7416,0,0,0.2807732947184232
4,7419,0,0,0.23078250465737662
4,7423,0,0,0.23578548855217238
4,7424,1,0,0.26118104169514
4,7428,0,0,0.005305362333533157
4,7429,0,0,0.00025997141914281503
4,7433,0,1,0.7981366108440725
4,7451,0,0,0.24552164433084267
4,7456,0,0,0.29436811229701887
4,7462,0,0,0.0003080246835387893
4,7468,1,0,0.0010226244193865376
4,7469,0,0,0.1470486169163948
4,7472,0,0,0.10959847752375708
4,7483,0,0,0.0007861679738050582
4,7485,0,1,0.9053600914076703
4,7494,0,0,0.015380546431816172
4,7496,0,0,0.002280520434557886
4,7503,1,1,0.9921273030288813
4,7507,0,0,0.10280571354387401
4,7511,0,0,0.00010051838856653309
4,7513,0,0,0.30677474087314316
4,7515,0,1,0.5505574001520028
4,7517,0,0,0.0006173283891377552
4,7522,0,0,0.0957766586836694
4,7535,0,0,0.043690016398192935
4,7541,0,0,0.02788632483715706
4,7554,0,0,0.006545687335741343
4,7555,0,0,0.0003044332290084903
4,7566,1,1,0.6901492677593324
4,7567,0,0,0.0003778744159472085
4,7570,0,0,0.09614254073973608
4,7572,1,0,0.019385015253327732
4,7578,0,0,0.03925528995495066
4,7583,0,0,0.002162939251016923
4,7585,1,1,0.9905294248219559
4,7586,1,1,0.9285823177110631
4,7594,0,0,0.000825878707923886
4,7613,0,1,0.6459534290324133
4,7616,1,1,0.926501780206994
4,7620,1,1,0.9905347382386321
4,7621,0,0,0.05476367795466287
4,7626,0,0,2.5179144606716586e-06
4,7627,1,1,0.844362622003512
4,7628,0,0,0.04519729000002864
4,7640,0,0,2.6628317102234295e-05
4,7641,0,0,1.2158488282255836e-05
4,7651,0,1,0.7525280356920582
4,7669,0,1,0.7529550958907497
4,7674,1,1,0.9961072422934899
4,7679,0,0,0.029843455780267716
4,7682,0,0,0.2822413013398725
4,7685,1,1,0.8891196974202122
4,7686,0,0,0.3585684662910306
4,7688,0,0,0.4639830015694471
4,7690,0,0,0.0029920972698654668
4,7691,0,1,0.6566870522406323
4,7693,0,0,0.4968705852384279
4,7698,1,1,0.92805181042362
4,7701,1,0,0.23292983025591227
4,7706,0,0,0.041562078471003204
4,7719,0,1,0.8972388370859034
4,7722,0,0,0.003912880273306063
4,7724,0,0,0.002338748077052646
4,7726,0,1,0.5141795889973205
4,7732,1,1,0.936821779655472
4,7748,0,0,0.014844357288487665
4,7751,1,1,0.7339398161571355
4,7752,1,0,0.29036644537825446
4,7753,1,1,0.597587379957641
4,7754,0,1,0.6115149277162817
4,7759,0,0,0.0008412555301901476
4,7761,0,1,0.6730558894563102
4,7762,0,0,0.00013268354577772066
4,7763,0,0,0.23094645801108937
4,7769,0,0,0.08399361741446662
4,7777,1,1,0.5964561497356082
4,7781,0,0,0.034147283589301324
4,7786,0,0,0.006363684946323411
4,7793,0,1,0.752269432994465
4,7794,0,0,0.0020734964608372505
4,7798,0,0,0.00017664278437966126
4,7810,0,0,0.004720249431481448
4,7817,1,0,0.24725150671598153
4,7828,0,0,0.02614732940435209
4,7830,0,0,0.2121664699737155
4,7839,1,1,0.9924918214927851
4,7848,0,1,0.8758425151976998
4,7850,0,0,0.00020032142421330543
4,7854,1,1,0.9800902328364955
4,7859,0,0,0.00021109265814958354
4,7866,0,1,0.7167585595037383
4,7871,0,0,0.006045063985276263
4,7886,0,0,0.026761073327859607
4,7887,0,0,3.627398645486266e-05
4,7894,0,0,0.24362241069423293
4,7897,0,0,0.07686908568073278
4,7898,1,0,0.08761983670050284
4,7901,1,1,0.9581466790231707
4,7903,0,0,0.020222232086162518
4,7912,0,0,0.12399502503805608
4,7913,0,0,0.024181098497157084
4,7918,0,0,0.00805838860628185
4,7919,1,1,0.934583214409672
4,7920,0,0,0.00011603795022495963
4,7925,0,0,0.3130493688060389
4,7927,0,1,0.9063425503249108
4,7928,0,0,0.0036149755185652167
4,7939,0,0,0.02267040677568085
4,7940,0,0,0.02882404002920867
4,7946,0,0,0.10342685810761558
4,7949,0,0,9.665024901863101e-05
4,7953,0,0,0.14302505126620418
4,7957,0,0,0.029891634101247934
4,7959,0,0,0.0002599169475983463
4,7968,0,0,0.36353651977233825
4,7969,0,0,0.08938552142489811
4,7970,0,0,0.013445667063728984
4,7977,0,0,0.005171742671171326
4,7978,0,0,0.04454100611756046
4,7981,0,0,0.001520810243342794
4,7985,0,0,0.18557959480259661
4,7988,0,0,0.4177217252002415
4,7993,0,0,2.213887802822225e-06
4,7995,0,0,0.002752010119194402
4,8006,0,0,0.000470185110498756
4,8010,0,0,0.004593388716380621
4,8015,0,0,0.009583769446337072
4,8023,0,1,0.5946409485477386
4,8032,0,0,0.006928636240897465
4,8034,0,1,0.7996771715820551
4,8035,0,1,0.8907124520942036
4,8041,0,0,0.013965265475084162
4,8044,0,0,0.011669082716013036
4,8056,0,0,0.00011941518674878588
4,8060,0,1,0.6726063213159876
4,8068,0,0,0.07012740135248217
4,8069,0,0,0.04747062697236951
4,8072,0,0,0.0013905914326067439
4,8075,0,0,0.0009118204015565811
4,8077,1,1,0.9219976944869095
4,8081,0,0,0.027069755909290623
4,8087,0,1,0.9391176065620024
4,8089,0,0,0.0013918790094816428
4,8091,0,0,1.0345606219788942e-06
4,8098,0,1,0.7170222267173126
4,8105,0,0,0.08913773798529849
4,8106,0,0,0.036202409199634134
4,8116,0,0,0.09798671870966084
4,8120,0,0,0.3981281169747716
4,8122,1,0,0.0820244088165234
4,8137,1,1,0.996146400916661
4,8138,0,0,0.35792359769600296
4,8140,0,0,0.017529729391972112
4,8148,0,0,0.1056513365442047
4,8151,0,0,0.020725748640988802
4,8153,0,0,0.0003017848682187528
4,8159,1,1,0.9074246176870466
4,8160,0,0,0.00281013078962618
4,8161,0,0,3.631331283170666e-05
4,8162,0,1,0.5882241719218801
4,8168,0,0,0.0010328644498759658
4,8174,1,1,0.6525903475854762
4,8175,0,0,0.014970599094287588
4,8177,0,0,0.01707501899486633
4,8181,0,0,0.047429373762524346
4,8184,0,0,5.1124132169774955e-05
4,8195,0,0,0.0004341392752750702
4,8206,0,0,0.2616696143323896
4,8208,1,1,0.9695016835598598
4,8211,0,0,0.037972260307393715
4,8212,0,0,2.661737278472818e-05
4,8213,1,1,0.820106496469894
4,8215,0,0,4.249567285934618e-05
4,8217,0,0,0.27466977904265644
4,8218,0,0,0.1507748854101414
4,8219,1,1,0.9364231146459208
4,8226,0,0,0.002767894019518167
4,8228,0,0,0.2190516542474916
4,8229,1,1,0.7179717561762132
4,8232,0,0,0.02397767011376937
4,8233,0,0,0.06490717146977455
4,8236,1,0,0.08436647786945443
4,8248,0,0,0.06597106119386688
4,8262,0,0,0.004541425839736535
4,8263,1,1,0.8252377278993865
4,8264,0,0,0.10481746475041025
4,8272,0,0,0.019724307120494708
4,8274,0,0,3.929496671852578e-05
4,8276,0,0,0.00017681216205951206
4,8286,0,0,0.4789003015265977
4,8292,0,0,0.0002421606762431931
4,8297,0,0,0.009932664488338674
4,8299,0,0,0.24772667720936695
4,8301,0,0,0.0031675397486082848
4,8311,0,1,0.7242503637299528
4,8315,0,0,0.31357683544157927
4,8316,0,0,0.00035689043148709796
4,8318,0,0,0.02752934992503231
4,8320,1,0,0.45346276716703804
4,8323,1,1,0.8008479922080625
4,8328,0,0,0.0009925229001379958
4,8338,0,0,0.13484295538068472
4,8355,1,1,0.9901841052407648
4,8368,1,1,0.8541415809027946
4,8369,0,0,0.09429294485752333
4,8371,0,0,0.0007366465842378798
4,8374,0,0,0.004071003383394338
4,8381,0,0,0.04034111126687511
4,8389,0,0,0.010031450027666472
4,8399,0,0,0.017858015415930743
4,8404,0,0,0.09103400303438258
4,8405,0,0,0.0019382382010701689
4,8418,1,1,0.8043619069188569
4,8424,0,0,0.14328786162205742
4,8425,0,0,0.16917819877721238
4,8427,1,1,0.8022907918637067
4,8430,0,0,0.00030908984913776707
4,8433,0,0,0.44345750873239836
4,8437,0,0,0.0009219775825281724
4,8446,1,1,0.7870402242308978
4,8457,1,1,0.9883584792585296
4,8458,1,1,0.9346036627482953
4,8459,0,0,0.00012209237752151643
4,8463,0,0,0.007707431653444752
4,8464,0,0,0.019529821608062457
4,8469,1,1,0.5742239589967212
4,8472,0,0,0.04518671958820372
4,8477,0,0,0.019329497178186356
4,8478,1,1,0.6244505343358226
4,8480,0,1,0.9016963951660274
4,8481,0,0,0.0028818814188822832
4,8484,1,0,0.09182721259738298
4,8485,0,0,0.3336186930941663
4,8489,1,1,0.9329595574406006
4,8490,0,0,0.12915658107954606
4,8491,0,1,0.6246181162834679
4,8505,0,0,0.01490342522464413
4,8514,0,0,0.044637352801532054
4,8516,0,0,0.00439845518564679
4,8525,0,0,0.005195239268036258
4,8528,0,0,0.283056055701046
4,8538,0,0,0.4676229889286828
4,8541,0,0,0.09579014836876126
4,8543,0,0,0.002483683428002935
4,8549,1,1,0.5267940515701609
4,8552,0,0,7.823194505038687e-05
4,8554,0,0,0.32816636521091985
4,8567,0,0,0.001913260271637883
4,8570,0,0,0.005267850025501865
4,8572,0,1,0.8680893526905819
4,8577,0,0,0.08613109097070518
4,8578,0,0,0.14511219481105628
4,8579,0,0,0.0182143217502224
4,8584,1,1,0.9593307616691428
4,8585,0,0,0.007971125721448064
4,8604,0,0,0.010069104538345133
4,8606,1,1,0.9549490168464773
4,8608,1,1,0.7863237114034721
4,8616,0,0,3.380055640454933e-05
4,8643,0,0,0.017415384359742894
4,8652,0,0,0.007700067654886898
4,8659,0,0,0.0028638576682118284
4,8666,0,0,0.0005883460213345791
4,8667,1,1,0.6933013703483711
4,8673,0,0,0.31382637271129754
4,8674,0,1,0.9708266348981499
4,8676,0,0,0.07537314626515922
4,8678,0,0,0.005033109685381872
4,8682,1,1,0.5687160589983663
4,8695,0,0,0.0003404746811332778
4,8697,1,0,0.1403354723287174
4,8699,0,1,0.8432422209172762
4,8702,0,1,0.7864529493542176
4,8712,0,0,0.003177644998706142
4,8715,0,0,0.0008514385174628728
4,8716,1,1,0.6040106664188757
4,8718,0,0,0.030051117303284827
4,8727,1,1,0.7746633640720699
4,8729,0,0,0.00020979696385977568
4,8733,1,1,0.9953518222888682
4,8741,0,0,0.000805124912946042
4,8744,0,0,0.0041098989189186415
4,8755,0,0,0.0003815803298498964
4,8757,0,0,4.476345929897252e-05
4,8759,0,0,0.461123391810112
4,8777,1,0,0.2420791275500915
4,8784,0,0,0.0006852544744147806
4,8796,0,0,0.15174733695696777
4,8809,0,1,0.5651985938451148
4,8816,0,0,0.3054223171649959
4,8837,0,1,0.9343241275367541
4,8845,1,1,0.6962023656366212
4,8849,1,1,0.814224158634307
4,8851,0,0,7.066428149716333e-05
4,8853,0,0,0.00043005695125931313
4,8863,0,0,0.007652861780447267
4,8865,1,1,0.8310337226380208
4,8868,0,0,0.00033714543527778285
4,8874,0,0,0.012061044343421335
4,8879,1,1,0.987095250026288
4,8882,0,0,0.01247971588983391
4,8884,0,0,0.4195325000981949
4,8886,1,1,0.8680800050518959
4,8888,1,0,0.29108427167242784
4,8891,0,0,0.0005924073762664691
4,8892,0,0,0.04414147118092793
4,8901,1,1,0.9853569451997013
4,8906,0,1,0.7264726942897967
4,8925,0,0,0.09244129644457838
4,8930,0,0,0.059751908642984415
4,8934,0,0,0.2525609661224859
4,8939,0,0,0.17432852609427105
4,8942,1,1,0.9968788673550543
4,8946,0,0,0.12604289147935543
4,8953,0,0,0.002798553972476798
4,8958,0,0,0.0046003704026040945
4,8959,0,0,0.3368196191861347
4,8964,0,0,0.42369010573235594
4,8968,0,0,0.018763561297322175
4,8970,0,0,0.048360464216908115
4,8973,0,0,0.010830247190239662
4,8981,0,0,0.005309893217471538
4,8989,0,0,0.38081051486691725
4,8995,0,0,0.040250780219262934
4,9000,1,0,0.4783450017744868
4,9002,1,1,0.896306868348266
4,9003,0,0,0.022308064938295746
4,9008,0,0,0.03897793440487689
4,9009,1,0,0.0896426038941528
4,9024,0,0,0.4007105610383062
4,9026,1,1,0.9947601506166402
4,9030,0,0,0.011356593968480355
4,9032,1,1,0.9201223809063666
4,9034,0,0,0.05789102246147564
4,9045,1,1,0.8379489757164907
4,9050,0,0,0.3532994072116012
4,9052,0,0,0.03837192975184084
4,9058,1,1,0.8507300983625162
4,9065,0,0,0.03862806890317469
4,9078,0,0,0.10516934731092202
4,9080,0,0,0.39278551976244647
4,9086,1,0,0.34688276921961403
4,9087,0,0,0.00011191572425872132
4,9101,0,0,0.0014719552486810816
4,9107,0,0,0.021657298780882
4,9108,0,0,0.12860860068291635
4,9109,0,0,0.10855799576545697
4,9113,0,1,0.5789634043690537
4,9124,0,0,0.0001236540851919586
4,9126,0,0,0.1279483362498958
4,9127,0,0,0.0005283676904950526
4,9129,0,0,0.07152896536697097
4,9130,1,1,0.9639802515724374
4,9139,0,0,0.22362841945303344
4,9157,0,1,0.542580346063644
4,9161,0,0,0.045351486095348156
4,9164,0,0,0.004940370423957227
4,9165,0,1,0.8747944963455893
4,9166,1,1,0.8337705092510944
4,9167,0,0,1.3818091909676434e-06
4,9176,0,0,0.034781775947770224
4,9177,0,0,0.010805424620466013
4,9185,0,0,0.002893185830629158
4,9186,1,0,0.03372613470642625
4,9201,0,0,0.016979514016094814
4,9202,1,1,0.9451830285504061
4,9210,0,0,0.1460993230685829
4,9218,0,0,0.0017190658793876628
4,9229,0,0,0.19336430227208634
4,9230,0,0,6.797995842665894e-05
4,9239,0,0,0.09556610193431125
4,9244,0,1,0.5030942902542458
4,9248,0,0,0.021300245396282173
4,9258,0,0,0.001445045103810639
4,9261,0,0,0.0036521324989985315
4,9275,0,0,0.0006299338231181446
4,9278,0,0,0.016942845516489037
4,9280,0,1,0.6429026805136596
4,9285,0,0,0.006875625586296953
4,9293,0,0,7.423034413337807e-05
4,9294,0,0,0.024728467129019504
4,9303,1,1,0.9334690435495084
4,9305,0,0,0.05985178398003509
4,9308,1,1,0.9872142269022799
4,9312,1,1,0.8976844711593606
4,9323,1,1,0.9177213514432468
4,9328,0,0,0.0007091937870873377
4,9333,0,0,0.39033144105139955
4,9343,0,0,0.4305488150856824
4,9346,0,0,0.004599055870122619
4,9349,0,1,0.7677323404454349
4,9350,0,0,0.0625495037662644
4,9353,1,1,0.9461161162532503
4,9354,0,0,0.0030763498503565455
4,9357,0,0,0.09462171668607446
4,9365,0,0,0.07318031937378602
4,9371,0,0,0.19136899783545203
4,9374,1,1,0.8361231760964132
4,9375,1,1,0.9891706492469376
4,9377,1,1,0.7491446553168908
4,9388,0,0,0.013913212557687377
4,9393,1,0,0.1534264013962726
4,9396,0,0,0.21845364394341935
4,9397,0,0,0.0201659715529769
4,9398,0,1,0.7676452500620388
4,9401,0,0,0.004176282961456532
4,9402,0,0,0.24255504729289468
4,9404,0,0,0.002890216434605407
4,9405,1,1,0.6449231352621684
4,9407,0,0,5.723424735670893e-05
4,9412,0,0,0.000472038837431901
4,9413,1,1,0.9823959256634883
4,9414,1,1,0.9625102170447012
4,9421,0,0,0.0018402296649018411
4,9424,0,0,0.10824418213462847
4,9425,1,0,0.12193505844456841
4,9428,0,0,0.05880144268001183
4,9432,0,0,0.0001298844151973044
4,9433,0,0,0.4141996786874548
4,9437,0,0,5.990783979959366e-05
4,9459,0,0,0.003398036068237053
4,9463,0,0,0.0042372365186875635
4,9465,0,0,0.0013326557699454935
4,9470,0,0,0.07244235414703654
4,9471,0,1,0.5342253754889463
4,9474,0,0,0.01003235065596062
4,9478,0,0,8.969564024786516e-06
4,9480,0,0,0.02305328610492973
4,9488,1,1,0.9824433741968326
4,9490,0,0,0.1436924910230248
4,9500,0,0,0.0014562393053556733
4,9503,0,0,0.02959597517725981
4,9504,0,0,0.36855722832048976
4,9507,0,0,0.029019032382821656
4,9509,0,0,0.016807459890244056
4,9515,1,1,0.6248218580171933
4,9521,1,0,0.1096795472639007
4,9522,0,0,0.23361627986421418
4,9523,0,0,0.1656369078942698
4,9524,0,0,0.01136531340812051
4,9525,0,0,0.003967184043589527
4,9530,0,0,0.00010829929153085268
4,9531,0,0,0.3217648929669922
4,9544,0,0,0.002095850268725299
4,9559,0,0,0.00025505354832592176
4,9566,0,0,0.019755002257369373
4,9567,0,0,0.0020401951364632112
4,9568,0,0,0.0027542183854504534
4,9583,0,0,0.3464692647492124
4,9585,0,1,0.7521249572926861
4,9586,0,0,0.4791731709785183
4,9587,0,1,0.8516399831074157
4,9589,0,0,0.03466822098356519
4,9592,0,0,0.006758344827105672
4,9599,0,0,0.007978907235512476
4,9601,0,0,0.3031307471842702
4,9609,0,0,0.08110969088974332
4,9611,0,0,0.018400198464728047
4,9622,0,0,8.964120292115217e-06
4,9625,1,0,0.04917184632796278
4,9633,1,1,0.9997960475515315
4,9640,0,0,0.11150302082790682
4,9654,0,0,0.01811720177469593
4,9658,1,1,0.9614629544504186
4,9662,1,0,0.4285254330627809
4,9669,0,0,0.0024407530184846955
4,9672,0,0,0.4692352464371835
4,9680,0,0,0.0017849706971451462
4,9683,0,0,0.013996939327191624
4,9684,0,0,0.00839461505714532
4,9689,0,0,0.3334172271601166
4,9690,0,0,0.1442546101134177
4,9695,0,0,0.33380039902279846
4,9696,1,0,0.046849922290689947
4,9698,0,0,0.004555988918552833
4,9701,1,1,0.5561312061516628
4,9702,0,1,0.5025307385657084
4,9704,0,0,0.28167569113146684
4,9706,0,0,0.2564795278584698
4,9707,0,0,0.05634976151484049
4,9709,1,1,0.8974534150108914
4,9710,0,0,0.001205425300051663
4,9717,0,0,0.03178667266396398
4,9718,0,0,0.008718695328041617
4,9731,0,0,0.43576776440867
4,9734,0,0,3.288546812025992e-05
4,9738,0,1,0.5747966674809349
4,9741,0,0,0.007855677582233291
4,9743,0,1,0.5047790381175412
4,9750,0,0,0.003274774758616508
4,9753,0,1,0.5981994456408715
4,9755,1,1,0.6096658708119344
4,9757,0,0,0.00016915287764193566
4,9758,0,1,0.6024886332463134
4,9765,0,0,0.013127812899286823
4,9775,0,0,0.0027699129948168923
4,9776,0,0,0.06235132787427335
4,9781,0,0,0.012415012596449903
4,9789,0,0,0.002653706218421816
4,9791,1,0,0.34992469602950904
4,9793,1,1,0.9402467728988351
4,9801,0,1,0.8098792149762699
4,9804,0,0,0.0068756921411061885
4,9806,0,0,0.07971762003532795
4,9816,1,1,0.9862338649775679
4,9821,0,0,0.200794218548739
4,9823,0,0,0.048574030835152084
4,9825,0,0,0.06386352047502557
4,9829,0,0,0.11191061115477173
4,9835,1,0,0.07229055816473881
4,9842,0,0,0.00028047798720172564
4,9852,0,0,0.001329264696320794
4,9856,0,0,0.44539088448968567
4,9857,0,0,0.11771451953512532
4,9861,0,0,0.11379913428566042
4,9881,0,0,0.004816145227958545
4,9888,0,0,0.0018147460215384725
4,9891,1,1,0.936706575639674
4,9893,1,1,0.9888987841119807
4,9894,0,0,0.00016689703325348408
4,9901,0,0,0.0003402884678836736
4,9909,0,0,0.00020648279158009714
4,9912,0,0,0.006346624679403534
4,9917,0,0,0.08595210472181612
4,9920,0,0,0.003671876961716546
4,9924,0,0,0.00037200639317990137
4,9925,0,0,0.004667721161910533
4,9936,1,1,0.5929908323938827
4,9940,0,0,0.00469020852367861
4,9942,0,0,0.0005715550986176306
4,9950,1,1,0.9979995173160734
4,9951,0,1,0.8882279086470943
4,9960,0,0,0.020666872276361024
4,9963,1,1,0.7757787703134009
4,9964,0,0,0.16509996218384987
4,9966,1,1,0.610837241711273
4,9967,0,0,0.00015817859082923778
4,9968,0,0,0.00021966898206018506
4,9970,0,0,0.017564865100848925
4,9978,0,0,0.40881141437956914
4,9987,0,0,0.03592702617869909
4,10002,0,1,0.9477437968684241
4,10003,0,1,0.7901157371540829
4,10007,1,1,0.9506461310302757
4,10009,0,0,0.16425185669873005
4,10013,0,0,0.00030386146025805064
4,10018,0,0,0.00016578771015233925
4,10032,1,0,0.1624516945501446
4,10033,0,0,0.008759637166960784
4,10037,0,0,0.002946755654360393
4,10042,0,0,0.0817193563098292
4,10046,0,0,0.161358532711437
4,10047,0,0,0.49019689480304535
4,10057,0,0,0.004998220346239842
4,10071,0,0,0.2321814635477097
4,10076,0,0,0.14085071438242527
4,10079,0,0,0.001225836340218351
4,10088,0,0,0.0221702130855658
4,10101,0,0,0.16277040143120253
4,10112,0,1,0.7958820247750186
4,10113,1,1,0.9851812322699088
4,10114,0,0,9.083570646024522e-05
4,10117,0,0,0.000704519958512979
4,10119,1,0,0.022314418260151583
4,10123,0,0,0.031370924619437815
4,10130,1,1,0.8949397955831303
4,10131,0,0,0.023460568775955468
4,10134,0,0,0.004394895027827339
4,10136,0,0,0.30846743412222744
4,10137,1,1,0.994900697867297
4,10144,0,0,0.02082415176235757
4,10149,0,1,0.6449339023030357
4,10151,1,1,0.9690570022776117
4,10158,0,0,0.10349530149468004
4,10161,0,0,0.003102391113693376
4,10164,1,1,0.9872145495956938
4,10165,0,0,0.4611652974454871
4,10171,1,0,0.29895529265864645
4,10179,0,0,0.011063928394579484
4,10180,1,1,0.5729090158751273
4,10181,0,0,0.0008827821449916006
4,10183,0,0,0.004483548357656499
4,10187,0,0,0.04940773521974151
4,10190,0,0,0.0004973188758984086
4,10202,0,0,0.02951662038661953
4,10204,0,0,0.00011568447490574483
4,10210,0,0,0.1143051767566172
4,10215,1,0,0.1160328693312715
4,10217,0,0,0.00010085004047169103
4,10224,0,1,0.5463832050352443
4,10226,0,0,0.1255060153935241
4,10233,0,1,0.6532653876723434
4,10236,0,0,0.0044590623036563975
4,10243,1,1,0.9888811166403397
4,10257,0,0,0.05261308472286511
4,10258,0,0,0.010623485703556953
4,10259,0,0,0.31533253968209485
4,10263,0,0,0.025491379140167417
4,10264,0,0,0.0052604986713641385
4,10274,1,1,0.9365112250491444
4,10278,0,0,0.33114342990589435
4,10279,0,1,0.7056273122419396
4,10284,0,0,0.00018364623909600125
4,10290,0,0,0.0007993695147105116
4,10292,0,0,0.2421205336721132
4,10296,0,0,0.23916525517244858
4,10297,1,1,0.9994463631312805
4,10299,0,0,0.0007455913896093344
4,10310,1,1,0.9778030436259242
4,10311,0,0,0.012944019719274547
4,10314,0,0,0.2508387225219686
4,10315,0,0,0.01014138624084988
4,10325,0,0,0.03010864076728726
4,10327,0,0,0.018498484965146323
4,10334,0,0,0.005720990115921503
4,10335,0,0,0.03170401304493564
4,10336,0,0,0.0007905557293217097
4,10337,0,0,0.3309132492555056
4,10338,0,0,0.0006416027509383965
4,10345,0,0,0.014126108787152607
4,10351,1,1,0.7129376921122555
4,10360,1,1,0.840430936605352
4,10366,1,1,0.8492516362330126
4,10373,0,1,0.7210607704114094
4,10375,0,0,0.00014490505124545444
4,10381,0,0,0.047866774017886214
4,10384,0,0,0.006783926501046655
4,10385,0,1,0.5501076774843048
4,10392,0,0,0.23478288196274433
4,10394,0,0,0.00022492762932678744
4,10397,0,0,0.01713531941029823
4,10405,0,0,0.12071041465815212
4,10408,0,0,0.007723431116112695
4,10409,0,0,0.05513069351999248
4,10415,0,0,0.36332023243582
4,10422,0,0,1.652141874067571e-05
4,10426,0,0,0.14496195806326467
4,10434,0,0,0.00025254631602343743
4,10444,0,0,0.08663303681314038
4,10451,0,0,0.014566769261553028
4,10452,0,0,0.04899036577088466
4,10458,0,0,0.2677838080403736
4,10464,0,1,0.5790238999873912
4,10465,0,0,0.002103863763525788
4,10466,0,0,0.01703466473834281
4,10468,0,0,0.09123501955934195
4,10469,0,0,0.03493482507737022
4,10479,1,1,0.9489481374218637
4,10480,0,0,0.03856155816615229
4,10481,1,1,0.9731570510114891
4,10485,1,1,0.8574286867113253
4,10490,1,1,0.9902730127754119
4,10497,1,1,0.9928216882987176
4,10503,1,1,0.556427453943132
4,10506,1,1,0.9840025396100779
4,10509,0,1,0.8646239754107494
4,10532,1,1,0.5394421971080804
4,10539,1,1,0.6389755985759825
4,10554,1,1,0.5668923123178345
4,10556,1,0,0.1594112821439133
4,10558,0,0,0.00030644442554445976
4,10569,1,1,0.9861929698491851
4,10575,0,0,0.06671465656451417
4,10579,0,0,0.0025960765697781002
4,10580,1,1,0.6532517828058537
4,10587,0,1,0.9735015061254099
4,10592,0,0,3.132388906710932e-05
4,10595,0,0,0.007841249680849411
4,10598,0,1,0.595487804443468
4,10599,1,1,0.6444840222813292
4,10604,0,0,0.005175138414587725
4,10606,1,0,0.16448978504298067
4,10608,0,0,0.0003527844598101557
4,10609,0,0,0.003365219709447784
4,10612,0,0,0.0019294910539737642
4,10622,0,0,0.013189883794518329
4,10636,0,0,0.000113170735983303
4,10642,0,1,0.9043237368133753
4,10653,0,0,0.08296783055829625
4,10655,0,0,0.0021295198699578595
4,10659,0,0,0.4212722419809177
4,10662,0,0,0.0003252440005392298
4,10664,1,1,0.9986193090233393
4,10665,0,1,0.5010124509842846
4,10673,0,0,2.3006646851513975e-05
4,10675,0,0,0.017662103684171686
4,10679,1,1,0.8634257410362467
4,10682,0,0,0.0009786029419851846
4,10685,0,0,0.03156190820708434
4,10690,1,1,0.9901339280930472
4,10698,0,0,0.0003682906536310871
4,10701,0,0,0.0013022149742950432
4,10704,0,0,0.02553899100197656
4,10705,1,1,0.9593886282570849
4,10706,1,1,0.9651501251278108
4,10708,0,0,0.000655050761179646
4,10709,0,0,0.09968812079014096
4,10722,0,0,0.06780856401416312
4,10727,0,0,0.09488559325019126
4,10733,1,1,0.7379335893481604
4,10736,0,0,0.055479353536034184
4,10744,0,0,0.0007238517439725774
4,10747,0,0,0.02365639872379276
4,10754,0,0,0.004683143461723027
4,10755,0,0,0.03975848021864831
4,10756,0,0,0.001556382936743624
4,10759,0,0,0.29898487421286585
4,10760,1,0,0.1935056601559672
4,10764,0,0,0.035621467117519505
4,10772,0,0,0.07152078583414907
4,10782,0,0,0.009634499610082585
4,10783,1,0,0.03305761624860539
4,10785,0,0,0.014195887172284025
4,10790,0,1,0.5921652310988014
4,10797,0,0,0.13831488641773343
4,10801,0,1,0.927744511754753
4,10808,0,0,0.00010843300940460879
4,10813,0,1,0.9112753316814656
4,10814,1,1,0.9811706493256198
4,10815,0,1,0.846580541174339
4,10826,0,1,0.9177941795421045
4,10827,0,0,0.06889010028454287
4,10830,0,1,0.6632681656955183
4,10832,0,0,0.003072532161952701
4,10864,0,0,0.27286218949414726
4,10877,1,1,0.9689686570996677
4,10886,1,0,0.4453947605393428
4,10888,0,0,0.006554266630132895
4,10892,1,1,0.7837998767285639
4,10895,0,0,0.0003662776749260329
4,10918,0,0,0.10999299216718222
4,10931,1,1,0.863171992126607
4,10933,0,0,0.0003055339086403939
4,10938,0,1,0.5648510652276185
4,10939,0,1,0.8933712207336324
4,10940,1,1,0.6130140908238282
4,10943,0,0,0.35604558599003044
4,10947,0,0,0.005569640720713339
4,10957,0,1,0.5905673489208826
4,10962,0,1,0.5860596663714317
4,10965,0,1,0.840364274206147
4,10969,1,1,0.588920375324714
4,10970,1,1,0.7640227289199603
4,10980,0,0,7.291918108953136e-05
4,10984,1,1,0.9331752002385814
4,10988,1,1,0.6931233398401211
4,10989,0,0,0.001042286075917197
4,11007,1,1,0.8662147733366633
4,11010,0,0,0.18197964345543213
4,11012,1,1,0.8611274158181212
4,11016,0,0,0.009658142163237326
4,11018,0,0,0.002624111472316259
4,11022,1,1,0.9777812913972377
4,11025,1,1,0.6729614477478197
4,11026,0,0,0.00081080287675467
4,11030,1,1,0.6810110752865525
4,11031,0,0,0.062031856258785587
4,11037,1,1,0.8116683915998198
4,11038,0,0,0.40261845059489476
4,11043,0,0,0.012063336662183738
4,11056,0,1,0.5576603604976162
4,11057,0,0,0.022014988171181644
4,11068,0,0,0.000282816137543025
4,11070,1,1,0.964396683327884
4,11073,0,0,0.0016579648838500106
4,11080,1,1,0.9880792449143674
4,11101,0,0,0.007032342778702886
4,11117,0,0,0.002268035213466911
4,11120,0,0,0.011892266925287066
4,11123,0,0,0.009768665335092573
4,11129,0,0,0.22978903149251112
4,11130,0,0,0.01675827815764377
4,11139,0,0,0.0035784714422698576
4,11146,0,0,0.09464435456539273
4,11148,0,0,0.034818691051698804
4,11149,0,0,0.0077184137637061195
4,11152,1,0,0.2921747886485862
4,11161,0,0,0.02905758083154697
4,11166,1,1,0.9382926920503357
4,11170,0,0,0.23179610564036912
4,11172,0,1,0.9308652484699576
4,11175,0,0,0.35016913699408264
4,11182,0,0,0.003114097162236875
4,11185,1,1,0.918631221748139
4,11186,0,0,0.14524059959931923
4,11188,0,0,0.005411581660582843
4,11192,0,1,0.7782207050755575
4,11197,0,0,0.07474401870927369
4,11200,0,0,0.0020923580040483913
4,11223,0,0,0.3476575794710967
4,11224,0,0,0.009520017028597946
4,11228,0,0,0.09299147394404839
4,11229,1,1,0.9819760902387052
4,11234,0,0,0.004967556008493531
4,11246,0,0,0.008085417477359783
4,11262,0,1,0.8674174188345063
4,11266,1,1,0.981892861137588
4,11267,0,0,0.0010118330240447356
4,11273,0,0,0.23489074461019058
4,11277,0,0,0.00013678649134931666
4,11280,1,1,0.7752630923301095
4,11283,0,0,3.159408599369006e-05
4,11286,0,0,0.0006016819879840987
4,11289,1,0,0.006756747397421897
4,11306,0,0,0.0005526532150286233
4,11308,0,0,9.005481405739323e-05
4,11317,0,0,0.1155274448287275
4,11324,0,0,0.003619759712862829
4,11338,0,0,0.10557249735949945
4,11339,0,1,0.5073374484197756
4,11340,0,0,0.2561403866442804
4,11345,0,0,0.047956376659617425
4,11346,0,0,0.2552434700401974
4,11353,0,0,0.04983479866148156
4,11371,0,0,0.017354013502680846
4,11379,1,1,0.5704492693423849
4,11380,0,1,0.6353978788141902
4,11384,1,1,0.9769080965899994
4,11385,0,0,0.013388267936652187
4,11388,0,0,0.013027871330556226
4,11395,0,0,0.02655773997108362
4,11400,0,0,0.014775522313089953
4,11401,0,0,0.0004860462453846725
4,11413,0,0,0.0019238169941741302
4,11414,0,0,0.0035006329175559458
4,11426,0,0,0.0007798765469082802
4,11428,0,0,0.09386762569822812
4,11430,0,0,0.054080967797823225
4,11435,0,0,0.00015283395298698921
4,11439,0,0,0.000911040125327029
4,11442,0,0,0.04434681838057303
4,11445,1,1,0.7028360992836185
4,11452,0,0,0.004130545202417424
4,11454,1,1,0.8209221890105074
4,11455,0,0,0.07971783355718058
4,11456,0,0,0.048804921654079354
4,11457,0,0,0.012669121819398986
4,11463,0,0,0.000425129442357631
4,11472,0,0,3.80042974344083e-05
4,11504,0,0,0.0908455245007265
4,11505,0,0,0.0001625789934599225
4,11507,0,0,0.002029901757708779
4,11509,0,0,0.31419576140593203
4,11517,0,0,0.0012557451165441816
4,11531,1,1,0.9317833941706128
4,11533,1,1,0.5695628983002372
4,11549,0,0,0.01237084663543935
4,11552,1,1,0.9252242125078057
4,11560,0,0,0.00020287916913677402
4,11565,0,0,0.43418067239685226
4,11569,0,0,0.15070091013788497
4,11581,1,1,0.6136469321343795
4,11586,0,0,0.0019938851700197434
4,11588,0,0,0.15375049310055777
4,11593,0,0,0.31846653074400594
4,11596,0,0,0.0028807438013662705
4,11599,0,0,0.0002976571961242981
4,11601,0,0,0.3657826503474215
4,11609,0,0,0.0069759373609302264
4,11618,0,0,0.4803981641720938
4,11620,0,0,0.06683447317597027
4,11621,0,1,0.6685104036855077
4,11627,0,0,0.02881996970591489
4,11638,0,0,0.011544348691814813
4,11640,1,1,0.9907208004915924
4,11644,0,0,0.024998170249862613
4,11651,0,0,0.00021621458547516195
4,11664,0,0,0.00027399906443072527
4,11665,1,1,0.9940223026913816
4,11669,1,1,0.5544858022143925
4,11675,0,0,0.056056045063566665
4,11676,0,0,0.023542734031892564
4,11677,1,1,0.9231485340971065
4,11680,0,0,0.0001484853037594046
4,11684,0,0,0.0010594876032479215
4,11686,0,0,0.01609274715068581
4,11690,1,1,0.7224194974650028
4,11695,1,0,0.1981583354022712
4,11696,0,0,0.008556475222041695
4,11697,0,0,0.13587384017453016
4,11699,1,1,0.9752478636499342
4,11700,0,0,0.1893609046425566
4,11714,0,0,0.00765656037079672
4,11722,0,0,0.0004916837557036721
4,11746,0,0,0.009054087204041113
4,11752,0,0,0.00642599184078454
4,11754,0,0,0.00043823280421652507
4,11757,0,0,4.588007100701828e-05
4,11758,0,0,0.07912990210888646
4,11761,0,0,7.723889710242687e-05
4,11768,1,0,0.48342542120822785
4,11774,1,1,0.9086453158517388
4,11775,0,0,0.0185996876373163
4,11785,1,1,0.9664351669852862
4,11790,0,0,0.047383113069303415
4,11791,0,0,0.003942042901845566
4,11794,0,1,0.7257098582506193
4,11806,0,0,0.045681671372922825
4,11812,0,0,0.00252258771205917
4,11814,0,0,0.06918183787743744
4,11821,0,0,0.0013731279185087088
4,11822,0,0,0.18668901618617154
4,11835,1,1,0.9916680787927715
4,11837,1,1,0.9876504334838744
4,11846,0,0,0.0025198862532321642
4,11848,1,1,0.9938318805655874
4,11858,0,0,0.1393594067571958
4,11860,0,0,0.001967009574896698
4,11863,0,0,0.0005168541369619531
4,11868,0,0,0.12034579677850929
4,11881,0,0,0.0014162352562589477
4,11885,0,1,0.820414487485625
4,11894,1,1,0.8580752690847687
4,11896,0,0,0.003075407375512003
4,11901,1,1,0.9657982142524
4,11906,1,1,0.997534951373058
4,11910,0,0,0.0006028985764981995
4,11911,0,0,0.032180114966089225
4,11914,1,1,0.9970753592021674
4,11930,0,0,0.04702365979584664
4,11931,0,0,2.9307516219747286e-05
4,11932,1,1,0.9978703030380256
4,11943,0,0,0.0034398715739978364
4,11951,0,0,0.4094316651578111
4,11966,0,0,0.0014911673164554383
4,11968,0,0,0.0073031413426140265
4,11970,0,0,0.005584357818818948
4,11971,0,0,0.10383786135443066
4,11975,0,0,0.0001368620170062526
4,11980,1,1,0.966888302239927
4,11991,0,0,0.002399476903451019
4,11997,0,0,0.0036094256523745817
4,11999,0,0,0.0032194004763000214
4,12004,0,0,0.06279460530811824
4,12008,0,0,0.05476502392392288
4,12009,0,0,0.028274213550228435
4,12013,0,0,0.005278824050476195
4,12018,0,0,0.0002565063977574497
4,12027,0,0,0.00015859680859058904
4,12044,1,1,0.8954749036445443
4,12048,0,0,0.05914943283523383
4,12051,0,0,0.35831678818706
4,12054,0,0,0.014385788349661298
4,12056,1,1,0.8371787224292249
4,12063,0,0,0.034169326291149375
4,12067,0,0,0.000596427996653308
4,12070,1,1,0.5112160597524004
4,12079,0,0,0.051872091576250286
4,12082,0,0,0.08401626503187773
4,12084,1,1,0.9676473193121006
4,12088,0,0,0.008894651477206982
4,12091,0,0,0.07976942942571227
4,12100,0,0,0.3094553013604061
4,12107,1,1,0.885338324763816
4,12109,1,1,0.9023833523568197
4,12115,0,0,0.007959552525739906
4,12140,0,1,0.886446956149103
4,12148,0,0,0.0031332847290693375
4,12151,0,0,0.016244065905796478
4,12154,0,0,0.018597205133275865
4,12157,0,0,0.0008617296195719147
4,12161,1,1,0.943824547909384
4,12164,1,1,0.7896823893099525
4,12167,0,0,0.00037888542112566947
4,12176,0,0,0.003255637334231286
4,12181,0,0,0.0019544170278547957
4,12191,0,0,0.020029335778280685
4,12192,0,0,0.001647364145253746
4,12194,0,0,0.010160509543160343
4,12197,0,0,0.12839806521337668
4,12203,1,1,0.8856831577786057
4,12206,1,1,0.551983166065814
4,12210,0,0,0.024065591931726544
4,12212,0,0,0.4628578777232009
4,12220,0,1,0.8046813888102006
4,12224,0,0,0.4768745703739465
4,12252,0,0,0.28481426975356383
4,12255,0,0,0.0001994975738402911
4,12258,0,0,0.038733869342988544
4,12263,1,1,0.791617458487756
4,12269,0,0,0.010347585475468008
4,12279,0,0,0.012193407132285743
4,12280,0,0,0.0010548778387850562
4,12283,0,0,0.0029239140514547802
4,12289,0,1,0.5924617592377813
4,12290,0,0,0.041277555209515954
4,12293,0,0,0.00026444652265269017
4,12295,0,0,0.003424393060540209
4,12298,1,1,0.980136237070683
4,12313,0,0,0.08778538456290151
4,12315,0,0,0.030748747664468407
4,12325,0,1,0.6380676005386097
4,12335,1,1,0.7262770480536578
4,12337,0,0,0.2913434516871485
4,12338,0,0,0.0589606215271056
4,12345,1,0,0.4112903435739472
4,12348,0,0,0.05309820592727917
4,12353,1,0,0.034131702560607165
4,12362,0,0,0.0022844468391120566
4,12364,0,0,0.0053322701110745194
4,12366,0,0,0.12356887584264677
4,12367,0,0,0.0001585502209564574
4,12368,0,0,0.0006512475548937276
4,12378,0,0,0.0017493112046750772
4,12382,0,0,0.016226103075649426
4,12383,0,1,0.5666475716875818
4,12394,1,1,0.9300369185230568
4,12409,0,0,0.1407348689228075
4,12410,1,1,0.5229769902738733
4,12411,0,0,0.09877848217675225
4,12417,1,1,0.7513536696722121
4,12420,0,0,0.11091918547907806
4,12427,0,0,0.06906936339769999
4,12431,0,0,0.037371080631922605
4,12442,0,0,0.0049496664360451
4,12445,0,0,0.00842834212654798
4,12452,0,0,0.014282250920494196
4,12458,1,0,0.03287206282719557
4,12459,0,0,0.10432618848293206
4,12464,1,1,0.8902270383098746
4,12465,0,0,0.007387775324421205
4,12483,0,0,0.16810501284336335
4,12492,0,1,0.8880770913123205
4,12493,0,0,0.06843952287606132
4,12497,0,0,0.0016820717887312962
4,12498,0,0,0.13935889683963873
4,12499,0,0,9.561045337416722e-05
4,12507,0,0,0.15441292316136815
4,12510,0,0,0.4775036677373103
4,12511,0,0,2.7822514285094917e-05
4,12516,0,0,0.0031170120833594827
4,12528,0,0,0.02790233982289369
4,12533,0,0,0.0034892639676122584
4,12536,0,0,0.00291727714040991
4,12547,0,0,0.06167160577733023
4,12554,0,1,0.7820142352657736
4,12556,0,0,0.30142355846491203
4,12557,0,0,0.22026142715916328
4,12567,0,0,0.00280128897999972
4,12569,0,0,0.13937045938362952
4,12579,0,0,0.36333732322658646
4,12581,0,0,0.0007985419908141608
4,12583,0,0,0.04647871847579847
4,12589,0,0,0.2832843355308382
4,12596,0,0,0.025688096760677997
4,12604,0,0,0.10630557773072241
4,12605,0,0,0.0002799385724693476
4,12612,0,0,0.0008498878222049131
4,12615,0,0,0.0016950868642545353
4,12628,0,1,0.606956846361353
4,12633,0,0,0.010366828059956697
4,12636,1,1,0.8479927433349383
4,12645,0,0,0.008653169406879033
4,12647,0,1,0.6015623217499055
4,12656,0,0,0.004269112970729964
4,12659,1,1,0.7130664906781289
4,12660,0,0,0.2578576406929333
4,12666,0,0,0.0043464721950624945
4,12676,0,0,0.007816768112545593
4,12677,0,1,0.6653703013983606
4,12678,0,0,0.005727403652726775
4,12680,0,0,0.0014596457904626648
4,12683,0,0,0.2730109818966662
4,12697,0,0,0.019828617991455355
4,12701,0,0,0.04061212614521632
4,12706,0,0,0.0013851564775345555
4,12714,1,0,0.2233326607600715
4,12717,0,0,0.005301745313456847
4,12729,1,1,0.9899840387937608
4,12732,0,0,0.006787377459695985
4,12733,1,0,0.17646322870635764
4,12742,1,1,0.9860142323996631
4,12743,0,0,0.02682624482809126
4,12744,0,0,0.16241171138794055
4,12766,1,1,0.9857901655225751
4,12776,0,0,0.053667253166512774
4,12778,0,0,0.008088786893657749
4,12781,0,0,0.0013802864219418266
4,12790,0,0,0.03368038410170746
4,12800,0,0,0.10182130344503489
4,12803,0,0,0.00823585488941471
4,12813,0,0,0.010139823699204437
4,12830,0,0,0.05612120399906496
4,12831,0,0,8.909034516826555e-06
4,12843,0,0,0.3428287723669827
4,12844,0,0,0.00045499235402195675
4,12845,0,0,0.0011610579126370634
4,12848,0,0,0.12336509750491965
4,12850,1,1,0.5699639484951304
4,12855,0,0,0.0287915351942718
4,12860,0,0,0.005107138954824694
4,12863,0,1,0.8228216850453508
4,12868,0,0,0.0036482697433449208
4,12881,0,0,0.0018420495938347209
4,12885,1,1,0.9914129888113088
4,12895,1,0,0.48802025511374714
4,12897,0,0,0.00010061528262605453
4,12912,1,1,0.94019080933654
4,12914,0,0,0.04936835275188247
4,12915,1,1,0.9651397235559088
4,12918,1,1,0.8662600800881223
4,12919,0,0,0.0021136895553282957
4,12923,1,1,0.9310889016695695
4,12926,1,1,0.6411374443381818
4,12935,0,0,0.02210753160797032
4,12936,0,1,0.9467396896059634
4,12939,0,0,0.19196217942689725
4,12944,0,1,0.5114991923049776
4,12946,0,0,0.0016489213293988411
4,12956,0,0,0.0228194943680237
4,12957,1,1,0.9999275015715915
4,12967,0,0,0.42085550572379754
4,12970,0,0,0.0002880761644184421
4,12973,0,1,0.7534261836190695
4,12975,0,0,0.0006340568766771485
4,12977,0,0,0.4894710047510522
4,12978,1,1,0.7781713655097368
4,12996,0,0,0.3531440146376831
4,13002,0,0,0.004336847811618994
4,13004,0,0,0.2737487983492129
4,13008,0,0,0.30711085271997507
4,13011,0,0,0.018745068183192153
4,13015,1,1,0.8816414927007392
4,13023,1,0,0.40101415230130344
4,13033,0,0,0.00011971536138672538
4,13035,0,0,0.00157721167536039
4,13047,0,0,0.18657044603798334
4,13049,0,0,0.009270669483282012
4,13052,0,0,0.007207463413743508
4,13059,0,0,0.07496386077780338
4,13061,0,0,0.006295698434331557
4,13075,0,0,0.008047413274189254
4,13076,0,0,0.01375542690420252
4,13079,0,0,0.015605655814446355
4,13081,0,1,0.8397140619726974
4,13089,0,0,0.07369542841294714
4,13094,0,0,0.07751917159496516
4,13120,0,0,0.06662374763329743
4,13126,0,0,0.00043361346180458807
4,13130,0,0,0.07068517598953311
4,13131,0,0,0.006076605842304768
4,13134,0,0,0.0016873651424637146
4,13137,0,0,0.0007030391435162323
4,13139,1,1,0.5193957219958867
4,13144,1,1,0.9608416049822546
4,13148,0,0,0.0006996822625998561
4,13150,0,1,0.9885485907832299
4,13162,0,0,0.02686382388020097
4,13163,0,0,0.17635900512907762
4,13168,0,0,0.00016711654691263595
4,13178,0,0,0.03212817617201558
4,13189,0,0,0.0037618751359122
4,13196,0,0,0.0360032343713422
4,13197,0,1,0.6174724964268602
4,13201,0,0,0.1170547897802957
4,13206,1,0,0.2631576591943797
4,13210,0,0,0.07953529777371776
4,13211,0,0,0.1503051318358281
4,13212,0,0,0.0006653622751713537
4,13215,0,0,0.025197002919248816
4,13218,0,0,0.001166334165055892
4,13222,0,0,0.0006968551038696118
4,13225,0,0,0.002065903655885079
4,13232,0,0,0.008614608354852775
4,13233,0,0,0.00043746141308560255
4,13235,0,0,0.006125233312873546
4,13238,0,0,0.419235399129803
4,13272,0,0,0.00014555987492210817
4,13280,0,0,0.2551854430517271
4,13283,0,0,0.021321350166713576
4,13287,1,1,0.9015890717125322
4,13289,0,1,0.5210792010438368
4,13293,0,0,0.23020344597021541
4,13311,0,0,0.000474386783773199
4,13316,0,0,0.42717785615272763
4,13318,0,0,0.017134860669969415
4,13328,1,1,0.9960174696537452
4,13331,0,0,0.00024116753867849957
4,13344,1,1,0.9791681339799976
4,13346,0,1,0.6143012702418558
4,13348,0,1,0.5762618541288408
4,13355,1,0,0.4114373152855039
4,13364,0,0,0.005136310629732189
4,13379,0,0,0.233442953650698
4,13382,0,1,0.9685013989210042
4,13386,0,0,0.12185329883905179
4,13387,1,0,0.1090145039064504
4,13388,0,0,0.10730228979345703
4,13389,0,0,0.00566432348201503
4,13391,0,0,0.4967267482502722
4,13397,0,0,0.020437705442492064
4,13398,1,1,0.8960685552808405
4,13399,1,1,0.953517774850082
4,13400,0,0,0.061495117874636636
4,13410,1,1,0.7751237470853972
4,13411,1,1,0.9893937783557446
4,13419,1,1,0.9124154006121524
4,13423,0,1,0.7683517625124942
4,13425,1,1,0.8341211945709062
4,13428,0,0,9.247334241370483e-05
4,13429,0,0,0.0007367637064538519
4,13443,0,0,0.00012335031531297407
4,13447,0,0,0.2355529000902654
4,13448,1,1,0.7456530596663898
4,13450,0,0,0.23939537972613764
4,13452,0,0,0.1378540611413127
4,13463,0,0,0.010923475792556864
4,13464,0,0,0.003466491495938887
4,13470,0,1,0.697801227084437
4,13471,1,1,0.9774999801768574
4,13473,0,1,0.698057904834415
4,13474,0,0,0.002023993873261333
4,13479,0,0,0.0008392651746330155
4,13481,0,0,0.0008107174281676353
4,13488,0,0,5.421150396469199e-05
4,13493,0,0,4.581606734367093e-05
4,13494,0,0,0.10034510073380441
4,13508,1,1,0.9952751193328506
4,13513,0,0,0.0031408417659807737
4,13515,0,0,0.004186350847441707
4,13521,0,0,0.0013256722999051838
4,13523,0,0,0.015335705864639327
4,13534,0,0,0.48466752064381363
4,13544,0,0,0.009856130612450218
4,13545,0,1,0.6298716534045868
4,13551,0,0,0.003329374336951154
4,13553,1,1,0.9779527005226906
4,13558,0,0,0.06073242290047042
4,13559,1,1,0.6509509112125716
4,13563,1,1,0.8552479908921364
4,13568,0,0,0.016842277915747612
4,13578,0,0,0.4914416253950907
4,13579,0,0,7.173201317600353e-06
4,13580,0,0,0.0003953769501551639
4,13585,0,0,0.007517229097059256
4,13589,1,1,0.5258220754091274
4,13591,0,0,0.05605752562774887
4,13596,0,0,0.1918975721861532
4,13599,0,0,0.00019984625442993526
4,13607,0,0,0.44919909411097875
4,13614,0,0,3.161169413621861e-05
4,13619,1,1,0.9321070861146238
4,13627,0,0,0.029295019536573465
4,13628,0,0,0.00015516397148391197
4,13629,0,0,0.031994441397527315
4,13631,0,1,0.8498163482220389
4,13633,0,1,0.9142360179041914
4,13639,0,0,0.03579614552973265
4,13641,0,1,0.813943348407248
4,13647,0,0,0.011640097413912547
4,13648,0,0,0.4878566575122982
4,13650,1,1,0.8383478735280321
4,13661,0,0,0.1212939033007075
4,13670,0,0,0.007621057032469509
4,13671,0,0,0.00010166747015480872
4,13679,0,1,0.8893403613983449
4,13681,0,0,0.025629511954612258
4,13687,0,0,0.0048949620640188745
4,13693,0,0,0.16165329225354402
4,13694,1,0,0.13319564588341304
4,13695,1,1,0.9186089228567544
4,13706,0,0,0.002539177192951418
4,13715,0,0,0.06448257447085504
4,13716,0,0,1.708165784205214e-05
4,13720,0,0,0.0917032436818868
4,13729,0,0,0.002318688374427177
4,13731,1,1,0.9204770677102956
4,13733,0,1,0.8014416777205683
4,13745,0,0,0.0013712309628268547
4,13754,0,0,0.016676371806794196
4,13757,1,1,0.9962386844022879
4,13758,0,0,0.0011219759841616097
4,13759,1,1,0.975724674458351
4,13763,1,1,0.9386740391914248
4,13779,0,0,0.0027801971580865238
4,13782,0,1,0.7132721508562572
4,13787,0,0,0.4774572210716938
4,13791,0,0,0.0006418889479627146
4,13792,0,0,0.010368427796851919
4,13800,0,0,0.0020510193796511715
4,13805,0,0,0.00030777964621219123
4,13813,1,1,0.983533534225682
4,13816,1,0,0.16702457411579402
4,13823,0,0,0.0012049590146382622
4,13828,1,1,0.9573643072770515
4,13834,1,1,0.7715981388587775
4,13837,0,0,0.25359764622766573
4,13846,1,1,0.9546863986519194
4,13847,0,0,0.20053434499635442
4,13849,0,0,0.025278510405110508
4,13857,0,0,0.04809452833278009
4,13858,0,0,0.0008163137713343359
4,13865,0,0,0.010268148764851067
4,13869,0,0,0.00137119137083575
4,13871,0,0,0.010255769418326417
4,13874,0,0,0.0013472161478822644
4,13875,0,1,0.9573011124472595
4,13877,0,0,0.21364840671288116
4,13880,0,1,0.6234102979773702
4,13887,0,1,0.5164384458644007
4,13901,0,0,0.017868637070231008
4,13903,0,0,0.002513700779408763
4,13909,0,0,0.20901506104738032
4,13914,0,0,0.011233630454328956
4,13919,0,0,0.06935265068396113
4,13925,0,0,0.0003323752827832565
4,13926,0,0,7.953307156215429e-05
4,13929,1,1,0.9664978447052566
4,13930,1,1,0.9110337734460906
4,13938,0,0,0.0072635039514601304
4,13943,1,1,0.6168715513793095
4,13954,0,0,0.009856751239786464
4,13955,1,1,0.7649692171089849
4,13958,0,1,0.7694242328919227
4,13960,0,0,0.035322289103710124
4,13971,0,0,0.0021311345812648113
4,13984,0,1,0.5355682283909127
4,13993,0,0,0.09324179706353514
4,13995,0,0,0.0050607773845598066
4,13998,0,0,2.3805515625196457e-05
4,14005,0,0,0.056929719379829685
4,14008,0,0,1.940757603888055e-05
4,14009,0,0,0.000108670184462022
4,14013,0,0,2.6988061997148294e-05
4,14019,1,1,0.8522101688527706
4,14020,0,0,0.21253651929170891
4,14029,0,0,0.0016437661127129282
4,14031,0,0,0.003442155996251738
4,14034,0,0,7.253258015094667e-05
4,14039,0,0,0.08812749414188675
4,14042,0,0,0.00971190898934494
4,14049,0,0,0.004054415535782616
4,14057,0,0,0.00824853501579458
4,14059,0,0,0.1531025608431947
4,14065,1,1,0.9260931393335194
4,14067,0,0,0.001444148111504166
4,14068,1,1,0.9897196751498849
4,14072,0,0,0.021847639840791525
4,14097,0,1,0.8626855416929828
4,14098,1,1,0.964789364341056
4,14100,0,0,0.0034957806101359725
4,14103,1,0,0.2429771794770349
4,14112,0,0,5.463525809668367e-05
4,14114,1,1,0.9211036902726353
4,14116,0,0,0.002273338709856143
4,14127,0,0,0.0012568987604592613
4,14133,0,0,0.03823677421352732
4,14139,1,0,0.013937530982171029
4,14146,1,1,0.8018145782820415
4,14151,0,0,3.3376943373537925e-06
4,14162,0,0,0.2242813150259179
4,14177,0,0,0.006833422887911426
4,14189,0,0,0.0005361598804181322
4,14192,0,0,0.0024056704431097754
4,14195,1,1,0.9307491480824764
4,14196,0,1,0.8346860726193877
4,14198,0,0,0.01819621922322789
4,14199,0,0,0.006822716337100576
4,14210,0,0,0.44564245291031956
4,14213,0,0,0.349623411159368
4,14218,0,0,0.0014128047397960377
4,14222,1,1,0.7110908227603204
4,14228,0,1,0.9456873903359877
4,14229,0,0,0.000797101817251411
4,14232,0,1,0.6451633931151959
4,14237,0,0,0.005224756218199251
4,14240,0,0,0.04247558080820061
4,14241,0,0,0.001456290943486269
4,14243,0,0,0.22264413608423678
4,14248,0,0,0.00017800761680161008
4,14249,0,0,0.47618083548864
4,14259,0,0,0.0007826656219457987
4,14260,0,0,0.12683684632995645
4,14266,0,1,0.7440608844777974
4,14267,0,0,0.10386290939600146
4,14274,0,0,0.002433000770239409
4,14279,1,1,0.8581595188592634
4,14284,0,0,0.005962347970180238
4,14286,0,0,0.00016941101547737967
4,14297,0,0,0.17036971676111376
4,14299,1,1,0.9977655838739542
4,14300,0,0,0.0002945304847181579
4,14302,0,0,0.00023337993216015265
4,14312,0,0,0.4666617427686109
4,14331,0,0,0.07346730870971836
4,14333,0,0,0.31220132086432933
4,14336,0,0,0.03567372808663934
4,14342,1,1,0.7491293236946764
4,14355,0,0,0.02800787586174297
4,14358,1,1,0.7165007495452851
4,14366,1,1,0.5426733451542076
4,14367,0,0,0.06711199311113313
4,14385,0,0,0.48512452866098377
4,14389,0,0,0.00012188832511497
4,14390,0,0,0.225257068307886
4,14393,0,0,0.07757574483837076
4,14410,1,1,0.7221736566634518
4,14413,0,0,0.08931034741031355
4,14428,0,0,0.016602836309340396
4,14432,0,0,0.012821578685159872
4,14441,0,0,9.548241261000755e-06
4,14449,0,0,1.9685483426369884e-05
4,14452,0,1,0.9098718720809963
4,14459,0,0,0.0055799563292125084
4,14466,0,0,0.02407768214610125
4,14486,0,0,0.014188080684331436
4,14490,0,0,0.010314538555675804
4,14494,0,0,0.07304220160021162
4,14496,0,0,0.0005223602285183541
4,14512,0,1,0.6778759915646686
4,14513,0,0,0.00034080651579474576
4,14518,1,1,0.7477570606135792
4,14520,0,1,0.8656170510377034
4,14530,0,0,0.04119958536010027
4,14532,1,1,0.9948952145833364
4,14533,0,0,0.007662751497692347
4,14540,0,0,0.36662515803155976
4,14541,0,0,0.08341465523886288
4,14548,0,0,0.0060900762162666685
4,14551,0,1,0.714686910948822
4,14558,0,0,0.11329379856185058
4,14560,0,0,0.0010089953454641277
4,14562,0,0,0.026572641881450292
4,14568,0,0,0.000277689771099106
4,14571,0,1,0.8734915465446456
4,14584,0,0,0.022041602299467406
4,14588,0,1,0.9388768656169972
4,14600,0,0,0.4928734318331834
4,14601,0,0,0.00037059936713818926
4,14608,0,0,8.435635066011315e-05
4,14610,0,0,0.12135810182659176
4,14614,0,0,0.13584702377713134
4,14618,0,0,0.30759663472057824
4,14621,1,1,0.6628103021476429
4,14624,0,0,0.22506956286696325
4,14627,0,1,0.5758360677569927
4,14637,0,0,0.0789962231704056
4,14638,0,0,0.08420977288167089
4,14646,0,0,0.0011443687054195466
4,14647,0,0,0.0032771313594826663
4,14659,0,0,0.030559856905391654
4,14664,0,0,0.0027899155559562186
4,14667,0,0,0.001115864791997321
4,14671,0,0,0.01156424364762013
4,14672,0,0,0.00012704380771709172
4,14674,1,1,0.8735255319958001
4,14679,0,0,0.00042304659876676344
4,14683,0,0,0.0005920451945459007
4,14687,0,0,0.03188797019970494
4,14693,0,0,0.2583057412000015
4,14694,0,0,2.913644290057302e-05
4,14700,1,1,0.8776735454689281
4,14706,0,0,0.062382691891690004
4,14709,0,0,0.000567790268150977
4,14717,0,0,0.0055140951511700575
4,14718,0,0,0.001136780041852979
4,14720,0,1,0.6320711908730133
4,14734,0,0,0.10452843799493654
4,14735,1,1,0.9128489821161972
4,14739,1,1,0.9526274572779266
4,14741,1,1,0.8721356519451096
4,14742,0,0,0.0778001714901115
4,14744,0,0,0.003395950645851973
4,14747,0,0,0.4620973692708702
4,14748,0,0,0.011386543627980012
4,14749,1,1,0.7942051859751982
4,14753,0,0,0.01618980551563479
4,14760,1,1,0.5598336508510023
4,14764,0,0,0.03757540523056088
4,14767,0,0,5.3711495986076545e-05
4,14779,0,0,0.44012854824970604
4,14790,1,0,0.24029090972691855
4,14795,0,0,0.34365393551291584
4,14804,1,1,0.8524647516966103
4,14806,0,0,0.03725203318201588
4,14809,0,0,2.971701639731093e-05
4,14810,0,0,0.2927293906618326
4,14819,1,1,0.9710720229870581
4,14826,0,0,0.02606683899623863
4,14827,0,0,7.218326874397695e-05
4,14828,0,0,0.0017964820474869832
4,14835,0,1,0.7896070967899622
4,14838,0,0,0.12514145651505698
4,14846,0,0,0.0012298645853638314
4,14847,1,1,0.9653205073735432
4,14849,0,0,0.43112164589901847
4,14870,1,1,0.953462124638257
4,14871,0,1,0.7473099523202086
4,14874,1,1,0.7077504304553216
4,14875,0,1,0.9321846530120512
4,14883,0,0,0.36182609090969137
4,14884,1,1,0.9974697559250728
4,14885,0,0,0.05151777751883845
4,14892,0,0,0.00028494861611453475
4,14898,0,0,0.1943093254070825
4,14905,0,0,0.1488439596279824
4,14907,1,0,0.19398129368185238
4,14908,0,0,0.00304067014637929
4,14913,0,0,0.004174076093654883
4,14927,0,0,0.00028333612798913115
4,14938,0,0,0.0007128139129717926
4,14945,0,0,0.0009050661076520016
4,14946,0,0,0.003936732482295579
4,14948,0,0,0.010517660502557822
4,14951,0,1,0.6851227137710147
4,14959,0,0,0.0008782279059262941
4,14973,1,1,0.9454331003456466
4,14974,0,0,0.27849308153211916
4,14975,0,1,0.8838650012741767
4,14979,0,0,0.16275179652563923
4,14981,0,0,0.0007286529418225463
4,14982,0,0,0.11309534062580583
4,14989,1,1,0.5464965196685998
4,14992,0,0,0.0003055755458157004
4,14996,1,1,0.8414464872575077
4,14997,0,0,0.05391054992002962
4,14999,0,0,0.011086284255740809
4,15001,0,1,0.8413049385150428
4,15004,0,0,0.1507234718118224
4,15013,0,0,0.003245743272480292
4,15021,0,0,0.0020761796477558572
4,15034,0,0,0.0240731183412844
4,15042,1,1,0.989326136647691
4,15045,1,1,0.9789071446899311
4,15046,0,0,0.007058006042814212
4,15047,0,0,0.03418366634880003
4,15049,0,1,0.7591411866650413
4,15056,0,0,0.2970222397343843
4,15059,1,0,0.4421122359299618
4,15061,1,1,0.6131213261840337
4,15062,0,0,0.04743972608711527
4,15067,0,0,0.0007979915243330601
4,15074,0,0,0.005826863298317807
4,15082,0,0,0.3819533467011496
4,15084,0,0,0.057104559319255184
4,15085,0,0,0.021644207435101894
4,15091,0,0,0.0018631256259769326
4,15094,0,0,0.26680311156044856
4,15098,0,1,0.5380619397500287
4,15106,0,0,0.012440385718878847
4,15116,0,0,0.09849678992212074
4,15122,0,0,0.011761485008342724
4,15126,0,0,0.35930382808299
4,15136,0,0,0.0004087512625872362
4,15137,0,0,0.0038128935279399417
4,15139,0,1,0.8334233892821883
4,15140,0,1,0.7490336371551684
4,15141,1,0,0.1497860002473236
4,15143,1,1,0.9884977670467948
4,15150,0,0,5.958473596211304e-05
4,15158,0,0,0.0013906176739332324
4,15161,0,0,0.10971465124505024
4,15186,1,0,0.4505022150171475
4,15193,0,0,0.002435697835295729
4,15198,0,0,0.05452748283173861
4,15203,0,0,0.023647505322735605
4,15209,0,0,0.011360316733368474
4,15218,1,1,0.9682879611757914
4,15220,0,0,0.0008940551657053699
4,15225,0,0,0.004134686637360041
4,15230,0,0,0.013086106474659074
4,15232,0,0,0.005835437457148241
4,15233,0,0,0.0018811987916505033
4,15235,1,1,0.8844618230699465
4,15242,0,1,0.7478374994397363
4,15244,0,1,0.7598940292632286
4,15245,1,1,0.8428816248807887
4,15248,0,0,0.0016508490660199532
4,15254,0,0,0.06724626417737252
4,15255,0,0,0.00019349261337737005
4,15257,0,0,0.0023583731274261976
4,15261,0,0,1.0727704258999546e-05
4,15265,0,0,0.04622688848912007
4,15270,0,0,0.03648271337645338
4,15273,0,0,0.002439337226201627
4,15277,1,1,0.5592862359378329
4,15278,0,0,0.0076237829363415685
4,15279,1,1,0.8699175365025628
4,15289,0,0,0.33754257262959997
4,15297,0,0,0.0014850128057942449
4,15304,0,0,1.0430160112153843e-05
4,15307,0,0,0.11439158727301213
4,15319,0,0,0.1525606654286943
4,15321,1,1,0.982713178743422
4,15325,0,0,0.043217044159171714
4,15328,1,0,0.426711610662741
4,15337,1,1,0.6072076859927907
4,15353,1,0,0.12070647997977779
4,15358,0,0,0.0010472179465795457
4,15366,1,1,0.8468825074866623
4,15372,1,1,0.9204634436981275
4,15377,1,1,0.9949463895153796
4,15380,0,0,0.055144087701082825
4,15391,0,0,0.0469278315496495
4,15396,1,1,0.8895556639058595
4,15398,0,0,0.1109959795780998
4,15405,0,0,0.23142745874865206
4,15408,0,0,0.00013816122914413973
4,15412,0,0,0.0004398755102003887
4,15413,0,0,0.0025495025240603133
4,15424,0,0,0.0069269069518358315
4,15426,0,0,0.028250870316243445
4,15432,0,0,0.004537601724343312
4,15450,0,0,0.0002261956795104794
4,15452,0,0,0.16789064517588945
4,15465,0,0,0.011703187070866986
4,15466,0,0,3.826325404680758e-05
4,15468,1,0,0.11563843566141616
4,15470,0,1,0.6296330542568594
4,15480,0,0,0.0440287961929915
4,15484,0,0,0.08905811609457708
4,15490,0,0,0.23694106952028843
4,15500,1,1,0.9777305483972164
4,15502,0,0,0.27795307317139206
4,15512,0,0,0.0005099759027521391
4,15513,0,0,0.044515288837757926
4,15514,0,0,0.16861799519286466
4,15522,0,0,6.484832979433258e-05
4,15524,0,0,0.00016113077456868493
4,15534,1,1,0.9981747168596359
4,15552,0,0,0.023252170824188692
4,15556,0,0,0.03536708259180999
4,15558,0,0,0.43701697367792314
4,15562,0,0,0.3272645463632762
4,15578,0,0,5.592129500793443e-05
4,15580,1,1,0.6197050264296811
4,15583,0,0,0.17003254932489778
4,15591,0,0,0.024080640151565767
4,15592,0,0,0.010023526555752532
4,15593,0,0,0.0596693666802973
4,15596,0,0,0.0006127208282377806
4,15600,1,1,0.9592666994877032
4,15605,0,1,0.5428302013654829
4,15608,0,0,0.21889557879953758
4,15609,0,0,0.0032154302393348016
4,15613,0,1,0.5211978797757001
4,15616,0,0,0.36645420349698005
4,15619,1,1,0.911963018111017
4,15628,1,0,0.035392102088896905
4,15629,0,0,0.01513870081357777
4,15631,1,1,0.9972568502603769
4,15640,0,0,0.015844136016591473
4,15644,0,0,0.03841348460936273
4,15652,0,0,0.06676432098544785
4,15654,0,0,0.01335629359210287
4,15656,1,1,0.9572504612445011
4,15657,0,1,0.768542109016127
4,15683,0,0,0.03500183541192504
4,15685,1,1,0.9509394572491903
4,15688,0,0,3.582268618645062e-05
4,15698,1,1,0.7620605949780728
4,15704,0,0,0.009489282565451238
4,15707,0,0,0.0331387588803694
4,15708,0,0,0.027938259400174175
4,15715,0,0,0.01634689371125827
4,15723,0,0,0.0003263225817833417
4,15726,0,0,0.0003339819183380328
4,15727,1,0,0.283594967182957
4,15735,0,0,0.28541286859208587
4,15738,0,0,2.8604532099408804e-05
4,15741,0,0,0.00025480887764690137
4,15745,0,1,0.6903304678077978
4,15746,0,0,0.003300723534911047
4,15755,0,0,0.00034662133214459446
4,15764,0,0,4.5776056842179045e-05
4,15769,0,0,0.09036171592482078
4,15779,0,0,0.1184675886005047
4,15781,1,1,0.8705876999288166
4,15792,0,0,0.00111889449219899
4,15795,0,0,0.02334115187585373
4,15799,0,0,0.017078548391422647
4,15802,0,0,0.38847914971627157
4,15808,0,0,0.04355288102715673
4,15811,0,0,0.007077780603076979
4,15814,0,0,0.043812206215951326
4,15815,0,0,0.0024979306230692414
4,15817,0,0,0.16824293039916488
4,15820,0,0,0.325839717411016
4,15822,1,0,0.22736797947010204
4,15824,0,0,0.004799732420565641
4,15827,0,0,0.3741529023066073
4,15831,1,1,0.6445732965283179
4,15833,0,0,0.050357482948148895
4,15837,0,1,0.8596985477736323
4,15838,0,0,0.0223635478061506
4,15840,0,0,0.02300304923459998
4,15845,0,0,0.00266074767625002
4,15846,1,1,0.9938633780983296
4,15849,1,1,0.8576762145479554
4,15856,0,0,0.07093533728553023
4,15858,0,0,0.00022545733087470695
4,15862,1,1,0.9460745722297367
4,15869,0,0,0.05145313851890655
4,15873,0,0,0.009523448904778554
4,15879,1,1,0.8725071468992563
4,15886,1,1,0.7457580800801685
4,15889,1,1,0.8990712922829754
4,15890,0,0,0.0026839532538247314
4,15900,0,0,0.008520240782415263
4,15901,0,0,0.00018724774907199094
4,15903,0,0,0.056188091146110716
4,15907,0,0,0.28925326462355455
4,15914,0,0,0.07312995785832947
4,15923,0,0,0.0680474330202546
4,15924,1,0,0.1766676057495323
4,15931,0,0,0.024105456721099473
4,15934,0,1,0.5707794463885659
4,15941,0,0,0.08483334268134173
4,15952,0,0,0.0018105099560008792
4,15956,0,0,0.009702986376471975
4,15961,0,0,0.01780201381726361
4,15966,0,0,0.1349648730369345
4,15975,1,1,0.9431782801841458
4,15983,1,1,0.9761937207492364
4,15990,0,0,0.46444125894038046
4,15992,0,0,7.236558902360423e-05
4,15995,0,0,0.007986212561641632
4,15998,1,1,0.8895830090097682
4,16001,1,1,0.8121819103525053
4,16007,0,0,0.002047950276307822
4,16011,1,1,0.9946211925339608
4,16016,1,1,0.9568322080351136
4,16018,0,0,0.04324388720763976
4,16019,0,0,0.43979488013847706
4,16020,0,0,2.283401787338225e-05
4,16022,0,0,0.021815513254967268
4,16035,0,0,0.002442575909560657
4,16041,0,1,0.9777437949308778
4,16047,0,0,0.0017596674791240518
4,16059,0,0,0.12169156683742582
4,16062,1,1,0.9963755829162385
4,16069,0,0,0.09406460960737056
4,16073,0,0,0.00011878105800353268
4,16082,0,0,0.01294243003403683
4,16085,0,0,0.00045085768238169844
4,16090,1,1,0.8507014586520724
4,16101,0,0,0.0010398265152116951
4,16112,1,1,0.9911073726285848
4,16113,0,0,0.009583391112003594
4,16116,0,0,0.042733862515986515
4,16120,1,0,0.4152445235383357
4,16135,0,0,0.0018012638475197644
4,16136,1,0,0.47823238428062975
4,16140,0,0,3.3739573202410846e-05
4,16141,1,1,0.9676202052411439
4,16153,0,0,0.00037863331605104294
4,16158,1,1,0.723823669742595
4,16159,0,0,0.012761905059481913
4,16163,0,0,0.016317200444393793
4,16169,1,1,0.5981825688173411
4,16178,1,1,0.8415010661869419
4,16192,1,1,0.9452581896426608
4,16197,0,0,0.00022966461838661644
4,16203,0,0,0.16075079852669266
4,16212,0,0,0.3338043515257976
4,16216,1,1,0.9922842656312564
4,16219,0,0,0.0033507411195458758
4,16220,0,1,0.6778599553583661
4,16221,1,0,0.2725137881931672
4,16234,0,0,0.004223653427456281
4,16236,0,0,5.009015743750716e-05
4,16238,0,0,0.001274891293333247
4,16241,0,0,0.0103871697941814
4,16243,0,0,0.45235050278757205
4,16246,0,0,0.06321818540179858
4,16254,0,0,0.00027389084055150513
4,16256,0,0,0.012970850956610522
4,16284,0,0,0.07074726780061749
4,16289,0,0,0.007545413652605685
4,16291,0,0,0.02632534761340396
4,16293,0,0,0.00015252633365747786
4,16300,1,1,0.9427634466774567
4,16302,0,0,0.0010465199945849401
4,16314,0,0,0.022084727099275628
4,16319,0,0,0.010181982965995283
4,16327,1,1,0.9979962052451565
4,16333,0,0,0.2475757350800133
4,16334,1,1,0.8143668572573594
4,16335,0,0,0.000314330201370692
4,16341,0,0,0.00011272004875997008
4,16351,1,1,0.6911755662588683
4,16362,1,1,0.9772181493788186
4,16368,1,0,0.3598947981730177
4,16372,0,0,0.0007382172438514697
4,16373,0,0,0.0038104877012067077
4,16376,0,0,0.00016144188167361607
4,16378,1,1,0.9971359791040435
4,16393,0,0,0.135988406178909
4,16394,0,0,0.0029841345754163576
4,16396,0,0,0.10909032934126556
4,16409,0,1,0.5049429035607186
4,16420,1,1,0.992820335626301
4,16423,0,0,0.08321699145798965
4,16425,0,0,5.32532162647731e-05
4,16427,0,0,0.007828120018285754
4,16435,0,0,0.0001639838754925639
4,16436,0,0,0.048502313484996284
4,16441,0,0,0.0013962360275965406
4,16445,0,0,0.0790186675625708
4,16449,1,0,0.4335762960387754
4,16456,0,0,0.05250725877928358
4,16462,0,0,0.057322142014302836
4,16468,0,0,0.24577651015741192
4,16487,0,0,0.21874168464591104
4,16491,1,1,0.942004373553773
4,16497,0,1,0.7198203513306628
4,16500,0,0,0.004920348094166114
4,16503,0,0,0.0009238440070194103
4,16504,0,0,0.00753270019279256
4,16505,0,0,0.009058609207855575
4,16508,0,0,0.011592656911427678
4,16510,0,1,0.859037436414984
4,16535,0,0,0.3265682470078742
4,16546,0,0,0.18504679996039006
4,16556,0,0,0.00913501567275115
4,16561,0,0,5.9494198314730363e-05
4,16563,0,0,0.00014834543021300333
4,16564,0,0,0.23151111957936849
4,16566,0,0,0.27276452600489187
4,16574,0,0,0.015047782933443889
4,16576,0,1,0.5363279022112878
4,16581,0,0,0.0009763294338258591
4,16590,0,0,0.17967089479089193
4,16594,1,1,0.9951250665409617
4,16598,1,0,0.18080879204405295
4,16602,0,1,0.758082958949964
4,16605,0,0,0.3158330316853699
4,16616,1,1,0.9856726093880702
4,16629,0,0,0.02241017610187079
4,16630,0,0,0.0008626002793975301
4,16638,0,0,0.10618999720697424
4,16643,0,0,0.11344001152799732
4,16646,0,0,0.4232290765707271
4,16654,1,1,0.9797213398179185
4,16659,1,1,0.9054615148589692
4,16663,0,0,0.00569153749776017
4,16671,0,0,0.0004777977085739309
4,16686,0,0,0.00602894259504351
4,16691,0,1,0.7106804817608116
4,16698,0,0,0.012011346180580858
4,16704,0,0,0.0075983055358405166
4,16709,0,0,0.12628702709465336
4,16711,0,0,0.00017486765117056494
4,16718,0,0,0.0015085191679339379
4,16723,0,0,0.010825569182963162
4,16725,1,1,0.998577013590871
4,16731,0,0,0.011951670724325344
4,16732,0,0,0.00021691997353487233
4,16736,0,0,0.01987848897729416
4,16743,0,0,0.16029932408273959
4,16744,0,0,0.04916481087043052
4,16745,0,0,0.10256903702436374
4,16755,0,0,0.01552842923591294
4,16763,0,0,0.0014425454850193649
4,16769,0,0,0.16058385694158275
4,16771,0,0,0.04281452277512689
4,16774,0,1,0.8589372410414169
4,16778,1,1,0.5732740744677336
4,16780,0,1,0.814304305393677
4,16781,1,1,0.55075014020392
4,16782,0,0,0.43007311367462797
4,16786,1,1,0.5869957371428512
4,16787,0,0,0.008355964878099961
4,16788,1,1,0.9926855687015385
4,16791,1,1,0.8286428351760231
4,16792,0,0,0.0963426574598625
4,16796,1,0,0.39649539118807575
4,16805,1,1,0.7874714288364173
4,16824,0,0,0.09438295851626911
4,16825,0,0,0.005775607169489561
4,16840,0,0,0.00022299493999093897
4,16845,1,1,0.8562437581565925
4,16848,0,0,0.022774799584912832
4,16859,0,0,0.000117647281566495
4,16867,0,1,0.8444783679042398
4,16881,0,0,0.24195075291994883
4,16883,0,0,0.13345469624823358
4,16893,0,0,0.018303762679376414
4,16899,1,1,0.7987015725239447
4,16921,1,0,0.022759093239541627
4,16924,0,0,7.538098583527938e-06
4,16935,0,0,0.0030818260148705564
4,16941,0,0,0.011892005066518408
4,16951,0,0,0.013100252406151647
4,16959,0,0,0.26701513061032667
4,16965,0,0,0.028583392480388884
4,16970,0,0,0.0006817838632834922
4,16971,0,0,0.024050086482815414
4,16972,0,0,0.002658000595247641
4,16978,0,0,0.11231187880883495
4,16979,1,1,0.9440939288662534
4,16991,0,0,0.011904738152757543
4,16997,0,0,0.08287161645943913
4,16998,0,1,0.5168853191503637
4,16999,0,0,0.06363615314459743
4,17000,0,0,0.027426238974676716
4,17008,0,0,0.000974462208566981
4,17012,1,1,0.9809352374396865
4,17018,0,0,0.005453472949458794
4,17020,0,0,0.004131961814063858
4,17021,0,0,0.11132891105799057
4,17024,0,1,0.8563613858393563
4,17029,0,0,0.24047467599772815
4,17035,0,0,0.0011122733922136348
4,17045,1,1,0.7490952591613194
4,17048,0,0,0.017478817911749635
4,17054,0,0,3.8652079594863403e-05
4,17056,0,1,0.7375688704032626
4,17064,0,0,0.0007517887703842697
4,17071,0,0,0.4948440929429601
4,17079,0,0,0.088449453790073
4,17080,1,1,0.9811000530539001
4,17091,0,1,0.8361635506431871
4,17092,1,1,0.9360127735438603
4,17101,1,0,0.04345545276371712
4,17102,0,0,0.19643803959002848
4,17105,0,0,0.0032446439621961333
4,17115,0,0,0.1140931020825626
4,17133,0,0,0.00308225020968322
4,17134,0,0,0.014131625074343434
4,17136,0,0,0.1286885659029706
4,17138,0,0,0.005910225922685913
4,17141,0,1,0.8787013594426133
4,17145,0,0,0.051537872180750344
4,17150,0,0,0.06564818544428339
4,17151,0,0,0.004417879893417686
4,17155,0,0,0.1081742540960676
4,17160,1,1,0.687955834978873
4,17161,0,0,2.015791813468332e-05
4,17162,0,0,0.000624605184470143
4,17172,0,0,0.01440103615755409
4,17179,0,0,5.516865375760243e-05
4,17184,1,0,0.07406006501332597
4,17186,0,0,0.004830235503644313
4,17190,0,0,0.008347393817371238
4,17191,0,0,0.39499123445187423
4,17192,0,0,0.09389685891699712
4,17195,0,0,0.02686408759270066
4,17197,0,0,0.47091362877152615
4,17200,0,1,0.9751600472965504
4,17208,0,0,0.0417955081768521
4,17215,0,0,0.008031827665311676
4,17219,0,0,0.0007056554903004027
4,17223,0,0,0.008347022890109013
4,17232,0,0,0.0012307662573908923
4,17238,1,1,0.6680702553463095
4,17243,0,0,5.8720602775742955e-05
4,17244,1,1,0.977543593151055
4,17269,1,1,0.6107308690946736
4,17272,0,0,0.0015711057863783985
4,17273,0,0,0.0010231993714599715
4,17276,0,0,0.22374306310084793
4,17277,0,0,0.252577780772577
4,17279,0,0,0.0004269531230365666
4,17284,0,0,2.0985631205616315e-05
4,17286,1,0,0.48613881306540035
4,17294,0,0,0.32199495425617464
4,17295,1,1,0.9749199846728129
4,17312,0,0,0.012128846768218677
4,17317,0,1,0.7076395601040948
4,17322,0,0,0.0005081760562168347
4,17331,0,0,0.20872357709510714
4,17332,0,0,0.002685399956085869
4,17333,0,0,0.0035182167098693996
4,17340,0,1,0.8080665026419006
4,17342,1,1,0.9885187281721532
4,17345,0,0,0.01895120599031948
4,17352,1,1,0.9332364940238975
4,17354,0,0,0.033446141226696036
4,17357,0,0,0.1125320445695016
4,17359,0,0,0.07162055420010056
4,17370,1,1,0.9996510928651526
4,17371,1,0,0.21148578732435755
4,17376,0,0,0.00011801686007879179
4,17378,0,0,0.00037813174726410934
4,17380,0,0,0.2284561882429462
4,17385,0,0,0.014832479567949244
4,17391,0,0,0.0003952589164984873
4,17395,0,0,0.012810399710138568
4,17403,0,0,1.3187988008049065e-05
4,17413,1,0,0.17612733350787696
4,17427,0,1,0.8027519744826112
4,17430,0,0,0.005017873201777077
4,17432,0,0,0.0004422679960202407
4,17436,1,0,0.29655022774018536
4,17441,1,1,0.6476593733798698
4,17443,0,0,0.003499907367031006
4,17444,0,0,3.225631833681845e-05
4,17455,0,0,0.015252487674736897
4,17458,0,0,0.0003945181456138562
4,17463,0,0,0.0007852130735791354
4,17464,0,1,0.7872264256385093
4,17467,0,1,0.7484245272173206
4,17469,0,0,0.0010667138885965077
4,17472,0,0,8.771330969904415e-05
4,17477,0,0,0.09076797654181992
4,17482,0,0,4.711425388634393e-05
4,17498,0,0,1.2144372276407912e-05
4,17502,0,1,0.9921604336965998
4,17507,0,0,0.003626230357667777
4,17509,0,1,0.940109134001389
4,17518,0,0,0.01684670688435983
4,17523,0,0,0.0019167057446200294
4,17524,1,1,0.9439283222226003
4,17525,0,0,0.28232830724896574
4,17531,0,0,0.00010198634692567258
4,17535,1,0,0.06083260969332028
4,17537,0,1,0.8166715878629861
4,17545,0,0,0.48129765487503273
4,17548,0,0,0.0006772451671239867
4,17550,1,1,0.7940407363556913
4,17553,1,1,0.9368577348804564
4,17558,0,0,0.00046729245911205356
4,17561,1,0,0.3411174441306678
4,17562,0,0,0.03623094854394316
4,17569,0,0,0.0303025692236446
4,17578,0,0,0.0003660770620506647
4,17581,0,0,0.058911803834609706
4,17583,0,0,0.0002122121556343666
4,17587,0,0,0.0004953689199984007
4,17589,0,0,0.06850369426092638
4,17610,0,0,0.0645557969207804
4,17611,0,0,0.004808749322092207
4,17612,0,0,0.0024479026773814947
4,17622,0,0,6.991589660706409e-05
4,17623,0,0,0.027969933536422787
4,17624,0,0,0.2250904838967418
4,17625,0,0,0.010229579687498623
4,17634,0,0,0.2671890452061613
4,17642,0,0,8.110881175689027e-05
4,17645,0,0,7.456084935706721e-05
4,17658,0,0,0.0013183483962238888
4,17664,0,0,0.00017887456309256412
4,17667,0,0,0.0030355209783570762
4,17670,0,1,0.7119035368517648
4,17685,0,0,0.008430828601722985
4,17707,0,0,0.07090864005865828
4,17718,1,1,0.9899594614581944
4,17720,0,0,0.23800275938675086
4,17723,1,0,0.27476633401890316
4,17724,0,0,0.15494002203688034
4,17725,0,0,0.0003237074500359916
4,17726,0,0,0.018992341515822304
4,17733,0,0,5.4647399762637354e-05
4,17736,0,0,0.39453680891649806
4,17740,0,0,0.004637559651773963
4,17751,0,0,0.031962425998179264
4,17755,1,1,0.961692891291539
4,17766,0,0,0.0005859613347765384
4,17770,1,1,0.9819294471496962
4,17773,0,0,0.0001710353005701362
4,17776,0,0,0.08691985305693821
4,17785,0,0,0.00624266576846638
4,17788,0,0,0.4561534656777435
4,17790,0,0,0.010598131248962108
4,17794,0,0,0.050366487750727384
4,17797,0,0,0.004337302898453145
4,17801,0,0,0.002070939975408197
4,17804,0,0,0.0007570221572709493
4,17805,0,0,5.971357719670645e-05
4,17808,0,0,0.23730638816815156
4,17809,0,0,0.017946658417299
4,17810,0,0,0.00020457881478991836
4,17816,0,0,0.19320936214562298
4,17820,0,0,0.00014243614299415923
4,17822,0,0,0.014677635862484145
4,17823,1,1,0.8913757367823699
4,17824,0,0,0.013957774661669966
4,17833,0,0,0.28085098847752865
4,17834,0,0,0.05312330075329681
4,17848,0,0,0.00866225300806211
4,17852,0,0,0.000998014658356366
4,17858,0,0,0.00014352244214198187
4,17859,0,0,0.3949384214744524
4,17860,0,0,0.05265659082077277
4,17862,0,0,0.0008986534763809603
4,17880,0,0,0.0739688430874909
4,17884,1,1,0.949346579461915
4,17886,0,0,0.0015928980333619566
4,17888,0,0,0.13773707266386281
4,17891,0,0,0.0018638036478545105
4,17892,1,1,0.8113567722909326
4,17898,0,0,4.153340399510141e-05
4,17899,1,1,0.9897635166147758
4,17908,0,0,0.00022507110896816172
4,17912,0,0,0.006923689992576482
4,17915,0,0,0.0008067832890501783
4,17923,1,0,0.3251225437218476
4,17926,0,0,0.3715170414106497
4,17938,0,0,0.0009878554721965871
4,17939,0,0,0.33397313272541485
4,17944,0,0,0.0002003383421749047
4,17946,0,0,0.00016156061179143464
4,17957,0,0,0.0003715392233850941
4,17960,0,0,0.0010266995980636258
4,17961,0,0,0.0003312274673523945
4,17963,0,0,0.4724891698532777
4,17979,0,0,0.0005185080974346719
4,17982,0,0,7.255053842978393e-05
4,17984,0,0,0.13497134491809804
4,17987,1,1,0.7955415813922827
4,17989,0,0,0.0025116365773732224
4,17994,0,0,0.03992044615750417
4,18000,1,1,0.9348723261442395
4,18003,0,0,0.3105541880606941
4,18004,0,0,0.24716448143627195
4,18005,0,0,0.13404100355081702
4,18013,0,0,0.4688183717475072
4,18023,0,0,0.12199404675836689
4,18024,0,0,0.0025127513585378094
4,18026,0,0,0.06241640444744454
4,18031,0,0,0.18996788112839272
4,18036,0,1,0.8417509214749155
4,18038,0,0,0.0005321415032341552
4,18039,1,1,0.9680928071684483
4,18046,0,0,0.05135501234249232
4,18049,1,1,0.9387440418533041
4,18050,0,0,0.09249309502722014
4,18051,1,1,0.9759178849075066
4,18055,0,1,0.6745792837704941
4,18065,0,0,0.04191316318525127
4,18067,0,0,0.00267957698847287
4,18082,1,1,0.8010680717773511
4,18083,0,0,0.00030313256018102625
4,18086,0,0,0.005288543629407106
4,18088,1,1,0.9262164601227325
4,18093,0,0,0.00012127019290495332
4,18099,0,0,0.0022589021576035605
4,18100,0,0,0.00040063803992563797
4,18104,0,0,0.09399298422560975
4,18106,0,0,0.07452136463965935
4,18109,0,0,0.21891840779478683
4,18114,0,0,0.00022189322900794628
4,18125,0,0,0.0013806245089993609
4,18126,1,1,0.6912376778982183
4,18131,1,1,0.950625208128986
4,18145,0,0,0.008859639898946055
4,18146,0,0,0.475318015268376
4,18155,0,0,0.2599795311197246
4,18169,0,0,0.002344375774583383
4,18172,1,1,0.739664709627727
4,18176,1,0,0.1377197475514586
4,18180,0,0,0.03540993769465075
4,18181,0,0,0.011746317228235074
4,18185,0,0,0.017680900725223138
4,18189,0,0,0.05597273400344904
4,18194,0,0,0.013987819470333408
4,18213,1,0,0.3966211398610122
4,18224,0,0,0.040206602618232536
4,18229,1,1,0.8483622037222356
4,18232,0,0,0.00032320930848610865
4,18234,0,0,0.0038756047873614806
4,18236,0,0,0.0003164230672967155
4,18237,0,0,0.004661151370708946
4,18248,1,1,0.965620503126977
4,18251,0,0,0.41118712180482203
4,18253,0,0,0.011105725633715783
4,18256,0,0,0.019322324284120923
4,18260,0,0,0.12618133361567743
4,18271,0,0,0.08066327407398864
4,18285,0,0,0.00013728855444504405
4,18288,0,0,0.0338222217943086
4,18297,0,0,0.26296400089624955
4,18300,1,1,0.5880143863863014
4,18310,0,0,0.3549712067712435
4,18313,0,0,0.0005023904904641387
4,18315,0,0,0.06587808162022578
4,18328,0,1,0.889722807856993
4,18337,0,0,0.2029458954684694
4,18338,0,0,0.001764877122453124
4,18346,0,0,0.011435995324617558
4,18348,0,1,0.96377759859891
4,18351,1,1,0.9743004006713127
4,18352,0,1,0.9526444705868441
4,18356,0,0,0.0024534523467340786
4,18358,0,0,0.11782863514038701
4,18360,1,1,0.7113219371429931
4,18362,0,0,0.013894435197927572
4,18363,0,0,0.012112772217541774
4,18364,0,0,0.07006938899573946
4,18370,0,0,0.024969104249263043
4,18388,0,0,0.00975771862147333
4,18392,0,0,0.07147053494443856
4,18396,0,1,0.6898811840102296
4,18399,0,1,0.6026816700715846
4,18404,1,0,0.20389741883764723
4,18420,0,1,0.5763526911548228
4,18421,0,1,0.9439356662420582
4,18422,0,0,0.0029476084126279123
4,18425,0,0,0.06761942214579483
4,18431,0,1,0.8406463911988806
4,18436,0,0,0.0007990979193983068
4,18439,0,0,0.4047245170580164
4,18444,0,0,0.19860049067101201
4,18446,1,1,0.5084331277066584
4,18449,0,0,0.0006210702056351989
4,18452,0,0,0.012558682611545304
4,18454,0,0,0.04159882979878861
4,18460,0,0,0.004233806733423421
4,18470,0,0,0.005868856080438453
4,18474,0,0,0.0038900687860110397
4,18475,1,0,0.27177317728595146
4,18480,0,0,0.0002073527027684498
4,18481,1,1,0.9656870902703916
4,18485,0,0,0.14817422868179614
4,18489,0,0,0.0049109243837416805
4,18491,0,0,0.0033943119326920236
4,18497,1,1,0.7750552756733757
4,18501,0,0,0.01212173270211897
4,18503,0,0,0.0967919628355767
4,18507,0,0,0.04724503101000388
4,18509,0,0,0.03701145029950437
4,18513,0,0,0.01157532364365927
4,18517,1,1,0.848056413186122
4,18524,1,1,0.9925792145800553
4,18526,1,1,0.677990917536206
4,18532,0,0,0.001785341519529021
4,18537,0,0,0.11441895143532743
4,18538,0,0,0.006788500403968055
4,18539,0,1,0.8546482088281111
4,18546,0,0,1.3713153491231929e-05
4,18551,1,0,0.19998923043698705
4,18561,0,0,0.00011535024632428153
4,18562,1,1,0.8057688509468277
4,18567,0,0,0.025133310183973474
4,18571,1,1,0.6296193960392494
4,18578,0,0,0.03955119906535978
4,18582,0,0,0.011373367355550966
4,18604,1,1,0.9290728541499332
4,18615,0,0,8.045040417158942e-05
4,18622,0,1,0.9949505100660002
4,18624,0,1,0.5228557113930395
4,18629,0,1,0.5426966194427023
4,18639,0,0,0.00926136485168504
4,18640,0,1,0.8647541268425541
4,18642,0,0,0.01719934702498433
4,18648,1,1,0.8759109565616057
4,18652,0,0,0.002592919935526202
4,18655,0,0,0.056181693550396455
4,18656,0,0,0.0015521288340481273
4,18672,0,0,0.013507701537095995
4,18675,0,1,0.6807715139482171
4,18676,1,0,0.3974212545186883
4,18686,0,0,4.8182668617148085e-05
4,18700,0,0,0.015365205445484342
4,18701,0,1,0.5558222241524717
4,18702,1,1,0.999186881133724
4,18704,1,1,0.9969909285780812
4,18705,1,1,0.8783657905425155
4,18706,0,0,0.05653458350947239
4,18709,0,0,0.38297281886960904
4,18713,0,0,0.17935664320103847
4,18721,1,1,0.8979546256839858
4,18725,0,0,0.003196568240665429
4,18731,0,0,0.15288095070976965
4,18734,1,1,0.9842552726093405
4,18752,0,0,0.02494434211339327
4,18762,0,1,0.5976076784599623
4,18764,0,0,0.010419740737307151
4,18766,0,0,3.4427094608841776e-06
4,18775,0,0,0.0019254736604348876
4,18790,0,0,0.0017156216706775747
4,18798,1,1,0.9860861221042899
4,18805,0,0,0.044833252013896506
4,18807,1,1,0.5555586390195939
4,18808,0,0,0.0008906737668566142
4,18809,0,0,0.21774458723276294
4,18813,0,0,0.006199731309077239
4,18816,1,1,0.9865435909909003
4,18819,0,0,0.07313042536628768
4,18823,0,0,0.010439892939306378
4,18826,0,0,0.0027118267891508207
4,18827,0,0,0.0005364759825006798
4,18833,0,0,0.0033772596357188656
4,18834,1,1,0.8808186697604286
4,18836,0,0,0.1041374763563729
4,18837,1,0,0.1428814690951759
4,18843,0,1,0.8022639777819278
4,18847,0,0,0.01385788454242491
4,18848,0,1,0.762009304855096
4,18850,0,0,0.3066174694194233
4,18856,1,0,0.4697075157678126
4,18859,1,0,0.03748116213033906
4,18861,1,1,0.9869756118499526
4,18865,0,0,0.019726479804116168
4,18871,0,0,0.00028345665004769386
4,18873,0,0,0.3688037686758106
4,18881,0,0,0.14162958787039123
4,18888,0,0,0.3282073862169814
4,18889,0,0,0.0019367251793939793
4,18890,0,0,0.004252524427691179
4,18908,0,0,0.0007477580679209262
4,18909,0,0,0.11748547596040418
4,18911,0,0,0.36475023483321206
4,18913,0,0,0.0001700259170461295
4,18917,1,1,0.6400987676687173
4,18924,0,0,0.00045593599505287026
4,18929,0,0,0.016170406640279054
4,18938,0,0,0.3784320698727125
4,18944,1,1,0.5351823455913101
4,18946,0,0,0.004602381051404093
4,18958,0,0,0.0944749728499648
4,18961,1,0,0.1002335283755921
4,18982,0,0,0.39437217704359834
4,18986,1,0,0.2386698295092332
4,18987,0,1,0.7816340421997647
4,18994,0,0,0.026951975340864496
4,18997,0,0,0.007462002656223152
4,19001,0,0,0.04877963303908543
4,19005,0,0,0.00037568794297132964
4,19006,1,1,0.829281520061298
4,19007,0,0,0.0006449188292079917
4,19011,1,0,0.29495525786562393
4,19013,1,0,0.3136716050759892
4,19017,1,0,0.39849494855510376
4,19020,0,0,0.03238164682949778
4,19027,0,0,0.2929899988056448
4,19038,0,0,1.9662556692703236e-05
4,19042,1,1,0.8226885218006348
4,19052,0,1,0.8256883608799066
4,19053,0,0,0.0033140048573405924
4,19057,1,0,0.46861763027655146
4,19062,0,0,0.44802893788936193
4,19065,0,0,0.017109935947052988
4,19073,0,0,0.06385200343971906
4,19076,0,0,0.0029287113465591027
4,19081,0,0,0.011601986599678153
4,19086,0,1,0.6877378376619403
4,19094,0,0,1.4250250722746852e-05
4,19096,0,0,0.07163220018745285
4,19097,0,0,0.034753979609222684
4,19116,0,0,0.002049506831069176
4,19118,1,1,0.9725765382696611
4,19119,1,0,0.15272038800757007
4,19121,0,0,0.004050992250112056
4,19122,1,1,0.998974311036475
4,19127,1,1,0.9740049417213387
4,19131,0,1,0.920886876427333
4,19141,1,1,0.903747776022067
4,19142,0,0,0.013723979524367814
4,19154,1,0,0.4244374906605171
4,19156,0,0,0.023285681277444983
4,19157,0,0,0.11567716195047784
4,19163,0,0,0.0006712597799453458
4,19166,0,0,0.0047368427146128106
4,19171,0,0,0.0020388203684869634
4,19174,0,0,0.005819996009747013
4,19180,0,0,0.05700105511815954
4,19182,0,0,0.02726724140821901
4,19189,1,1,0.9148154216040008
4,19192,0,0,0.007516332281447746
4,19206,0,0,0.03250452330114022
4,19215,0,0,0.029952810960670113
4,19216,1,1,0.6183391715536599
4,19226,0,0,0.23143206207906739
4,19244,0,0,0.47584385006176844
4,19245,0,1,0.9939687840811551
4,19247,0,0,0.027120363495856666
4,19260,0,0,0.0006669857195310251
4,19262,0,0,0.1445820778209784
4,19267,0,0,0.0007698094760167581
4,19271,0,0,1.6602791280132625e-05
4,19273,0,1,0.7536303744753189
4,19275,0,0,0.0061703015056624
4,19276,0,0,0.09224150422748117
4,19277,0,0,0.043773804249718405
4,19279,1,1,0.9049610882508373
4,19281,0,0,0.0068739524597903065
4,19283,0,0,0.07729154828902564
4,19288,0,0,0.12056929300500009
4,19290,0,0,0.4555571361932302
4,19291,0,0,0.00012375918253032072
4,19298,0,0,0.17827564337165497
4,19302,0,1,0.9629474372719766
4,19315,0,0,0.41466329604538166
4,19321,0,0,0.010015457165402121
4,19329,0,0,0.01345908187884314
4,19330,0,1,0.7807056955889351
4,19332,0,0,0.08234909576361642
4,19343,0,0,0.02678863540688094
4,19345,0,0,0.1970380103661962
4,19348,1,1,0.5907954038488749
4,19349,1,1,0.5606992561950082
4,19354,0,1,0.8298509397461773
4,19355,0,1,0.953698011491121
4,19358,0,0,0.03480200715088708
4,19365,0,0,0.03782610946022773
4,19370,0,0,0.05326575706341107
4,19371,0,0,0.0002151525626040107
4,19381,0,0,0.09636920451975055
4,19383,0,0,0.0737161662022066
4,19388,0,0,0.00033076497280248564
4,19397,0,0,0.012054009333925338
4,19402,0,0,0.006011927773577447
4,19407,0,0,0.012690922247232627
4,19415,1,1,0.830539123815752
4,19416,0,0,0.029278887953508314
4,19433,0,0,0.017687354958571384
4,19439,0,0,0.2966703743891862
4,19441,0,0,0.1416969697599964
4,19446,0,0,0.2067610411166933
4,19448,0,0,0.09925047155246267
4,19450,0,0,0.49192626457133826
4,19451,1,1,0.5057458249938533
4,19459,0,0,0.2233657726927941
4,19475,0,0,0.11032286877969934
4,19481,1,1,0.8621502841484687
4,19485,0,0,0.007977084613752215
4,19487,0,0,9.28072017219032e-05
4,19490,0,0,0.005427947727760487
4,19491,1,1,0.7492545172595488
4,19498,0,0,0.005981671013505108
4,19499,0,0,0.41110159982727407
4,19502,0,0,0.44380586068400957
4,19505,0,0,0.026960954502063112
4,19508,0,0,0.0031205635220078647
4,19510,0,0,0.14772078629549487
4,19512,0,0,0.023031515612753965
4,19514,0,0,0.027656139158265144
4,19515,1,1,0.674409708551003
4,19516,0,0,0.3368762593561239
4,19520,0,0,0.0037903261010783697
4,19525,1,1,0.9357500762858263
4,19528,0,0,0.008227964529299784
4,19534,0,0,0.008017839163886578
4,19546,0,0,0.009146677060134339
4,19557,0,1,0.8753361301426458
4,19568,1,1,0.8180246268839424
4,19570,0,0,0.1234451375684962
4,19572,0,0,0.368034896430407
4,19573,0,0,0.00018599240004447078
4,19577,0,0,0.055664275345802754
4,19583,0,0,0.09027221045943001
4,19590,0,0,0.014512900475594934
4,19606,1,1,0.998456978091361
4,19613,0,0,0.052201584276246875
4,19620,1,1,0.7788036818577221
4,19626,1,1,0.6444204879015799
4,19635,0,0,0.006758865863534943
4,19637,1,0,0.14820499988340535
4,19639,0,0,0.0014621271613709315
4,19641,0,0,4.51438252368323e-06
4,19657,1,0,0.15945295649826408
4,19670,0,0,0.14455433637673892
4,19671,0,0,0.015015178021643703
4,19680,0,0,0.30660785060363255
4,19684,0,0,0.00018250592325350383
4,19694,0,0,0.00017942633230329268
4,19697,0,0,0.00212818425243114
4,19698,0,0,0.0008462971549556346
4,19710,1,1,0.9695256922551835
4,19717,0,0,0.001906485066289043
4,19718,1,1,0.992442824579809
4,19729,0,0,0.0006950269874473172
4,19731,1,1,0.6562839013130312
4,19739,1,1,0.9945328462459897
4,19746,0,0,0.00010282894765364733
4,19753,0,0,0.055964078992453356
4,19756,0,0,0.012176874879425842
4,19763,0,0,0.017093856026806013
4,19764,1,0,0.47944707105338735
4,19765,0,0,0.033851133500800094
4,19767,1,1,0.9989303470470559
4,19769,1,1,0.7661837269695535
4,19770,1,1,0.6479530822884279
4,19779,0,0,0.39754892313047185
4,19780,0,1,0.917120479555978
4,19787,0,0,0.37315544440326853
4,19788,0,0,5.660408618809711e-05
4,19791,0,0,0.4874314037161831
4,19795,0,0,0.08981239917310563
4,19796,0,1,0.7298222401387205
4,19807,0,0,0.0058457692547794985
4,19808,0,0,8.091310080743182e-05
4,19812,0,0,0.0911374603163572
4,19819,0,0,0.23371126119633992
4,19821,0,0,0.0003387781065484686
4,19823,0,0,0.00111904616618866
4,19824,0,0,0.00026680000261570115
4,19843,0,0,0.01655004996343913
4,19846,0,0,0.0006780758466943194
4,19852,0,0,0.04824504942956675
4,19858,0,0,0.20470042779230235
4,19865,1,1,0.9392677214211818
4,19870,0,0,0.0009670378928089022
4,19876,0,0,0.0006819555372771013
4,19877,0,0,0.0009906950879525005
4,19882,0,0,0.00017803039866148355
4,19891,1,1,0.8829404799560786
4,19901,0,0,0.14324210178632957
4,19915,0,0,0.0013926664877436567
4,19916,0,0,0.1328713364747751
4,19920,0,0,0.0006411076508462684
4,19922,1,1,0.8526444914217488
4,19923,0,0,0.030652958523488066
4,19926,0,0,0.012891638825392408
4,19930,0,1,0.8254862002382647
4,19935,0,0,0.34414157836380854
4,19938,0,0,0.18687742778156352
4,19945,0,0,0.03289823536236924
4,19952,0,0,0.00031475511947204766
4,19953,0,0,0.0004833188150542378
4,19955,0,0,0.00570772350365993
4,19956,0,0,0.0056799501768298975
4,19961,1,1,0.9646414312169751
4,19963,0,0,0.007452208424178866
4,19965,1,1,0.9733095386873283
4,19969,1,1,0.9432578184137345
4,19973,0,0,0.0029065248221504573
4,19982,0,0,0.04949258519498482
4,19989,0,0,0.0008592753173814091
4,19992,0,0,0.037642548779712404
4,19994,1,1,0.5117240952948732
4,19996,0,0,0.015971567127211064
4,20007,0,0,0.4380536517397508
4,20009,1,1,0.9020723782266393
4,20010,0,0,0.035917475317573354
4,20012,0,0,0.11336556657382241
4,20016,0,1,0.5060032582476091
4,20018,0,0,0.0003014435182280049
4,20019,0,0,0.0011544383171700166
4,20027,0,0,0.00023033264423350498
4,20029,0,0,0.002556268805134165
4,20035,0,0,0.010753019775768684
4,20040,0,0,5.5880406902909235e-05
4,20041,0,0,0.014394661616505128
4,20046,1,1,0.9077089888819232
4,20049,1,1,0.9305132627760524
4,20053,0,0,0.0005418842070088191
4,20054,0,0,0.0005803983020208689
4,20055,0,1,0.794064799700508
4,20073,0,0,0.0016427963105634185
4,20078,0,0,0.14492109048943794
4,20084,0,0,0.003117092621858265
4,20094,0,0,0.44777679556175876
4,20095,1,1,0.9572245631131744
4,20096,0,0,0.22490056119159332
4,20111,0,0,9.055650242999517e-05
4,20114,0,0,0.006187787083839351
4,20118,0,0,0.0018876126995754263
4,20122,0,0,0.3444080844535748
4,20127,0,0,0.304562388321699
4,20136,0,0,0.0009026759771406771
4,20138,1,1,0.9846448808890318
4,20141,0,0,0.07235495179255666
4,20146,0,0,0.016876743959139427
4,20154,0,0,0.00018210450484583318
4,20167,0,0,8.220421009707105e-05
4,20193,0,1,0.6305942969045926
4,20207,1,0,0.20186155271847664
4,20211,0,0,0.0020537450028558927
4,20213,0,0,0.008464794820309566
4,20217,0,0,0.0011047444774184476
4,20218,0,0,0.006435267051651562
4,20225,0,0,0.23121721354120767
4,20228,0,0,0.00037379563877717434
4,20236,0,0,0.007530736303986893
4,20237,0,0,0.03317753593247517
4,20243,0,0,0.4662866274660292
4,20253,1,1,0.7674100859121005
4,20258,0,0,0.059259655739442245
4,20259,0,0,0.07623319133743031
4,20260,0,0,0.3515170562511046
4,20265,0,0,0.1326824667388107
4,20271,0,0,0.1340290928046517
4,20276,0,0,0.0008088422800277671
4,20277,0,0,0.13005110916142687
4,20279,0,0,3.402598585538724e-05
4,20284,1,1,0.6283200129220763
4,20287,1,1,0.9846000168445127
4,20289,0,0,0.00017296279406440475
4,20297,1,1,0.9944267093726897
4,20300,0,0,0.004511135247672156
4,20305,0,0,0.00013864564389907377
4,20307,0,0,0.006819319003118188
4,20316,0,0,0.11181917873310278
4,20319,0,0,0.005419411438877149
4,20323,1,1,0.7958708586831492
4,20324,1,1,0.9775041300946182
4,20336,1,1,0.978103229582803
4,20340,0,0,0.15381744442994472
4,20343,0,0,0.0004591125128860057
4,20345,1,1,0.9978596741583929
4,20347,1,1,0.5862756757106673
4,20360,1,0,0.01689535787416602
4,20363,0,0,0.13121112779545605
4,20366,0,0,0.009052889051857816
4,20367,0,0,0.00011005866927495391
4,20369,1,1,0.9916064112783891
4,20375,0,0,0.021868500197995286
4,20385,0,0,0.18277998503196677
4,20386,1,1,0.9455966210442699
4,20389,0,0,0.05222704169830241
4,20399,0,1,0.8114133709214537
4,20400,0,0,0.03300968261348363
4,20404,0,0,5.976574921372269e-05
4,20409,0,1,0.9477257518961063
4,20419,1,0,0.13703651885724627
4,20421,0,0,0.04579382453286942
4,20425,1,1,0.6406154830424025
4,20427,0,0,0.10110691074770985
4,20432,1,1,0.901818069907095
4,20442,0,0,0.045063097635100226
4,20449,0,0,0.0022630766479667538
4,20453,0,0,0.13448703749957394
4,20463,1,1,0.6970824492582233
4,20490,0,0,0.14582770717002655
4,20491,0,0,0.0005119445012037989
4,20495,0,1,0.6340312531650246
4,20498,0,0,0.007545618510264767
4,20505,0,0,0.0018235843504309807
4,20516,0,0,0.4185557145379472
4,20517,0,0,0.009866210663110601
4,20521,1,1,0.9011596027408255
4,20523,0,0,0.0001799275259541154
4,20524,0,0,2.0863604471362033e-05
4,20525,0,0,0.2546381942137352
4,20527,0,0,0.01782750601896747
4,20532,1,1,0.9164354406317416
4,20534,0,0,0.0008023826938695662
4,20543,0,0,0.004660802390984557
4,20547,0,0,0.4574253727074546
4,20548,0,0,0.0021359149348258192
4,20554,0,0,0.07844131587645067
4,20562,1,1,0.8653886135025068
4,20566,0,0,0.0010122469249612142
4,20577,0,0,0.03811837756581441
4,20584,0,0,0.3205803033719552
4,20586,0,0,0.026538166125427795
4,20595,0,0,0.38814740046574353
4,20598,0,0,0.001457075522692819
4,20607,0,0,0.002150663959411982
4,20608,0,0,0.0016477015656229798
4,20610,0,0,0.3114757347753535
4,20623,0,0,0.09042911630806458
4,20634,0,0,0.4797185755899629
4,20635,0,0,0.0031147966742109865
4,20640,0,0,0.2605322506996961
4,20641,1,1,0.8861112957408885
4,20647,0,0,2.998121805396888e-05
4,20654,1,1,0.8816867167313532
4,20667,0,0,0.007740790762648611
4,20674,0,1,0.527174189733418
4,20679,0,0,0.1178256906657593
4,20680,0,0,0.0003806097023421612
4,20681,0,1,0.5072395838495881
4,20687,0,0,0.024288382506625912
4,20693,0,0,0.008026133552896865
4,20696,0,0,0.07828402518159512
4,20700,0,1,0.5610545049792541
4,20703,0,0,0.054276222236520115
4,20705,0,0,0.17057650862254187
4,20715,0,0,0.27967503785854436
4,20717,0,0,0.0023844569205004437
4,20718,0,0,0.005092179678767314
4,20730,0,0,0.0010439898554911032
4,20737,0,0,0.00577055911656874
4,20740,0,0,0.005765082050749589
4,20750,1,1,0.9948879719618351
4,20753,0,0,0.0002454424108520687
4,20755,0,0,0.0005036602024828598
4,20764,0,0,0.0036173143706963065
4,20766,0,0,0.23042922040845587
4,20781,0,0,0.00034101511507812743
4,20788,0,0,0.09448634225108618
4,20791,0,0,0.0002634946883964193
4,20795,0,0,0.0017203176507975615
4,20805,1,1,0.8172152310720139
4,20817,1,1,0.7236772999112944
4,20822,0,0,0.007514467702229905
4,20828,1,1,0.9285170553500041
4,20833,0,0,0.001740211832972957
4,20834,0,0,0.06895460279763657
4,20836,1,1,0.9238657899317487
4,20846,0,0,0.0034863651325741873
4,20849,0,0,0.09965730522069885
4,20853,1,1,0.9984063005514894
4,20863,1,1,0.9789619465627412
4,20869,0,0,0.00022439979332156194
4,20880,0,1,0.9152383825622485
4,20882,0,1,0.7920199425290444
4,20883,1,1,0.7678103907407293
4,20891,0,0,0.33561022667126467
4,20902,0,0,0.004636111480108535
4,20908,0,0,7.066068861945321e-05
4,20910,1,1,0.8806483071021517
4,20925,0,0,0.000777853131247977
4,20932,0,0,0.0009366698365089292
4,20933,0,1,0.9974897385287227
4,20937,1,1,0.9365275468772445
4,20938,0,0,0.0007013467423266771
4,20942,0,0,0.016646199746127414
4,20956,0,0,0.00600384309165641
4,20958,0,0,5.883679524849929e-05
4,20962,0,0,0.12502682096356313
4,20964,0,0,0.05719600046176229
4,20967,0,0,0.22396735064804088
4,20970,0,0,0.16148963661150834
4,20977,0,0,0.009945540205412275
4,20985,0,0,0.002232283664172086
4,20988,0,0,0.13486953792070033
4,20995,0,0,0.003718188090268387
4,20996,0,0,3.8184895203853767e-05
4,21006,1,1,0.8772110687827727
4,21010,0,0,0.00025909807277274614
4,21011,1,1,0.9560310176494013
4,21013,0,0,0.0061026646485648406
4,21015,1,1,0.9766900691533269
4,21019,0,0,3.8477507725524395e-05
4,21027,0,0,0.012323364586012091
4,21029,0,0,0.054986093693003384
4,21032,1,0,0.2533730771039047
4,21046,0,0,0.005111198892167643
4,21051,0,0,0.026229321252320414
4,21055,1,1,0.8133454856828398
4,21056,0,0,0.0014447864525399085
4,21062,0,0,0.0445878959065328
4,21066,0,1,0.8446321683764062
4,21067,1,1,0.6717079913912193
4,21068,0,0,0.06916350260352537
4,21069,0,0,0.006107264152617588
4,21072,0,0,0.010448755130483158
4,21074,0,0,0.07487629803993087
4,21078,0,0,0.014342991247913864
4,21094,1,1,0.7950851824964581
4,21099,0,0,0.005730251380926879
4,21105,1,1,0.9915615362760708
4,21114,1,1,0.9876148312064954
4,21116,1,1,0.9974575040799433
4,21117,0,0,0.36143824651159673
4,21120,1,0,0.037984679335988
4,21121,0,0,0.0035782035594616
4,21126,1,1,0.6933924533693918
4,21128,0,0,0.0006584368357196341
4,21130,1,0,0.2191181959035314
4,21133,0,0,0.00414159228506157
4,21134,0,0,0.0027430735691028434
4,21137,0,0,0.0003405875049878327
4,21149,0,0,0.0022771559498043848
4,21151,1,1,0.9080522016063005
4,21155,0,0,0.036223472096395724
4,21158,0,0,0.016352553947747015
4,21164,1,1,0.6601167288239937
4,21174,1,1,0.812024308287237
4,21175,0,0,0.0015952405067677297
4,21179,0,1,0.5461545096102335
4,21183,0,0,0.022400946849695146
4,21189,0,0,0.0038170747364654873
4,21191,0,0,0.2043488467723966
4,21195,0,0,0.44612384058254656
4,21196,0,0,0.006607862931677694
4,21197,0,0,0.3715338791134499
4,21201,0,0,0.03496141724430359
4,21202,0,0,0.0154686620083483
4,21204,0,0,0.005720891727782136
4,21206,0,0,0.0009383254392952569
4,21208,0,0,0.006284655165862722
4,21210,0,0,0.004476505491251981
4,21212,0,0,0.0004799323530585057
4,21215,0,0,0.04219083216900981
4,21216,0,1,0.5352317922454896
4,21218,0,0,2.7421729831013655e-05
4,21224,1,0,0.3483507743772954
4,21237,0,0,0.046730938566863105
4,21242,1,0,0.4846920352464576
4,21247,0,0,0.3474322285479414
4,21254,0,0,0.05147879685588682
4,21267,0,0,0.0028482186854684286
4,21268,0,0,0.2522292919515759
4,21269,0,0,0.05005996242320747
4,21272,0,0,0.001539178289922283
4,21274,1,1,0.6082897675408889
4,21277,0,0,0.006660503790228903
4,21291,0,0,0.0069193716329010455
4,21301,0,0,0.01298108132722446
4,21302,0,0,0.00045941495854345035
4,21313,0,0,0.011833992081728225
4,21315,0,0,0.004067742148658477
4,21317,0,0,0.000990893062140307
4,21322,0,0,0.17055492267545616
4,21328,0,0,0.0018824699581818306
4,21329,0,0,0.01814252259814176
4,21336,0,0,0.0006535108529695617
4,21337,0,0,0.011788626924066783
4,21339,0,0,0.059433996960793205
4,21342,0,0,0.0015187718281038953
4,21350,0,0,0.10782713099061825
4,21352,0,0,0.17209648417947365
4,21353,0,0,0.0009555422045660001
4,21365,0,0,0.016626389825527655
4,21366,1,1,0.6629696057023283
4,21367,0,0,0.24244998420398645
4,21371,0,0,0.0030995593613646665
4,21372,0,0,0.002373895300441134
4,21381,1,1,0.5688984224503842
4,21391,0,0,0.29111947387846243
4,21395,0,0,0.0031390783992029897
4,21402,0,0,0.08786118920359909
4,21406,1,1,0.8556508787532737
4,21410,1,1,0.985353868254977
4,21414,0,0,0.03298684374179293
4,21417,0,0,5.7686050636653056e-05
4,21420,0,0,0.030227718961845798
4,21425,0,0,0.0001496737245709758
4,21427,0,0,0.0008466147303404227
4,21430,0,0,0.0640112947100128
4,21435,0,0,0.0017245780955742272
4,21436,0,0,0.003966684652441796
4,21440,0,0,0.01329859465391023
4,21443,1,1,0.9844498387007742
4,21447,1,1,0.9948536358166143
4,21450,0,0,0.283933437588135
4,21451,1,0,0.4713183412480386
4,21457,0,0,0.44578918511949867
4,21458,1,0,0.3568800543974343
4,21470,0,0,6.0108250985996195e-05
4,21471,0,0,0.00636687755177037
4,21473,1,1,0.5752077569072509
4,21481,0,1,0.9540255184162626
4,21490,0,0,0.0017181453050848134
4,21493,0,0,0.001113131094719222
4,21494,1,1,0.783877631097216
4,21495,0,0,0.04024389466649562
4,21501,0,0,0.001619547228974692
4,21503,0,0,7.68889252835128e-05
4,21510,0,0,0.37318984690469464
4,21515,0,0,2.6675805614514526e-05
4,21516,0,0,0.47542259757946137
4,21519,1,1,0.9778052620177565
4,21525,0,0,0.01166095063598513
4,21526,0,1,0.6193679366904932
4,21547,0,0,0.10770160269330796
4,21548,0,0,0.17738501117889127
4,21555,1,1,0.5947306999890589
4,21573,0,0,0.018348626835139357
4,21578,0,0,0.12777826055728522
4,21579,0,0,0.00010300073948092781
4,21597,1,1,0.9908165010740146
4,21602,1,1,0.7190092832692866
4,21603,0,0,0.004838761259087668
4,21607,0,1,0.6184614127862742
4,21617,1,0,0.47329621968398816
4,21618,0,0,0.35660873137955357
4,21622,0,0,0.0037859893617715155
4,21623,0,0,0.0004769478596130883
4,21628,0,0,6.424399104041724e-05
4,21638,0,1,0.8343058338155013
4,21640,0,0,0.0023014450098717866
4,21646,0,0,0.035208179908513826
4,21652,0,0,0.004455039077529376
4,21663,1,1,0.5518454009288648
4,21666,0,0,0.02727697890451101
4,21670,0,0,0.0013504245199743984
4,21671,1,1,0.9899355008695093
4,21672,0,0,0.02995102644658386
4,21674,0,0,0.006047708875746913
4,21678,0,0,0.0029918517014183403
4,21681,0,0,0.0026748744712511837
4,21683,0,0,0.006674742929630504
4,21685,0,0,0.01708075700680778
4,21687,0,0,0.017130166045555204
4,21694,0,0,3.282952765636238e-05
4,21695,0,0,0.08765349912509202
4,21705,1,1,0.7163061694381897
4,21710,1,1,0.9995417900577416
4,21711,0,0,0.1644355416276092
4,21712,0,0,0.015611273384679854
4,21715,0,1,0.5559093817002237
4,21719,0,0,0.004003279346170767
4,21720,1,1,0.9565039979532411
4,21728,1,1,0.9999527609847065
4,21729,0,0,0.10091384312255872
4,21731,1,1,0.9981351774411014
4,21733,0,0,0.36531432312904927
4,21738,1,0,0.29708983988905263
4,21739,0,0,0.0014746464418460656
4,21743,1,1,0.5524029023416773
4,21745,0,0,6.234867448243135e-05
4,21749,0,0,0.00021314602367961198
4,21752,0,0,0.04356699210355649
4,21753,0,0,0.002326235334921789
4,21761,0,1,0.8133234178430657
4,21762,1,0,0.013803950503112825
4,21764,1,1,0.9913644923127316
4,21767,0,0,0.19667261817029275
4,21773,0,0,0.03670322094570217
4,21780,0,0,0.19247046213140168
4,21783,1,1,0.9939102098158862
4,21786,0,0,0.0002490041427545074
4,21787,0,0,0.010549571597024176
4,21788,0,0,0.005517456978628513
4,21789,0,0,0.0026885901922490073
4,21792,0,1,0.8931782188917662
4,21794,0,0,0.4529978552787215
4,21803,0,0,0.06936529351932331
4,21805,1,1,0.9966401498399904
4,21808,0,0,0.008678843720738976
4,21810,0,1,0.6286200335241917
4,21812,0,0,0.012174708684577852
4,21813,0,0,0.1170835034050394
4,21821,1,1,0.6078515187185598
4,21828,0,0,0.0012608388795961618
4,21832,0,0,0.33215350587387904
4,21836,0,0,0.0011489483876283642
4,21843,0,0,8.535837975610692e-06
4,21846,1,0,0.23320433574502872
4,21855,0,1,0.8842987920650258
4,21863,0,0,0.0035792315389766927
4,21865,0,0,0.009026915950274824
4,21867,0,0,0.004428997768292994
4,21876,0,0,0.002903356290245508
4,21884,1,1,0.9987334163716325
4,21895,0,1,0.9391943120409135
4,21900,0,1,0.715034724218728
4,21902,0,0,0.016935162611471738
4,21903,1,1,0.6639180173978483
4,21908,1,1,0.9996144306674773
4,21910,1,0,0.1212817859381441
4,21911,0,0,0.09462736042571707
4,21918,0,0,0.008763692496172409
4,21919,0,0,0.09690136774253695
4,21921,0,0,0.0010804083687060125
4,21925,0,0,0.010255651914310202
4,21931,0,0,0.17325437330105217
4,21934,0,1,0.9946928335399257
4,21939,1,1,0.6710084467315532
4,21946,0,0,0.1395948859575963
4,21951,0,0,0.024355083488724748
4,21952,0,0,0.0026291756177161383
4,21953,0,0,0.07011813369515264
4,21957,0,0,0.020426603112276624
4,21958,0,0,0.027177859281265176
4,21961,0,0,0.0006361091755644356
4,21963,0,0,0.0027244008150199787
4,21984,0,0,0.0025495300339335282
4,21988,0,1,0.8685155605061865
4,22003,0,0,0.0003320635559946627
4,22007,0,0,0.31121166669766065
4,22016,0,0,0.005685659856663168
4,22021,0,0,0.00032371906016263034
4,22026,0,0,0.06705342822256846
4,22027,0,0,0.02732828076012497
4,22036,0,0,0.0037169752081280803
4,22064,0,0,0.009396761827137775
4,22072,0,0,5.042368805021921e-05
4,22076,1,1,0.6153530123045919
4,22080,1,1,0.7353348225797008
4,22082,0,0,0.01890075540072358
4,22086,0,0,0.00034813742126981893
4,22087,1,1,0.9491148938338991
4,22088,0,0,0.023829673169738278
4,22090,0,1,0.7547333341396055
4,22096,0,0,0.07592705430031547
4,22100,0,0,0.007978990473080198
4,22105,0,0,0.001116666182564178
4,22110,0,0,0.03606628102710085
4,22112,0,1,0.5758612485804794
4,22116,0,0,0.009720443616518422
4,22119,0,0,0.042192706863331673
4,22124,0,0,0.018646763010351182
4,22129,1,1,0.5326546059693559
4,22133,0,1,0.8400275696369909
4,22134,0,0,0.13613399053143294
4,22140,0,0,0.009572264127079446
4,22142,0,1,0.9263736267512955
4,22145,0,0,0.05973664809042089
4,22158,0,0,0.03353673374305351
4,22160,0,1,0.7167507588565373
4,22161,0,0,0.023771240436206646
4,22163,1,0,0.4911509292756927
4,22166,0,0,0.00030408931978895737
4,22169,0,1,0.6414931481298701
4,22171,0,0,0.09512304953235508
4,22177,0,1,0.5672182086626331
4,22181,0,0,0.009611815335301466
4,22184,0,0,0.006976394484099876
4,22185,0,0,0.4482223342378593
4,22186,0,0,0.0007121613748657824
4,22190,1,1,0.9774318609224563
4,22195,0,0,0.0005958551076556653
4,22202,1,1,0.9907392406905515
4,22203,0,0,0.0005012678108619281
4,22204,0,0,0.0014216578653797754
4,22205,0,0,0.16773856928462536
4,22208,0,0,0.001039450278249183
4,22211,0,0,0.05193162740348559
4,22218,0,0,0.0015977407728922162
4,22221,0,0,0.2596538211897724
4,22228,0,0,0.02208219058869676
4,22237,0,0,0.00541441071640534
4,22241,0,0,5.0468888595525725e-05
4,22243,0,0,0.2812432079122864
4,22247,0,0,0.019654980494021698
4,22249,0,1,0.8386268118598613
4,22253,0,0,0.09763346643271802
4,22260,0,0,0.0003557729907907952
4,22261,0,0,0.00018725035502375627
4,22265,1,1,0.6009295034948514
4,22266,0,0,0.0009821875370643926
4,22269,1,1,0.7764961920212508
4,22280,0,0,0.01784658107744521
4,22289,0,0,0.0008567200464190728
4,22294,0,0,1.6247711569459038e-05
4,22296,1,0,0.3050566621134319
4,22300,0,0,0.0004927882372494692
4,22307,0,0,0.000624523014971169
4,22308,0,0,0.040265126639098314
4,22315,0,0,0.001922741642529123
4,22337,0,0,0.008721759752771245
4,22344,0,0,0.26165179759886437
4,22348,0,0,0.0045154921595350166
4,22352,0,0,0.058010336695900784
4,22353,0,0,0.07061360576184943
4,22374,0,0,0.03789192636995668
4,22379,0,0,0.03190935645423402
4,22396,0,0,0.00022835591660099854
4,22397,0,0,0.00257620051588494
4,22415,1,0,0.01607279819873414
4,22420,0,0,0.4966933103394209
4,22423,0,0,0.0008014376126619098
4,22425,0,1,0.6791894433139534
4,22433,0,0,0.0074206908329148375
4,22434,0,0,2.1189319692821254e-05
4,22436,0,0,0.09898462082747499
4,22443,0,1,0.6365117876558088
4,22446,0,0,0.02827844512535913
4,22447,0,0,0.017745620333134905
4,22450,0,0,0.06492403499903299
4,22468,0,0,0.10488836719053629
4,22479,0,0,0.023346000077011115
4,22482,0,1,0.7947562351392102
4,22485,0,0,0.00393089525131235
4,22486,1,1,0.9081740480516004
4,22493,0,1,0.8719027771492432
4,22495,1,0,0.08490079391732161
4,22497,0,0,0.06377549458357691
4,22499,0,0,0.0006223102233989529
4,22500,0,1,0.6586088928543123
4,22507,0,0,0.0033119740814142465
4,22519,1,1,0.9667514350809193
4,22521,0,0,0.013697950176156028
4,22525,0,0,0.30467161595732795
4,22530,1,1,0.5598582975422659
4,22532,0,0,0.002332917880572052
4,22536,0,0,0.0004170276679542685
4,22541,0,1,0.5901968778274732
4,22547,1,1,0.9173920459705748
4,22551,0,0,0.0009043288971724193
4,22559,0,0,0.00020491201149592728
4,22565,0,0,0.028827082129964248
4,22568,0,0,0.3102082757551032
4,22571,1,1,0.9692939064829391
4,22573,0,0,0.42157657857519637
4,22583,0,0,0.22711198883909012
4,22594,0,0,0.02078623853872437
4,22596,0,0,0.0058702209826736245
4,22597,0,0,0.44466010785560334
4,22603,1,1,0.7854283393969795
4,22623,0,0,0.0026640714924607203
4,22624,1,1,0.9977319276107138
4,22625,0,0,0.000327821667296506
4,22627,0,0,0.004706946223924192
4,22628,0,1,0.5821038381072178
4,22632,0,0,4.770461384139485e-05
4,22634,0,0,0.010607975427594474
4,22639,0,0,0.085645412399961
4,22644,0,0,0.022575012630536344
4,22650,1,1,0.869639389457237
4,22655,0,0,0.2915981783358955
4,22657,0,0,0.0016926510032038112
4,22659,0,0,5.916473547343436e-05
4,22662,1,1,0.9014832081227693
4,22665,1,1,0.9923698153157887
4,22670,1,1,0.8723228519454688
4,22674,0,0,0.012315183847819666
4,22675,0,0,0.0061661077989814015
4,22679,1,0,0.33116494482106756
4,22680,0,0,0.04597896070401412
4,22688,0,0,0.002543507714950608
4,22689,1,1,0.9734575332830483
4,22693,0,0,0.018672448172964602
4,22694,1,1,0.8713381753421593
4,22697,0,0,0.01633568075503299
4,22700,0,0,0.06835611975831425
4,22702,0,1,0.5714423413661672
4,22703,0,0,0.00010679714409153326
4,22712,1,0,0.17175958949258696
4,22713,1,1,0.6297623456105588
4,22718,0,0,0.0015250638582222959
4,22724,0,0,0.01502395674530094
4,22727,0,0,0.007113826552660004
4,22729,0,0,0.0008259286494299323
4,22739,0,0,0.0018315137469695415
4,22745,1,1,0.9566469185879517
4,22749,0,0,0.17309727632709282
4,22754,0,0,0.07644177714662842
4,22766,0,0,0.025243924526511547
4,22772,0,1,0.7639782404059206
4,22775,0,0,0.0037079045547403914
4,22785,1,1,0.9761582372094566
4,22789,0,1,0.9012138682558015
4,22792,0,0,0.02610481056805956
4,22797,0,0,0.0010206936876261238
4,22804,0,0,0.005200126640190076
4,22821,1,1,0.9956462240326699
4,22829,0,0,0.15354123470138226
4,22835,1,0,0.00016408631056000954
4,22844,0,0,0.023134820362114936
4,22849,0,0,0.08449556953547514
4,22851,0,0,0.0002868485412924981
4,22856,0,0,0.06479554113352157
4,22859,0,0,0.10495047050562357
4,22860,1,1,0.9083535310730344
4,22864,1,0,0.4031225880433045
4,22866,0,0,0.021799259427075852
4,22867,0,0,0.0002876522433618941
4,22877,0,0,0.02847296120027442
4,22879,0,0,0.07093866225402001
4,22889,0,0,2.3933797684305995e-05
4,22898,0,0,0.04785546605642138
4,22910,0,0,0.22332937139244344
4,22911,0,0,0.005256541619953584
4,22933,0,0,0.012959135556384537
4,22935,0,0,0.01004989571746118
4,22939,0,0,0.005754077846740578
4,22940,1,1,0.9106280342114096
4,22957,0,0,0.06861198579698007
4,22967,1,1,0.9988908185027047
4,22975,0,0,0.017171252210648556
4,22976,0,0,0.006487933608399892
4,22978,1,1,0.7359881454467223
4,22982,1,1,0.9393152395790471
4,22990,0,0,0.011879459080804962
4,22995,0,1,0.6407063665114312
4,22999,0,0,0.00065704251503279
4,23000,1,0,0.42346448586948876
4,23015,0,0,0.007104831791534345
4,23020,0,0,0.04679164704217914
4,23031,0,0,0.04033422198812775
4,23035,0,0,0.0002233903950653614
4,23039,0,0,0.1439792979493367
4,23041,0,1,0.5750551870064236
4,23045,0,0,0.10977831199585028
4,23051,0,0,8.672324006384024e-05
4,23061,0,1,0.9401760523757149
4,23062,0,0,0.020287506585049544
4,23064,0,0,0.0038419685051135953
4,23065,0,0,0.3820349763513202
4,23077,0,0,0.0062286454575855065
4,23081,0,0,0.024390189184621533
4,23084,0,0,0.00011878416002201325
4,23088,0,0,0.00134865067688013
4,23091,0,0,0.21616700188684354
4,23092,0,0,0.0002530477810035134
4,23099,0,0,0.10600883233920665
4,23101,0,0,0.10913778119921962
4,23116,0,0,0.0003991991017514044
4,23119,0,0,0.27630612803803684
4,23127,0,0,0.009719750606648989
4,23128,1,1,0.5315907571136426
4,23134,0,0,0.00224553906318111
4,23145,0,1,0.5849990780447272
4,23147,0,0,0.0080552499877097
4,23158,0,0,0.08816553704700096
4,23161,1,1,0.9679727386065233
4,23172,0,0,0.02715861571110203
4,23183,0,0,0.10988390821473426
4,23190,0,0,0.145616492366516
4,23194,1,1,0.5990839852062586
4,23199,0,1,0.647738990085718
4,23202,0,0,0.005119455858029176
4,23204,0,0,0.0037106373214471863
4,23210,0,0,0.032121440552897645
4,23214,0,0,0.011167883533157027
4,23216,1,1,0.8941974974445294
4,23220,0,0,0.004080254926836965
4,23222,1,1,0.9264008225806951
4,23227,0,0,0.2415790341246301
4,23228,0,0,0.0009396151209165267
4,23232,0,0,0.47797363506592994
4,23239,0,0,0.012159974844972575
4,23245,1,0,0.30558242371101646
4,23246,0,0,0.03627865435265519
4,23258,0,0,0.03441814830696555
4,23262,0,0,0.0687311570569189
4,23284,1,1,0.8733970384178872
4,23296,0,0,0.001404768641015218
4,23300,0,0,0.010890313379238657
4,23301,1,1,0.6128229546745704
4,23310,0,1,0.9618151912899914
4,23313,0,0,0.0015106710286960628
4,23317,0,0,0.008572163801064807
4,23330,0,1,0.9950792388406999
4,23337,0,1,0.8062178174957049
4,23350,0,0,0.001583564469691403
4,23354,1,1,0.99561612877652
4,23356,0,0,0.010230643237966342
4,23360,0,1,0.8382157984891923
4,23368,0,0,0.07893370170417004
4,23369,0,1,0.7199239979811728
4,23385,1,0,0.29963807467601833
4,23392,0,1,0.9138473446464345
4,23394,1,1,0.7993567207839647
4,23398,0,0,7.70426509149469e-05
4,23400,0,0,0.026219088287750443
4,23406,0,0,0.0006872339624347829
4,23408,0,1,0.88104855548717
4,23419,1,1,0.8154926154905762
4,23429,0,0,1.0156512394902314e-05
4,23430,0,0,0.00038483812466575534
4,23432,0,0,0.005310069267142962
4,23434,1,1,0.9600044146369255
4,23444,0,0,0.004173043249827939
4,23445,1,1,0.8527636070215956
4,23451,0,0,0.010192309692369655
4,23453,0,0,0.003782752229812546
4,23457,1,1,0.9829490553759384
4,23461,0,0,0.15067612251250975
4,23466,1,1,0.6950247043616021
4,23474,0,0,0.0642055725600794
4,23477,0,0,0.003997555441417045
4,23481,0,0,0.0040104511793232584
4,23513,0,0,0.00011063589658850946
4,23514,0,0,0.0529167467682233
4,23520,0,0,0.0018481605597109262
4,23523,0,0,0.0025242742408838584
4,23527,0,0,5.481308152869994e-05
4,23529,0,0,0.0035610875393272687
4,23539,0,0,0.0002192456697772965
4,23544,0,0,0.02220048392851463
4,23545,0,0,0.009186201245288557
4,23546,0,0,0.05484591124975612
4,23553,0,0,0.0004874624449239988
4,23555,1,1,0.995246832319638
4,23559,0,0,0.0022740433117843734
4,23562,0,0,0.009858516198332286
4,23565,0,0,0.0015855978280454937
4,23568,0,0,5.920237044157934e-06
4,23569,1,1,0.9984015723354386
4,23570,1,1,0.9306915102569576
4,23575,0,0,0.0012908864970393851
4,23576,0,0,0.39536448016455966
4,23580,1,1,0.8520701024248089
4,23591,1,1,0.8721137485003173
4,23592,1,1,0.999443111893583
4,23597,0,0,0.0010405715027354708
4,23598,1,1,0.9067465675028219
4,23601,0,0,0.0014054343632644909
4,23612,0,0,0.00016800560330842502
4,23614,0,0,0.05700321675951237
4,23623,1,1,0.7247684424349731
4,23627,1,1,0.9245831929159338
4,23630,0,0,0.0009373436111246619
4,23633,1,1,0.9837884966005928
4,23634,0,0,0.24290298344588898
4,23639,0,0,0.07001830208593139
4,23647,0,0,0.3947374013739035
4,23660,0,0,0.00013931166970765848
4,23662,0,0,0.05929189037710167
4,23669,0,1,0.8377536317858186
4,23671,1,1,0.9426513091408717
4,23672,0,0,0.16387455868897416
4,23685,1,0,0.4526389375942267
4,23689,0,0,0.0028871363192736043
4,23698,0,0,0.025164161088362152
4,23701,1,1,0.5404259360356275
4,23702,0,0,0.033362349370263084
4,23705,0,0,0.011798549289309195
4,23712,0,0,0.15552710011802484
4,23725,0,1,0.7236039722728547
4,23727,1,1,0.980372506313284
4,23729,0,0,0.24867963470721807
4,23743,0,0,0.10471799396656782
4,23746,0,0,0.0005204699235209817
4,23756,0,0,0.0013428619460123608
4,23757,0,0,0.03857061173310233
4,23763,0,0,0.16760106933164226
4,23781,0,0,0.2485531058276954
4,23785,1,0,0.12832215441129124
4,23792,0,0,0.0645893250434318
4,23798,0,1,0.7834438785550387
4,23801,0,0,0.07000112175174951
4,23805,0,0,0.21248014453344052
4,23811,1,1,0.9959585399938244
4,23816,1,1,0.9731586246746303
4,23819,1,1,0.9952886105775318
4,23822,0,0,0.009622982034616947
4,23824,0,0,0.0021623690997148903
4,23827,0,0,0.0007141957651517541
4,23832,0,0,0.03348495996618491
4,23839,0,0,0.00029119383929191063
4,23840,1,0,0.35839846295792144
4,23842,1,0,0.3545050471379971
4,23843,1,1,0.9280496179575138
4,23849,0,0,0.003450701995330873
4,23856,0,0,0.001960983058908169
4,23857,0,0,0.013506142276761907
4,23858,0,0,0.29360216391660443
4,23859,1,0,0.03118402304760514
4,23868,1,1,0.7748350704771378
4,23869,0,0,0.019208177276292877
4,23877,1,0,0.09996096471322803
4,23883,0,0,0.10942355536592671
4,23897,0,0,0.008832939835936698
4,23903,0,1,0.8002646494251479
4,23904,0,0,0.035094855521296923
4,23905,0,0,0.027274153452708567
4,23912,1,0,0.28407760292164325
4,23914,0,0,0.0014379073050258004
4,23941,0,0,0.025440410178427734
4,23942,0,0,0.023757272283618784
4,23943,1,1,0.9991096834559714
4,23962,0,0,0.001927807580393148
4,23970,0,0,0.279921317408035
4,23971,1,1,0.9963105150862359
4,23976,0,0,0.0062457221618807
4,23985,0,0,0.0004208140545079708
4,23990,0,0,0.13462790215029852
4,23995,1,1,0.6861093303635739
4,23998,0,0,0.07676964378279039
4,23999,1,1,0.8654231247301379
